Nam,Vung,Nhiet_do_Trung_binh (Celsius),Nhiet_do_Trung_binh_Cao_nhat (Celsius),Nhiet_do_Trung_binh_Thap_nhat (Celsius),Do am Tuong doi (%),Tong Luong mua (mm),LoaiCayTrong,Sanluong (nghin tan),Dientich (nghin ha)
1995,An Giang,27.56,31.95,24.39,75.97,1713.66,Khoai,2.2,0.2
1995,An Giang,27.56,31.95,24.39,75.97,1713.66,Lua dong xuan,1088.9,178
1995,An Giang,27.56,31.95,24.39,75.97,1713.66,Lua he thu,770,185
1995,An Giang,27.56,31.95,24.39,75.97,1713.66,Lua mi,1.6,1.9
1995,An Giang,27.56,31.95,24.39,75.97,1713.66,Lua mua,33.6,28.8
1995,An Giang,27.56,31.95,24.39,75.97,1713.66,Ngo,57.8,8.8
1995,An Giang,27.56,31.95,24.39,75.97,1713.66,San,11.6,1.4
1996,An Giang,27.2,31.43,24.27,79.27,2124.96,Khoai,2,0.2
1996,An Giang,27.2,31.43,24.27,79.27,2124.96,Lua dong xuan,1132.5,188.2
1996,An Giang,27.2,31.43,24.27,79.27,2124.96,Lua he thu,795.7,206.7
1996,An Giang,27.2,31.43,24.27,79.27,2124.96,Lua mi,2.3,1.6
1996,An Giang,27.2,31.43,24.27,79.27,2124.96,Lua mua,43.3,22.3
1996,An Giang,27.2,31.43,24.27,79.27,2124.96,Ngo,56.2,8.6
1996,An Giang,27.2,31.43,24.27,79.27,2124.96,San,18.4,1.2
1997,An Giang,27.52,31.78,24.47,78.04,1561,Khoai,1.2,0.1
1997,An Giang,27.52,31.78,24.47,78.04,1561,Lua dong xuan,1307.6,209.8
1997,An Giang,27.52,31.78,24.47,78.04,1561,Lua he thu,649.8,190
1997,An Giang,27.52,31.78,24.47,78.04,1561,Lua mi,8.4,5.6
1997,An Giang,27.52,31.78,24.47,78.04,1561,Lua mua,23.1,15.2
1997,An Giang,27.52,31.78,24.47,78.04,1561,Ngo,17.9,4.7
1997,An Giang,27.52,31.78,24.47,78.04,1561,San,14.9,1.1
1998,An Giang,28.22,32.56,25.18,76.69,1958.68,Khoai,2.5,0.3
1998,An Giang,28.22,32.56,25.18,76.69,1958.68,Lua dong xuan,1308.7,212.5
1998,An Giang,28.22,32.56,25.18,76.69,1958.68,Lua he thu,710.5,200
1998,An Giang,28.22,32.56,25.18,76.69,1958.68,Lua mi,1.1,3.6
1998,An Giang,28.22,32.56,25.18,76.69,1958.68,Lua mua,25.4,16.7
1998,An Giang,28.22,32.56,25.18,76.69,1958.68,Ngo,17,4.3
1998,An Giang,28.22,32.56,25.18,76.69,1958.68,San,9,1
1999,An Giang,26.95,30.85,24.3,81.3,2333.7,Khoai,5.5,0.4
1999,An Giang,26.95,30.85,24.3,81.3,2333.7,Lua dong xuan,1258.8,216.6
1999,An Giang,26.95,30.85,24.3,81.3,2333.7,Lua he thu,814.5,231.5
1999,An Giang,26.95,30.85,24.3,81.3,2333.7,Lua mi,3.2,3.2
1999,An Giang,26.95,30.85,24.3,81.3,2333.7,Lua mua,26.7,14.8
1999,An Giang,26.95,30.85,24.3,81.3,2333.7,Ngo,9.7,5.1
1999,An Giang,26.95,30.85,24.3,81.3,2333.7,San,23.5,1.3
2000,An Giang,27.31,31.3,24.58,80.37,2063.71,Khoai,5.8,0.4
2000,An Giang,27.31,31.3,24.58,80.37,2063.71,Lua dong xuan,1344.9,220.4
2000,An Giang,27.31,31.3,24.58,80.37,2063.71,Lua he thu,807,232.8
2000,An Giang,27.31,31.3,24.58,80.37,2063.71,Lua mi,0,0
2000,An Giang,27.31,31.3,24.58,80.37,2063.71,Lua mua,25.8,11.2
2000,An Giang,27.31,31.3,24.58,80.37,2063.71,Ngo,10.5,5.1
2000,An Giang,27.31,31.3,24.58,80.37,2063.71,San,8.1,0.6
2001,An Giang,27.56,31.55,24.78,79.25,1847.46,Khoai,4.3,0.2
2001,An Giang,27.56,31.55,24.78,79.25,1847.46,Lua dong xuan,1231.8,221.7
2001,An Giang,27.56,31.55,24.78,79.25,1847.46,Lua he thu,849.4,225.9
2001,An Giang,27.56,31.55,24.78,79.25,1847.46,Lua mi,0,0
2001,An Giang,27.56,31.55,24.78,79.25,1847.46,Lua mua,32.2,11.5
2001,An Giang,27.56,31.55,24.78,79.25,1847.46,Ngo,41.5,7.2
2001,An Giang,27.56,31.55,24.78,79.25,1847.46,San,72.7,4.1
2002,An Giang,28.3,32.68,25.14,73.87,1497.69,Khoai,8.1,0.4
2002,An Giang,28.3,32.68,25.14,73.87,1497.69,Lua dong xuan,1430.9,218.8
2002,An Giang,28.3,32.68,25.14,73.87,1497.69,Lua he thu,1139.2,246.6
2002,An Giang,28.3,32.68,25.14,73.87,1497.69,Lua mi,0,0
2002,An Giang,28.3,32.68,25.14,73.87,1497.69,Lua mua,23.6,11.8
2002,An Giang,28.3,32.68,25.14,73.87,1497.69,Ngo,45.5,7.7
2002,An Giang,28.3,32.68,25.14,73.87,1497.69,San,65.6,3.7
2003,An Giang,27.98,32.22,24.95,75.46,1853.57,Khoai,8.1,0.4
2003,An Giang,27.98,32.22,24.95,75.46,1853.57,Lua dong xuan,1413.9,220.5
2003,An Giang,27.98,32.22,24.95,75.46,1853.57,Lua he thu,1250.6,275.2
2003,An Giang,27.98,32.22,24.95,75.46,1853.57,Lua mi,0,0
2003,An Giang,27.98,32.22,24.95,75.46,1853.57,Lua mua,21.8,8.3
2003,An Giang,27.98,32.22,24.95,75.46,1853.57,Ngo,62.5,9.1
2003,An Giang,27.98,32.22,24.95,75.46,1853.57,San,88.1,4.5
2004,An Giang,27.8,31.87,24.7,75.64,1465.58,Khoai,6.3,0.3
2004,An Giang,27.8,31.87,24.7,75.64,1465.58,Lua dong xuan,1436.4,220.3
2004,An Giang,27.8,31.87,24.7,75.64,1465.58,Lua he thu,1546.8,294
2004,An Giang,27.8,31.87,24.7,75.64,1465.58,Lua mi,-4.55E-13,0
2004,An Giang,27.8,31.87,24.7,75.64,1465.58,Lua mua,23.7,8.7
2004,An Giang,27.8,31.87,24.7,75.64,1465.58,Ngo,72.3,9.6
2004,An Giang,27.8,31.87,24.7,75.64,1465.58,San,2.8,0.2
2005,An Giang,27.72,31.65,24.78,76.28,1670.52,Khoai,7.7,0.3
2005,An Giang,27.72,31.65,24.78,76.28,1670.52,Lua dong xuan,1547.6,223.3
2005,An Giang,27.72,31.65,24.78,76.28,1670.52,Lua he thu,1568.7,298.1
2005,An Giang,27.72,31.65,24.78,76.28,1670.52,Lua mi,0,0
2005,An Giang,27.72,31.65,24.78,76.28,1670.52,Lua mua,25.3,8.3
2005,An Giang,27.72,31.65,24.78,76.28,1670.52,Ngo,76.8,9.8
2005,An Giang,27.72,31.65,24.78,76.28,1670.52,San,14.5,0.6
2006,An Giang,27.67,31.63,24.85,77.57,1796.44,Khoai,6.3,0.4
2006,An Giang,27.67,31.63,24.85,77.57,1796.44,Lua dong xuan,1572.7,231.1
2006,An Giang,27.67,31.63,24.85,77.57,1796.44,Lua he thu,1327,265.1
2006,An Giang,27.67,31.63,24.85,77.57,1796.44,Lua mi,0,0
2006,An Giang,27.67,31.63,24.85,77.57,1796.44,Lua mua,23.5,7.3
2006,An Giang,27.67,31.63,24.85,77.57,1796.44,Ngo,76,10
2006,An Giang,27.67,31.63,24.85,77.57,1796.44,San,18.2,0.8
2007,An Giang,27.59,31.73,24.66,77.76,1979.86,Khoai,3.4,0.2
2007,An Giang,27.59,31.73,24.66,77.76,1979.86,Lua dong xuan,1639.6,230.6
2007,An Giang,27.59,31.73,24.66,77.76,1979.86,Lua he thu,1486.3,282.5
2007,An Giang,27.59,31.73,24.66,77.76,1979.86,Lua mi,0,0
2007,An Giang,27.59,31.73,24.66,77.76,1979.86,Lua mua,17,7.2
2007,An Giang,27.59,31.73,24.66,77.76,1979.86,Ngo,80.1,10.5
2007,An Giang,27.59,31.73,24.66,77.76,1979.86,San,16.1,0.7
2008,An Giang,27.35,31.57,24.46,78.34,2131.14,Khoai,4.4,0.2
2008,An Giang,27.35,31.57,24.46,78.34,2131.14,Lua dong xuan,1694.8,231.7
2008,An Giang,27.35,31.57,24.46,78.34,2131.14,Lua he thu,1788,324.7
2008,An Giang,27.35,31.57,24.46,78.34,2131.14,Lua mi,0,0
2008,An Giang,27.35,31.57,24.46,78.34,2131.14,Lua mua,31,8.1
2008,An Giang,27.35,31.57,24.46,78.34,2131.14,Ngo,85.6,11.5
2008,An Giang,27.35,31.57,24.46,78.34,2131.14,San,23.9,1
2009,An Giang,27.53,31.73,24.61,79.2,1691.58,Khoai,2.1,0.1
2009,An Giang,27.53,31.73,24.61,79.2,1691.58,Lua dong xuan,1677.2,234.1
2009,An Giang,27.53,31.73,24.61,79.2,1691.58,Lua he thu,1715.8,315.6
2009,An Giang,27.53,31.73,24.61,79.2,1691.58,Lua mi,0,0
2009,An Giang,27.53,31.73,24.61,79.2,1691.58,Lua mua,28.5,7.6
2009,An Giang,27.53,31.73,24.61,79.2,1691.58,Ngo,65.1,9.2
2009,An Giang,27.53,31.73,24.61,79.2,1691.58,San,13,0.5
2010,An Giang,28.08,32.49,25.09,77.69,2133.19,Khoai,3.7,0.2
2010,An Giang,28.08,32.49,25.09,77.69,2133.19,Lua dong xuan,1708.9,234.2
2010,An Giang,28.08,32.49,25.09,77.69,2133.19,Lua he thu,1920.9,347
2010,An Giang,28.08,32.49,25.09,77.69,2133.19,Lua mi,0,0
2010,An Giang,28.08,32.49,25.09,77.69,2133.19,Lua mua,23.3,5.4
2010,An Giang,28.08,32.49,25.09,77.69,2133.19,Ngo,68.4,9.8
2010,An Giang,28.08,32.49,25.09,77.69,2133.19,San,21.6,0.8
2011,An Giang,27.46,31.63,24.6,78.27,1878.89,Khoai,6.4,0.3
2011,An Giang,27.46,31.63,24.6,78.27,1878.89,Lua dong xuan,1768.8,235.5
2011,An Giang,27.46,31.63,24.6,78.27,1878.89,Lua he thu,2064.7,366.7
2011,An Giang,27.46,31.63,24.6,78.27,1878.89,Lua mi,-4.55E-13,0
2011,An Giang,27.46,31.63,24.6,78.27,1878.89,Lua mua,23.3,5.4
2011,An Giang,27.46,31.63,24.6,78.27,1878.89,Ngo,76.8,10.4
2011,An Giang,27.46,31.63,24.6,78.27,1878.89,San,3.2,1.1
2012,An Giang,27.89,32.18,25.01,79.15,1965.37,Khoai,5.6,0.3
2012,An Giang,27.89,32.18,25.01,79.15,1965.37,Lua dong xuan,1746.1,235.9
2012,An Giang,27.89,32.18,25.01,79.15,1965.37,Lua he thu,2165.8,383.3
2012,An Giang,27.89,32.18,25.01,79.15,1965.37,Lua mi,0,-1.14E-13
2012,An Giang,27.89,32.18,25.01,79.15,1965.37,Lua mua,29.7,5.9
2012,An Giang,27.89,32.18,25.01,79.15,1965.37,Ngo,75.8,10.7
2012,An Giang,27.89,32.18,25.01,79.15,1965.37,San,27.3,1
2013,An Giang,27.88,32.08,25.03,77.72,2006.13,Khoai,6.5,0.3
2013,An Giang,27.88,32.08,25.03,77.72,2006.13,Lua dong xuan,1749.4,238.1
2013,An Giang,27.88,32.08,25.03,77.72,2006.13,Lua he thu,2244.6,397.9
2013,An Giang,27.88,32.08,25.03,77.72,2006.13,Lua mi,0,1.14E-13
2013,An Giang,27.88,32.08,25.03,77.72,2006.13,Lua mua,27.4,5.4
2013,An Giang,27.88,32.08,25.03,77.72,2006.13,Ngo,81.9,11.3
2013,An Giang,27.88,32.08,25.03,77.72,2006.13,San,18,0.7
2014,An Giang,27.84,32.16,24.82,77.35,1781.01,Khoai,12.4,0.7
2014,An Giang,27.84,32.16,24.82,77.35,1781.01,Lua dong xuan,1837.2,237.5
2014,An Giang,27.84,32.16,24.82,77.35,1781.01,Lua he thu,2161.4,383.2
2014,An Giang,27.84,32.16,24.82,77.35,1781.01,Lua mi,0,0
2014,An Giang,27.84,32.16,24.82,77.35,1781.01,Lua mua,24.3,5.1
2014,An Giang,27.84,32.16,24.82,77.35,1781.01,Ngo,77.5,9.6
2014,An Giang,27.84,32.16,24.82,77.35,1781.01,San,19.4,0.8
2015,An Giang,28.28,32.73,25.12,75.25,1499.42,Khoai,3.4,0.2
2015,An Giang,28.28,32.73,25.12,75.25,1499.42,Lua dong xuan,1804.4,238.6
2015,An Giang,28.28,32.73,25.12,75.25,1499.42,Lua he thu,2250.1,400.3
2015,An Giang,28.28,32.73,25.12,75.25,1499.42,Lua mi,0.1,-1.14E-13
2015,An Giang,28.28,32.73,25.12,75.25,1499.42,Lua mua,19.2,5.3
2015,An Giang,28.28,32.73,25.12,75.25,1499.42,Ngo,63.7,8.6
2015,An Giang,28.28,32.73,25.12,75.25,1499.42,San,15.4,0.7
2016,An Giang,28.43,32.61,25.5,76.7,1953.04,Khoai,4.8,0.2
2016,An Giang,28.43,32.61,25.5,76.7,1953.04,Lua dong xuan,1719.9,239.3
2016,An Giang,28.43,32.61,25.5,76.7,1953.04,Lua he thu,2234.6,424.7
2016,An Giang,28.43,32.61,25.5,76.7,1953.04,Lua mi,0.1,0
2016,An Giang,28.43,32.61,25.5,76.7,1953.04,Lua mua,20.1,5
2016,An Giang,28.43,32.61,25.5,76.7,1953.04,Ngo,60.9,8.1
2016,An Giang,28.43,32.61,25.5,76.7,1953.04,San,26.3,1.3
2017,An Giang,27.72,31.63,25.07,80.78,2301.93,Khoai,4.8,0.3
2017,An Giang,27.72,31.63,25.07,80.78,2301.93,Lua dong xuan,1660.4,236.2
2017,An Giang,27.72,31.63,25.07,80.78,2301.93,Lua he thu,2202,399.9
2017,An Giang,27.72,31.63,25.07,80.78,2301.93,Lua mi,0,0
2017,An Giang,27.72,31.63,25.07,80.78,2301.93,Lua mua,17.2,5
2017,An Giang,27.72,31.63,25.07,80.78,2301.93,Ngo,63.1,8.3
2017,An Giang,27.72,31.63,25.07,80.78,2301.93,San,28.5,1.4
2018,An Giang,27.86,31.91,25.08,79.29,2012.23,Khoai,3,169
2018,An Giang,27.86,31.91,25.08,79.29,2012.23,Lua dong xuan,1727.4,235
2018,An Giang,27.86,31.91,25.08,79.29,2012.23,Lua he thu,2199.1,388
2018,An Giang,27.86,31.91,25.08,79.29,2012.23,Lua mi,0,0
2018,An Giang,27.86,31.91,25.08,79.29,2012.23,Lua mua,0.3,0.1
2018,An Giang,27.86,31.91,25.08,79.29,2012.23,Ngo,61,7.5
2018,An Giang,27.86,31.91,25.08,79.29,2012.23,San,18.6,0.8
2019,An Giang,28.12,32.33,25.08,76.77,1625.89,Khoai,3.1,176
2019,An Giang,28.12,32.33,25.08,76.77,1625.89,Lua dong xuan,1659.3,233.7
2019,An Giang,28.12,32.33,25.08,76.77,1625.89,Lua he thu,2241,387.8
2019,An Giang,28.12,32.33,25.08,76.77,1625.89,Lua mi,0,-0.1
2019,An Giang,28.12,32.33,25.08,76.77,1625.89,Lua mua,19,4.8
2019,An Giang,28.12,32.33,25.08,76.77,1625.89,Ngo,44.1,6
2019,An Giang,28.12,32.33,25.08,76.77,1625.89,San,19.9,0.8
2020,An Giang,28.09,32.19,25.11,77.67,1909.41,Khoai,2.5,149
2020,An Giang,28.09,32.19,25.11,77.67,1909.41,Lua dong xuan,1645.2,229.4
2020,An Giang,28.09,32.19,25.11,77.67,1909.41,Lua he thu,2348.6,403
2020,An Giang,28.09,32.19,25.11,77.67,1909.41,Lua mi,-0.1,-1.14E-13
2020,An Giang,28.09,32.19,25.11,77.67,1909.41,Lua mua,20.3,4.8
2020,An Giang,28.09,32.19,25.11,77.67,1909.41,Ngo,44.5,5.7
2020,An Giang,28.09,32.19,25.11,77.67,1909.41,San,9,0.4
2021,An Giang,27.62,31.48,24.89,78.87,2016.72,Khoai,1.8,98
2021,An Giang,27.62,31.48,24.89,78.87,2016.72,Lua dong xuan,1771.8,230.4
2021,An Giang,27.62,31.48,24.89,78.87,2016.72,Lua he thu,2350.8,390
2021,An Giang,27.62,31.48,24.89,78.87,2016.72,Lua mi,0,0
2021,An Giang,27.62,31.48,24.89,78.87,2016.72,Lua mua,20.5,4.5
2021,An Giang,27.62,31.48,24.89,78.87,2016.72,Ngo,41.7,5.2
2021,An Giang,27.62,31.48,24.89,78.87,2016.72,San,15.4,0.7
2022,An Giang,27.82,31.75,25.15,79.14,2191.75,Khoai,2.2,108.1
2022,An Giang,27.82,31.75,25.15,79.14,2191.75,Lua dong xuan,1685.9,229.8
2022,An Giang,27.82,31.75,25.15,79.14,2191.75,Lua he thu,2242.8,371
2022,An Giang,27.82,31.75,25.15,79.14,2191.75,Lua mi,0,0
2022,An Giang,27.82,31.75,25.15,79.14,2191.75,Lua mua,15.2,3.6
2022,An Giang,27.82,31.75,25.15,79.14,2191.75,Ngo,52.4,6.2
2022,An Giang,27.82,31.75,25.15,79.14,2191.75,San,15.8,0.8
2023,An Giang,28.22,32.01,25.45,79.25,1934.29,Khoai,1.8,97.5
2023,An Giang,28.22,32.01,25.45,79.25,1934.29,Lua dong xuan,1719.4,227.7
2023,An Giang,28.22,32.01,25.45,79.25,1934.29,Lua he thu,2334.6,385
2023,An Giang,28.22,32.01,25.45,79.25,1934.29,Lua mi,0,0
2023,An Giang,28.22,32.01,25.45,79.25,1934.29,Lua mua,13.7,3.5
2023,An Giang,28.22,32.01,25.45,79.25,1934.29,Ngo,42.1,5.5
2023,An Giang,28.22,32.01,25.45,79.25,1934.29,San,15.9,0.8
2024,An Giang,28.73,32.55,25.84,78.51,2030.66,Khoai,1.3,70.1
2024,An Giang,28.73,32.55,25.84,78.51,2030.66,Lua dong xuan,1695.5,227.8
2024,An Giang,28.73,32.55,25.84,78.51,2030.66,Lua he thu,2359.6,387.3
2024,An Giang,28.73,32.55,25.84,78.51,2030.66,Lua mi,0,-1.14E-13
2024,An Giang,28.73,32.55,25.84,78.51,2030.66,Lua mua,13.6,3.5
2024,An Giang,28.73,32.55,25.84,78.51,2030.66,Ngo,41.7,5.7
2024,An Giang,28.73,32.55,25.84,78.51,2030.66,San,14.5,0.7
1995,Ba Ria-Vung Tau,26.75,29.82,24.58,81.56,2050.96,Khoai,4,1.4
1995,Ba Ria-Vung Tau,26.75,29.82,24.58,81.56,2050.96,Lua dong xuan,13.3,3.7
1995,Ba Ria-Vung Tau,26.75,29.82,24.58,81.56,2050.96,Lua he thu,13.8,5
1995,Ba Ria-Vung Tau,26.75,29.82,24.58,81.56,2050.96,Lua mi,-1.42E-14,0
1995,Ba Ria-Vung Tau,26.75,29.82,24.58,81.56,2050.96,Lua mua,33,13.7
1995,Ba Ria-Vung Tau,26.75,29.82,24.58,81.56,2050.96,Ngo,32.7,14.3
1995,Ba Ria-Vung Tau,26.75,29.82,24.58,81.56,2050.96,San,90.1,7.8
1996,Ba Ria-Vung Tau,26.48,29.44,24.38,83.4,2169.31,Khoai,3.9,1
1996,Ba Ria-Vung Tau,26.48,29.44,24.38,83.4,2169.31,Lua dong xuan,14.7,4
1996,Ba Ria-Vung Tau,26.48,29.44,24.38,83.4,2169.31,Lua he thu,13,4.2
1996,Ba Ria-Vung Tau,26.48,29.44,24.38,83.4,2169.31,Lua mi,0,0
1996,Ba Ria-Vung Tau,26.48,29.44,24.38,83.4,2169.31,Lua mua,36.2,13.1
1996,Ba Ria-Vung Tau,26.48,29.44,24.38,83.4,2169.31,Ngo,50,15.7
1996,Ba Ria-Vung Tau,26.48,29.44,24.38,83.4,2169.31,San,39.3,6.7
1997,Ba Ria-Vung Tau,26.9,30.01,24.76,80.9,1738.27,Khoai,2.9,0.8
1997,Ba Ria-Vung Tau,26.9,30.01,24.76,80.9,1738.27,Lua dong xuan,13.4,3.7
1997,Ba Ria-Vung Tau,26.9,30.01,24.76,80.9,1738.27,Lua he thu,9.5,3.9
1997,Ba Ria-Vung Tau,26.9,30.01,24.76,80.9,1738.27,Lua mi,0,-7.11E-15
1997,Ba Ria-Vung Tau,26.9,30.01,24.76,80.9,1738.27,Lua mua,33.7,14.2
1997,Ba Ria-Vung Tau,26.9,30.01,24.76,80.9,1738.27,Ngo,51.8,16.1
1997,Ba Ria-Vung Tau,26.9,30.01,24.76,80.9,1738.27,San,81.1,5.1
1998,Ba Ria-Vung Tau,27.45,30.51,25.42,81.42,2002.05,Khoai,3.4,0.8
1998,Ba Ria-Vung Tau,27.45,30.51,25.42,81.42,2002.05,Lua dong xuan,15.8,4.4
1998,Ba Ria-Vung Tau,27.45,30.51,25.42,81.42,2002.05,Lua he thu,12.2,4.4
1998,Ba Ria-Vung Tau,27.45,30.51,25.42,81.42,2002.05,Lua mi,0,0
1998,Ba Ria-Vung Tau,27.45,30.51,25.42,81.42,2002.05,Lua mua,42.2,13.7
1998,Ba Ria-Vung Tau,27.45,30.51,25.42,81.42,2002.05,Ngo,56.4,16.5
1998,Ba Ria-Vung Tau,27.45,30.51,25.42,81.42,2002.05,San,71.7,4.5
1999,Ba Ria-Vung Tau,26.59,29.49,24.61,84,2314.7,Khoai,3.5,0.8
1999,Ba Ria-Vung Tau,26.59,29.49,24.61,84,2314.7,Lua dong xuan,16.7,4.5
1999,Ba Ria-Vung Tau,26.59,29.49,24.61,84,2314.7,Lua he thu,16,5.3
1999,Ba Ria-Vung Tau,26.59,29.49,24.61,84,2314.7,Lua mi,-1.42E-14,0
1999,Ba Ria-Vung Tau,26.59,29.49,24.61,84,2314.7,Lua mua,37.2,15.8
1999,Ba Ria-Vung Tau,26.59,29.49,24.61,84,2314.7,Ngo,56.4,17.2
1999,Ba Ria-Vung Tau,26.59,29.49,24.61,84,2314.7,San,53.8,3.6
2000,Ba Ria-Vung Tau,26.7,29.63,24.7,83.54,2184.46,Khoai,5.9,1.3
2000,Ba Ria-Vung Tau,26.7,29.63,24.7,83.54,2184.46,Lua dong xuan,17.8,4.8
2000,Ba Ria-Vung Tau,26.7,29.63,24.7,83.54,2184.46,Lua he thu,17.9,5.8
2000,Ba Ria-Vung Tau,26.7,29.63,24.7,83.54,2184.46,Lua mi,-2.84E-14,0
2000,Ba Ria-Vung Tau,26.7,29.63,24.7,83.54,2184.46,Lua mua,44.2,16.2
2000,Ba Ria-Vung Tau,26.7,29.63,24.7,83.54,2184.46,Ngo,68.2,19.3
2000,Ba Ria-Vung Tau,26.7,29.63,24.7,83.54,2184.46,San,53,3.7
2001,Ba Ria-Vung Tau,26.94,29.96,24.9,82.49,1898.82,Khoai,2.5,0.6
2001,Ba Ria-Vung Tau,26.94,29.96,24.9,82.49,1898.82,Lua dong xuan,17.7,4.7
2001,Ba Ria-Vung Tau,26.94,29.96,24.9,82.49,1898.82,Lua he thu,18.7,6.2
2001,Ba Ria-Vung Tau,26.94,29.96,24.9,82.49,1898.82,Lua mi,0,0
2001,Ba Ria-Vung Tau,26.94,29.96,24.9,82.49,1898.82,Lua mua,46.3,16.6
2001,Ba Ria-Vung Tau,26.94,29.96,24.9,82.49,1898.82,Ngo,66.7,19
2001,Ba Ria-Vung Tau,26.94,29.96,24.9,82.49,1898.82,San,111.8,6.9
2002,Ba Ria-Vung Tau,27.2,30.43,25.06,79.51,1746.84,Khoai,1.7,0.6
2002,Ba Ria-Vung Tau,27.2,30.43,25.06,79.51,1746.84,Lua dong xuan,15,4.7
2002,Ba Ria-Vung Tau,27.2,30.43,25.06,79.51,1746.84,Lua he thu,15.5,5.6
2002,Ba Ria-Vung Tau,27.2,30.43,25.06,79.51,1746.84,Lua mi,0,7.11E-15
2002,Ba Ria-Vung Tau,27.2,30.43,25.06,79.51,1746.84,Lua mua,41,14.9
2002,Ba Ria-Vung Tau,27.2,30.43,25.06,79.51,1746.84,Ngo,67.5,18.4
2002,Ba Ria-Vung Tau,27.2,30.43,25.06,79.51,1746.84,San,83.5,5.2
2003,Ba Ria-Vung Tau,26.96,30,24.92,80.91,2078.21,Khoai,1.7,0.5
2003,Ba Ria-Vung Tau,26.96,30,24.92,80.91,2078.21,Lua dong xuan,11.7,3.3
2003,Ba Ria-Vung Tau,26.96,30,24.92,80.91,2078.21,Lua he thu,16.3,5.7
2003,Ba Ria-Vung Tau,26.96,30,24.92,80.91,2078.21,Lua mi,0,0
2003,Ba Ria-Vung Tau,26.96,30,24.92,80.91,2078.21,Lua mua,44.7,15.5
2003,Ba Ria-Vung Tau,26.96,30,24.92,80.91,2078.21,Ngo,68.2,18.4
2003,Ba Ria-Vung Tau,26.96,30,24.92,80.91,2078.21,San,137.2,7.2
2004,Ba Ria-Vung Tau,26.9,30,24.75,79.99,1680.61,Khoai,2.3,0.6
2004,Ba Ria-Vung Tau,26.9,30,24.75,79.99,1680.61,Lua dong xuan,17.1,4.5
2004,Ba Ria-Vung Tau,26.9,30,24.75,79.99,1680.61,Lua he thu,17.9,5.6
2004,Ba Ria-Vung Tau,26.9,30,24.75,79.99,1680.61,Lua mi,0,0
2004,Ba Ria-Vung Tau,26.9,30,24.75,79.99,1680.61,Lua mua,39.1,14.3
2004,Ba Ria-Vung Tau,26.9,30,24.75,79.99,1680.61,Ngo,72.2,18.5
2004,Ba Ria-Vung Tau,26.9,30,24.75,79.99,1680.61,San,135.7,7.4
2005,Ba Ria-Vung Tau,26.81,29.78,24.79,81.5,2029.24,Khoai,1.6,0.5
2005,Ba Ria-Vung Tau,26.81,29.78,24.79,81.5,2029.24,Lua dong xuan,9.4,2.4
2005,Ba Ria-Vung Tau,26.81,29.78,24.79,81.5,2029.24,Lua he thu,17.9,5.4
2005,Ba Ria-Vung Tau,26.81,29.78,24.79,81.5,2029.24,Lua mi,0,0
2005,Ba Ria-Vung Tau,26.81,29.78,24.79,81.5,2029.24,Lua mua,43.1,13.5
2005,Ba Ria-Vung Tau,26.81,29.78,24.79,81.5,2029.24,Ngo,74.3,18.4
2005,Ba Ria-Vung Tau,26.81,29.78,24.79,81.5,2029.24,San,144,7.8
2006,Ba Ria-Vung Tau,27,30.04,24.93,81.21,2012.79,Khoai,1,0.3
2006,Ba Ria-Vung Tau,27,30.04,24.93,81.21,2012.79,Lua dong xuan,18.2,4.5
2006,Ba Ria-Vung Tau,27,30.04,24.93,81.21,2012.79,Lua he thu,19.2,5.8
2006,Ba Ria-Vung Tau,27,30.04,24.93,81.21,2012.79,Lua mi,0,0
2006,Ba Ria-Vung Tau,27,30.04,24.93,81.21,2012.79,Lua mua,37,13.1
2006,Ba Ria-Vung Tau,27,30.04,24.93,81.21,2012.79,Ngo,78.1,19
2006,Ba Ria-Vung Tau,27,30.04,24.93,81.21,2012.79,San,150.2,7.2
2007,Ba Ria-Vung Tau,26.83,29.87,24.79,81.81,2437.97,Khoai,1,0.3
2007,Ba Ria-Vung Tau,26.83,29.87,24.79,81.81,2437.97,Lua dong xuan,19.4,4.6
2007,Ba Ria-Vung Tau,26.83,29.87,24.79,81.81,2437.97,Lua he thu,16.6,5.1
2007,Ba Ria-Vung Tau,26.83,29.87,24.79,81.81,2437.97,Lua mi,0,0
2007,Ba Ria-Vung Tau,26.83,29.87,24.79,81.81,2437.97,Lua mua,41.9,12.6
2007,Ba Ria-Vung Tau,26.83,29.87,24.79,81.81,2437.97,Ngo,80.3,19.3
2007,Ba Ria-Vung Tau,26.83,29.87,24.79,81.81,2437.97,San,152.9,7
2008,Ba Ria-Vung Tau,26.65,29.74,24.59,82.58,2188.16,Khoai,0.8,0.2
2008,Ba Ria-Vung Tau,26.65,29.74,24.59,82.58,2188.16,Lua dong xuan,21.4,5
2008,Ba Ria-Vung Tau,26.65,29.74,24.59,82.58,2188.16,Lua he thu,22.4,6.6
2008,Ba Ria-Vung Tau,26.65,29.74,24.59,82.58,2188.16,Lua mi,0,0
2008,Ba Ria-Vung Tau,26.65,29.74,24.59,82.58,2188.16,Lua mua,41.7,12.5
2008,Ba Ria-Vung Tau,26.65,29.74,24.59,82.58,2188.16,Ngo,80.3,18.9
2008,Ba Ria-Vung Tau,26.65,29.74,24.59,82.58,2188.16,San,187.2,8.1
2009,Ba Ria-Vung Tau,26.9,30,24.82,82.5,2033.53,Khoai,0.4,0.1
2009,Ba Ria-Vung Tau,26.9,30,24.82,82.5,2033.53,Lua dong xuan,24.2,5.2
2009,Ba Ria-Vung Tau,26.9,30,24.82,82.5,2033.53,Lua he thu,27.2,7.7
2009,Ba Ria-Vung Tau,26.9,30,24.82,82.5,2033.53,Lua mi,0,7.11E-15
2009,Ba Ria-Vung Tau,26.9,30,24.82,82.5,2033.53,Lua mua,43.9,11.8
2009,Ba Ria-Vung Tau,26.9,30,24.82,82.5,2033.53,Ngo,81,18.9
2009,Ba Ria-Vung Tau,26.9,30,24.82,82.5,2033.53,San,194.9,8.3
2010,Ba Ria-Vung Tau,27.31,30.29,25.3,81.56,2179.31,Khoai,0.5,0.1
2010,Ba Ria-Vung Tau,27.31,30.29,25.3,81.56,2179.31,Lua dong xuan,25.9,5.4
2010,Ba Ria-Vung Tau,27.31,30.29,25.3,81.56,2179.31,Lua he thu,18.3,5.4
2010,Ba Ria-Vung Tau,27.31,30.29,25.3,81.56,2179.31,Lua mi,0,0
2010,Ba Ria-Vung Tau,27.31,30.29,25.3,81.56,2179.31,Lua mua,40.3,11.6
2010,Ba Ria-Vung Tau,27.31,30.29,25.3,81.56,2179.31,Ngo,77.6,18.1
2010,Ba Ria-Vung Tau,27.31,30.29,25.3,81.56,2179.31,San,212.5,9.2
2011,Ba Ria-Vung Tau,26.73,29.74,24.69,82.17,2077.17,Khoai,0.6,0.2
2011,Ba Ria-Vung Tau,26.73,29.74,24.69,82.17,2077.17,Lua dong xuan,26,5.4
2011,Ba Ria-Vung Tau,26.73,29.74,24.69,82.17,2077.17,Lua he thu,29.6,7.4
2011,Ba Ria-Vung Tau,26.73,29.74,24.69,82.17,2077.17,Lua mi,0,0
2011,Ba Ria-Vung Tau,26.73,29.74,24.69,82.17,2077.17,Lua mua,39.8,10.9
2011,Ba Ria-Vung Tau,26.73,29.74,24.69,82.17,2077.17,Ngo,75.1,17.2
2011,Ba Ria-Vung Tau,26.73,29.74,24.69,82.17,2077.17,San,388.9,9.6
2012,Ba Ria-Vung Tau,27.11,30.14,25.14,82.25,2243.02,Khoai,0.6,0.1
2012,Ba Ria-Vung Tau,27.11,30.14,25.14,82.25,2243.02,Lua dong xuan,27.8,5.4
2012,Ba Ria-Vung Tau,27.11,30.14,25.14,82.25,2243.02,Lua he thu,32,7.8
2012,Ba Ria-Vung Tau,27.11,30.14,25.14,82.25,2243.02,Lua mi,0,0
2012,Ba Ria-Vung Tau,27.11,30.14,25.14,82.25,2243.02,Lua mua,39.9,10.9
2012,Ba Ria-Vung Tau,27.11,30.14,25.14,82.25,2243.02,Ngo,68.6,16.2
2012,Ba Ria-Vung Tau,27.11,30.14,25.14,82.25,2243.02,San,212,8.3
2013,Ba Ria-Vung Tau,27.19,30.11,25.26,81.38,2128.57,Khoai,0.6,0.1
2013,Ba Ria-Vung Tau,27.19,30.11,25.26,81.38,2128.57,Lua dong xuan,27.5,5.4
2013,Ba Ria-Vung Tau,27.19,30.11,25.26,81.38,2128.57,Lua he thu,31.5,7.7
2013,Ba Ria-Vung Tau,27.19,30.11,25.26,81.38,2128.57,Lua mi,0,0
2013,Ba Ria-Vung Tau,27.19,30.11,25.26,81.38,2128.57,Lua mua,40.1,10.4
2013,Ba Ria-Vung Tau,27.19,30.11,25.26,81.38,2128.57,Ngo,71.7,15.9
2013,Ba Ria-Vung Tau,27.19,30.11,25.26,81.38,2128.57,San,205.6,7.9
2014,Ba Ria-Vung Tau,27.07,30.09,25.01,81.06,2003.53,Khoai,0.5,0.1
2014,Ba Ria-Vung Tau,27.07,30.09,25.01,81.06,2003.53,Lua dong xuan,29.3,5.4
2014,Ba Ria-Vung Tau,27.07,30.09,25.01,81.06,2003.53,Lua he thu,32.9,7.8
2014,Ba Ria-Vung Tau,27.07,30.09,25.01,81.06,2003.53,Lua mi,0,0
2014,Ba Ria-Vung Tau,27.07,30.09,25.01,81.06,2003.53,Lua mua,43.4,10.3
2014,Ba Ria-Vung Tau,27.07,30.09,25.01,81.06,2003.53,Ngo,72.6,15.9
2014,Ba Ria-Vung Tau,27.07,30.09,25.01,81.06,2003.53,San,208.5,8.2
2015,Ba Ria-Vung Tau,27.36,30.47,25.25,79.84,1611.61,Khoai,1.2,0.3
2015,Ba Ria-Vung Tau,27.36,30.47,25.25,79.84,1611.61,Lua dong xuan,35.1,6.1
2015,Ba Ria-Vung Tau,27.36,30.47,25.25,79.84,1611.61,Lua he thu,36.4,8.2
2015,Ba Ria-Vung Tau,27.36,30.47,25.25,79.84,1611.61,Lua mi,0,0.1
2015,Ba Ria-Vung Tau,27.36,30.47,25.25,79.84,1611.61,Lua mua,44.5,10.2
2015,Ba Ria-Vung Tau,27.36,30.47,25.25,79.84,1611.61,Ngo,71.8,15.4
2015,Ba Ria-Vung Tau,27.36,30.47,25.25,79.84,1611.61,San,218.7,8.6
2016,Ba Ria-Vung Tau,27.53,30.51,25.63,81.68,2137.74,Khoai,1,0.3
2016,Ba Ria-Vung Tau,27.53,30.51,25.63,81.68,2137.74,Lua dong xuan,37.4,6.5
2016,Ba Ria-Vung Tau,27.53,30.51,25.63,81.68,2137.74,Lua he thu,37.8,8.4
2016,Ba Ria-Vung Tau,27.53,30.51,25.63,81.68,2137.74,Lua mi,0,-0.1
2016,Ba Ria-Vung Tau,27.53,30.51,25.63,81.68,2137.74,Lua mua,45.5,10.2
2016,Ba Ria-Vung Tau,27.53,30.51,25.63,81.68,2137.74,Ngo,68.1,14.4
2016,Ba Ria-Vung Tau,27.53,30.51,25.63,81.68,2137.74,San,215,8.7
2017,Ba Ria-Vung Tau,27.41,30.43,25.41,82.13,2271.77,Khoai,0.7,0.2
2017,Ba Ria-Vung Tau,27.41,30.43,25.41,82.13,2271.77,Lua dong xuan,40.3,6.7
2017,Ba Ria-Vung Tau,27.41,30.43,25.41,82.13,2271.77,Lua he thu,39.2,8.6
2017,Ba Ria-Vung Tau,27.41,30.43,25.41,82.13,2271.77,Lua mi,2.84E-14,0
2017,Ba Ria-Vung Tau,27.41,30.43,25.41,82.13,2271.77,Lua mua,42.6,9.5
2017,Ba Ria-Vung Tau,27.41,30.43,25.41,82.13,2271.77,Ngo,63.8,13.7
2017,Ba Ria-Vung Tau,27.41,30.43,25.41,82.13,2271.77,San,211.3,8.5
2018,Ba Ria-Vung Tau,27.37,30.41,25.41,81.11,2175.52,Khoai,1.3,293
2018,Ba Ria-Vung Tau,27.37,30.41,25.41,81.11,2175.52,Lua dong xuan,41.5,7
2018,Ba Ria-Vung Tau,27.37,30.41,25.41,81.11,2175.52,Lua he thu,42.6,8.6
2018,Ba Ria-Vung Tau,27.37,30.41,25.41,81.11,2175.52,Lua mi,0,0
2018,Ba Ria-Vung Tau,27.37,30.41,25.41,81.11,2175.52,Lua mua,45.7,9.4
2018,Ba Ria-Vung Tau,27.37,30.41,25.41,81.11,2175.52,Ngo,70.2,13.5
2018,Ba Ria-Vung Tau,27.37,30.41,25.41,81.11,2175.52,San,175.8,7.2
2019,Ba Ria-Vung Tau,27.55,30.54,25.48,80.2,1593.98,Khoai,1.3,293
2019,Ba Ria-Vung Tau,27.55,30.54,25.48,80.2,1593.98,Lua dong xuan,43.5,7.1
2019,Ba Ria-Vung Tau,27.55,30.54,25.48,80.2,1593.98,Lua he thu,42.3,8.2
2019,Ba Ria-Vung Tau,27.55,30.54,25.48,80.2,1593.98,Lua mi,-0.1,0.1
2019,Ba Ria-Vung Tau,27.55,30.54,25.48,80.2,1593.98,Lua mua,50.4,9.2
2019,Ba Ria-Vung Tau,27.55,30.54,25.48,80.2,1593.98,Ngo,70.6,13.6
2019,Ba Ria-Vung Tau,27.55,30.54,25.48,80.2,1593.98,San,185.4,7.5
2020,Ba Ria-Vung Tau,27.52,30.55,25.47,80.66,1912.31,Khoai,0.1,22
2020,Ba Ria-Vung Tau,27.52,30.55,25.47,80.66,1912.31,Lua dong xuan,43.6,7.1
2020,Ba Ria-Vung Tau,27.52,30.55,25.47,80.66,1912.31,Lua he thu,42.6,8.2
2020,Ba Ria-Vung Tau,27.52,30.55,25.47,80.66,1912.31,Lua mi,0,7.11E-15
2020,Ba Ria-Vung Tau,27.52,30.55,25.47,80.66,1912.31,Lua mua,44.8,9.1
2020,Ba Ria-Vung Tau,27.52,30.55,25.47,80.66,1912.31,Ngo,73.2,13.2
2020,Ba Ria-Vung Tau,27.52,30.55,25.47,80.66,1912.31,San,186.9,7.2
2021,Ba Ria-Vung Tau,27.06,30.02,25.07,81.7,2111.73,Khoai,0.4,91
2021,Ba Ria-Vung Tau,27.06,30.02,25.07,81.7,2111.73,Lua dong xuan,44.8,6.9
2021,Ba Ria-Vung Tau,27.06,30.02,25.07,81.7,2111.73,Lua he thu,44.4,8.2
2021,Ba Ria-Vung Tau,27.06,30.02,25.07,81.7,2111.73,Lua mi,0,0
2021,Ba Ria-Vung Tau,27.06,30.02,25.07,81.7,2111.73,Lua mua,50.2,8.9
2021,Ba Ria-Vung Tau,27.06,30.02,25.07,81.7,2111.73,Ngo,59.1,10
2021,Ba Ria-Vung Tau,27.06,30.02,25.07,81.7,2111.73,San,188.1,7.1
2022,Ba Ria-Vung Tau,27.24,30.19,25.24,81.57,2243.6,Khoai,0.2,39.7
2022,Ba Ria-Vung Tau,27.24,30.19,25.24,81.57,2243.6,Lua dong xuan,48.8,7.2
2022,Ba Ria-Vung Tau,27.24,30.19,25.24,81.57,2243.6,Lua he thu,48.2,8.3
2022,Ba Ria-Vung Tau,27.24,30.19,25.24,81.57,2243.6,Lua mi,-0.1,0
2022,Ba Ria-Vung Tau,27.24,30.19,25.24,81.57,2243.6,Lua mua,42,7.6
2022,Ba Ria-Vung Tau,27.24,30.19,25.24,81.57,2243.6,Ngo,45.9,7.4
2022,Ba Ria-Vung Tau,27.24,30.19,25.24,81.57,2243.6,San,149,5.4
2023,Ba Ria-Vung Tau,27.33,30.22,25.32,82.71,2030.31,Khoai,0.2,45.3
2023,Ba Ria-Vung Tau,27.33,30.22,25.32,82.71,2030.31,Lua dong xuan,48,7
2023,Ba Ria-Vung Tau,27.33,30.22,25.32,82.71,2030.31,Lua he thu,48.3,8.2
2023,Ba Ria-Vung Tau,27.33,30.22,25.32,82.71,2030.31,Lua mi,-0.1,0
2023,Ba Ria-Vung Tau,27.33,30.22,25.32,82.71,2030.31,Lua mua,53,8.5
2023,Ba Ria-Vung Tau,27.33,30.22,25.32,82.71,2030.31,Ngo,40.6,7
2023,Ba Ria-Vung Tau,27.33,30.22,25.32,82.71,2030.31,San,134.4,5.4
2024,Ba Ria-Vung Tau,27.87,30.77,25.87,81.12,2027.37,Khoai,0.2,43.4
2024,Ba Ria-Vung Tau,27.87,30.77,25.87,81.12,2027.37,Lua dong xuan,47.2,7.1
2024,Ba Ria-Vung Tau,27.87,30.77,25.87,81.12,2027.37,Lua he thu,48.9,8.1
2024,Ba Ria-Vung Tau,27.87,30.77,25.87,81.12,2027.37,Lua mi,0,3.55E-15
2024,Ba Ria-Vung Tau,27.87,30.77,25.87,81.12,2027.37,Lua mua,54.3,8.5
2024,Ba Ria-Vung Tau,27.87,30.77,25.87,81.12,2027.37,Ngo,35.9,6.1
2024,Ba Ria-Vung Tau,27.87,30.77,25.87,81.12,2027.37,San,130.3,5.4
1995,Bac Can,20.87,24.22,18.08,82.72,2366.29,Khoai,0.8,0.3
1995,Bac Can,20.87,24.22,18.08,82.72,2366.29,Lua dong xuan,10.3,3.6
1995,Bac Can,20.87,24.22,18.08,82.72,2366.29,Lua mi,0,0
1995,Bac Can,20.87,24.22,18.08,82.72,2366.29,Lua mua,40.5,14.5
1995,Bac Can,20.87,24.22,18.08,82.72,2366.29,Ngo,5.1,3.3
1995,Bac Can,20.87,24.22,18.08,82.72,2366.29,San,14.6,1.5
1996,Bac Can,20.7,24.38,17.7,82.14,2239,Khoai,0.7,0.2
1996,Bac Can,20.7,24.38,17.7,82.14,2239,Lua dong xuan,11.6,3.5
1996,Bac Can,20.7,24.38,17.7,82.14,2239,Lua mi,0,0
1996,Bac Can,20.7,24.38,17.7,82.14,2239,Lua mua,42.3,14.3
1996,Bac Can,20.7,24.38,17.7,82.14,2239,Ngo,9.3,4.6
1996,Bac Can,20.7,24.38,17.7,82.14,2239,San,10.1,1.5
1997,Bac Can,21.27,24.6,18.62,84.57,2485.11,Khoai,0.9,0.3
1997,Bac Can,21.27,24.6,18.62,84.57,2485.11,Lua dong xuan,12.8,4
1997,Bac Can,21.27,24.6,18.62,84.57,2485.11,Lua mi,0,0
1997,Bac Can,21.27,24.6,18.62,84.57,2485.11,Lua mua,47.3,14.2
1997,Bac Can,21.27,24.6,18.62,84.57,2485.11,Ngo,14.9,6.4
1997,Bac Can,21.27,24.6,18.62,84.57,2485.11,San,18.7,1.9
1998,Bac Can,21.85,25.63,18.75,82.6,1937.36,Khoai,2.2,0.5
1998,Bac Can,21.85,25.63,18.75,82.6,1937.36,Lua dong xuan,15.5,4.3
1998,Bac Can,21.85,25.63,18.75,82.6,1937.36,Lua mi,0,0
1998,Bac Can,21.85,25.63,18.75,82.6,1937.36,Lua mua,45.4,13.8
1998,Bac Can,21.85,25.63,18.75,82.6,1937.36,Ngo,16.1,6.4
1998,Bac Can,21.85,25.63,18.75,82.6,1937.36,San,22,2.5
1999,Bac Can,21.26,24.87,18.32,83.19,2204.01,Khoai,1.7,0.5
1999,Bac Can,21.26,24.87,18.32,83.19,2204.01,Lua dong xuan,18.3,4.8
1999,Bac Can,21.26,24.87,18.32,83.19,2204.01,Lua mi,0,0
1999,Bac Can,21.26,24.87,18.32,83.19,2204.01,Lua mua,45.8,13.7
1999,Bac Can,21.26,24.87,18.32,83.19,2204.01,Ngo,15.4,7.4
1999,Bac Can,21.26,24.87,18.32,83.19,2204.01,San,26.7,2.8
2000,Bac Can,21.21,24.77,18.3,82.58,2011.63,Khoai,1.4,0.4
2000,Bac Can,21.21,24.77,18.3,82.58,2011.63,Lua dong xuan,21.8,5.3
2000,Bac Can,21.21,24.77,18.3,82.58,2011.63,Lua mi,0,-3.55E-15
2000,Bac Can,21.21,24.77,18.3,82.58,2011.63,Lua mua,44.5,13.5
2000,Bac Can,21.21,24.77,18.3,82.58,2011.63,Ngo,21.2,9.9
2000,Bac Can,21.21,24.77,18.3,82.58,2011.63,San,26.8,3.1
2001,Bac Can,21.36,24.84,18.45,82.95,2112.66,Khoai,1.7,0.4
2001,Bac Can,21.36,24.84,18.45,82.95,2112.66,Lua dong xuan,24.4,5.9
2001,Bac Can,21.36,24.84,18.45,82.95,2112.66,Lua mi,0,0
2001,Bac Can,21.36,24.84,18.45,82.95,2112.66,Lua mua,51.1,13.7
2001,Bac Can,21.36,24.84,18.45,82.95,2112.66,Ngo,24.1,10.2
2001,Bac Can,21.36,24.84,18.45,82.95,2112.66,San,26.6,2.7
2002,Bac Can,21.58,25.13,18.7,83.74,2090.94,Khoai,1.6,0.4
2002,Bac Can,21.58,25.13,18.7,83.74,2090.94,Lua dong xuan,26.5,6.4
2002,Bac Can,21.58,25.13,18.7,83.74,2090.94,Lua mi,0,3.55E-15
2002,Bac Can,21.58,25.13,18.7,83.74,2090.94,Lua mua,52.1,13.8
2002,Bac Can,21.58,25.13,18.7,83.74,2090.94,Ngo,27.5,11.1
2002,Bac Can,21.58,25.13,18.7,83.74,2090.94,San,34.5,3.3
2003,Bac Can,21.9,25.81,18.69,82.17,1855.87,Khoai,1.5,0.4
2003,Bac Can,21.9,25.81,18.69,82.17,1855.87,Lua dong xuan,28.9,6.5
2003,Bac Can,21.9,25.81,18.69,82.17,1855.87,Lua mi,0,7.11E-15
2003,Bac Can,21.9,25.81,18.69,82.17,1855.87,Lua mua,52.3,13.4
2003,Bac Can,21.9,25.81,18.69,82.17,1855.87,Ngo,35,13.2
2003,Bac Can,21.9,25.81,18.69,82.17,1855.87,San,31.3,3
2004,Bac Can,21.06,24.95,17.81,81.55,1662.87,Khoai,1.6,0.4
2004,Bac Can,21.06,24.95,17.81,81.55,1662.87,Lua dong xuan,30,6.7
2004,Bac Can,21.06,24.95,17.81,81.55,1662.87,Lua mi,0,0
2004,Bac Can,21.06,24.95,17.81,81.55,1662.87,Lua mua,52.1,13.8
2004,Bac Can,21.06,24.95,17.81,81.55,1662.87,Ngo,36.2,13.6
2004,Bac Can,21.06,24.95,17.81,81.55,1662.87,San,29.9,2.9
2005,Bac Can,21.1,24.63,18.18,83.27,1918.54,Khoai,1.5,0.4
2005,Bac Can,21.1,24.63,18.18,83.27,1918.54,Lua dong xuan,31.1,7
2005,Bac Can,21.1,24.63,18.18,83.27,1918.54,Lua mi,1.42E-14,0
2005,Bac Can,21.1,24.63,18.18,83.27,1918.54,Lua mua,56.5,13.9
2005,Bac Can,21.1,24.63,18.18,83.27,1918.54,Ngo,39.8,14.6
2005,Bac Can,21.1,24.63,18.18,83.27,1918.54,San,21.2,2.1
2006,Bac Can,21.63,25.48,18.51,81,1993.71,Khoai,1.9,0.5
2006,Bac Can,21.63,25.48,18.51,81,1993.71,Lua dong xuan,28.5,7
2006,Bac Can,21.63,25.48,18.51,81,1993.71,Lua mi,1.42E-14,0
2006,Bac Can,21.63,25.48,18.51,81,1993.71,Lua mua,59.6,13.8
2006,Bac Can,21.63,25.48,18.51,81,1993.71,Ngo,35.3,14.2
2006,Bac Can,21.63,25.48,18.51,81,1993.71,San,19.4,1.8
2007,Bac Can,21.35,25.22,18.15,81.4,2058.2,Khoai,2.1,0.5
2007,Bac Can,21.35,25.22,18.15,81.4,2058.2,Lua dong xuan,32.3,7.1
2007,Bac Can,21.35,25.22,18.15,81.4,2058.2,Lua mi,0,0.1
2007,Bac Can,21.35,25.22,18.15,81.4,2058.2,Lua mua,60.6,14.2
2007,Bac Can,21.35,25.22,18.15,81.4,2058.2,Ngo,55.6,16.1
2007,Bac Can,21.35,25.22,18.15,81.4,2058.2,San,21.9,2
2008,Bac Can,20.68,24.4,17.66,82.08,2309.52,Khoai,2.5,0.6
2008,Bac Can,20.68,24.4,17.66,82.08,2309.52,Lua dong xuan,32.8,7.1
2008,Bac Can,20.68,24.4,17.66,82.08,2309.52,Lua mi,0,-0.3
2008,Bac Can,20.68,24.4,17.66,82.08,2309.52,Lua mua,61,14.1
2008,Bac Can,20.68,24.4,17.66,82.08,2309.52,Ngo,58.4,16.7
2008,Bac Can,20.68,24.4,17.66,82.08,2309.52,San,24,2.2
2009,Bac Can,21.81,25.7,18.64,79.7,1677.88,Khoai,2.6,0.6
2009,Bac Can,21.81,25.7,18.64,79.7,1677.88,Lua dong xuan,35.9,7.5
2009,Bac Can,21.81,25.7,18.64,79.7,1677.88,Lua mi,0,0
2009,Bac Can,21.81,25.7,18.64,79.7,1677.88,Lua mua,60.3,14.3
2009,Bac Can,21.81,25.7,18.64,79.7,1677.88,Ngo,55.7,16
2009,Bac Can,21.81,25.7,18.64,79.7,1677.88,San,21.1,2.1
2010,Bac Can,21.84,25.63,18.69,80.8,2097.03,Khoai,2.2,0.5
2010,Bac Can,21.84,25.63,18.69,80.8,2097.03,Lua dong xuan,35.6,7.4
2010,Bac Can,21.84,25.63,18.69,80.8,2097.03,Lua mi,0,0
2010,Bac Can,21.84,25.63,18.69,80.8,2097.03,Lua mua,58.1,14.4
2010,Bac Can,21.84,25.63,18.69,80.8,2097.03,Ngo,57.3,15.9
2010,Bac Can,21.84,25.63,18.69,80.8,2097.03,San,22.6,2.2
2011,Bac Can,20.32,23.77,17.46,82.26,1677.84,Khoai,2.4,0.6
2011,Bac Can,20.32,23.77,17.46,82.26,1677.84,Lua dong xuan,40.5,7.6
2011,Bac Can,20.32,23.77,17.46,82.26,1677.84,Lua mi,-2.84E-14,7.11E-15
2011,Bac Can,20.32,23.77,17.46,82.26,1677.84,Lua mua,57.4,14.6
2011,Bac Can,20.32,23.77,17.46,82.26,1677.84,Ngo,64.7,16.9
2011,Bac Can,20.32,23.77,17.46,82.26,1677.84,San,27.8,2.6
2012,Bac Can,21.3,24.66,18.58,84.24,2048.16,Khoai,2.1,0.5
2012,Bac Can,21.3,24.66,18.58,84.24,2048.16,Lua dong xuan,41.3,7.7
2012,Bac Can,21.3,24.66,18.58,84.24,2048.16,Lua mi,0,0
2012,Bac Can,21.3,24.66,18.58,84.24,2048.16,Lua mua,63.1,14.6
2012,Bac Can,21.3,24.66,18.58,84.24,2048.16,Ngo,61.8,16.5
2012,Bac Can,21.3,24.66,18.58,84.24,2048.16,San,27,2.5
2013,Bac Can,21.29,25,18.32,83.32,2145.68,Khoai,2.7,0.5
2013,Bac Can,21.29,25,18.32,83.32,2145.68,Lua dong xuan,42.6,7.9
2013,Bac Can,21.29,25,18.32,83.32,2145.68,Lua mi,0,0
2013,Bac Can,21.29,25,18.32,83.32,2145.68,Lua mua,64.7,15.1
2013,Bac Can,21.29,25,18.32,83.32,2145.68,Ngo,66.9,16.4
2013,Bac Can,21.29,25,18.32,83.32,2145.68,San,33.2,3.1
2014,Bac Can,21.42,25.02,18.47,83.58,2380.75,Khoai,2.5,0.5
2014,Bac Can,21.42,25.02,18.47,83.58,2380.75,Lua dong xuan,44.4,8.7
2014,Bac Can,21.42,25.02,18.47,83.58,2380.75,Lua mi,0,0
2014,Bac Can,21.42,25.02,18.47,83.58,2380.75,Lua mua,67.7,15.3
2014,Bac Can,21.42,25.02,18.47,83.58,2380.75,Ngo,64.1,16.6
2014,Bac Can,21.42,25.02,18.47,83.58,2380.75,San,31.3,2.9
2015,Bac Can,22.19,25.78,19.29,83.66,2152.23,Khoai,2.4,0.5
2015,Bac Can,22.19,25.78,19.29,83.66,2152.23,Lua dong xuan,50,9.1
2015,Bac Can,22.19,25.78,19.29,83.66,2152.23,Lua mi,-2.84E-14,0
2015,Bac Can,22.19,25.78,19.29,83.66,2152.23,Lua mua,67.4,15.5
2015,Bac Can,22.19,25.78,19.29,83.66,2152.23,Ngo,67.7,16.4
2015,Bac Can,22.19,25.78,19.29,83.66,2152.23,San,32.1,3
2016,Bac Can,21.97,25.72,18.89,81.51,1841.59,Khoai,2.4,0.5
2016,Bac Can,21.97,25.72,18.89,81.51,1841.59,Lua dong xuan,51.2,9.3
2016,Bac Can,21.97,25.72,18.89,81.51,1841.59,Lua mi,0,0
2016,Bac Can,21.97,25.72,18.89,81.51,1841.59,Lua mua,66.9,15
2016,Bac Can,21.97,25.72,18.89,81.51,1841.59,Ngo,66.5,16.4
2016,Bac Can,21.97,25.72,18.89,81.51,1841.59,San,25.7,2.4
2017,Bac Can,21.68,25.08,18.92,83.47,2353.29,Khoai,2.4,0.5
2017,Bac Can,21.68,25.08,18.92,83.47,2353.29,Lua dong xuan,49.4,9
2017,Bac Can,21.68,25.08,18.92,83.47,2353.29,Lua mi,0,0
2017,Bac Can,21.68,25.08,18.92,83.47,2353.29,Lua mua,62.9,15
2017,Bac Can,21.68,25.08,18.92,83.47,2353.29,Ngo,64,15.8
2017,Bac Can,21.68,25.08,18.92,83.47,2353.29,San,19.5,1.8
2018,Bac Can,21.66,25.21,18.83,84.61,2285.86,Khoai,2.2,479
2018,Bac Can,21.66,25.21,18.83,84.61,2285.86,Lua dong xuan,49.7,8.9
2018,Bac Can,21.66,25.21,18.83,84.61,2285.86,Lua mi,0,0
2018,Bac Can,21.66,25.21,18.83,84.61,2285.86,Lua mua,65,14.6
2018,Bac Can,21.66,25.21,18.83,84.61,2285.86,Ngo,63.4,15
2018,Bac Can,21.66,25.21,18.83,84.61,2285.86,San,13.2,1.2
2019,Bac Can,22.12,25.71,19.16,84.78,2289.65,Khoai,2.6,528
2019,Bac Can,22.12,25.71,19.16,84.78,2289.65,Lua dong xuan,48.5,8.8
2019,Bac Can,22.12,25.71,19.16,84.78,2289.65,Lua mi,0,0
2019,Bac Can,22.12,25.71,19.16,84.78,2289.65,Lua mua,68.5,14.5
2019,Bac Can,22.12,25.71,19.16,84.78,2289.65,Ngo,61.1,14.4
2019,Bac Can,22.12,25.71,19.16,84.78,2289.65,San,7.2,0.7
2020,Bac Can,21.68,25.08,18.91,84.2,2315.25,Khoai,2.6,517
2020,Bac Can,21.68,25.08,18.91,84.2,2315.25,Lua dong xuan,49.4,8.7
2020,Bac Can,21.68,25.08,18.91,84.2,2315.25,Lua mi,0,7.11E-15
2020,Bac Can,21.68,25.08,18.91,84.2,2315.25,Lua mua,68.7,14.2
2020,Bac Can,21.68,25.08,18.91,84.2,2315.25,Ngo,61.9,14.2
2020,Bac Can,21.68,25.08,18.91,84.2,2315.25,San,4.7,0.4
2021,Bac Can,21.9,25.53,18.9,82.7,1976.34,Khoai,2.7,538
2021,Bac Can,21.9,25.53,18.9,82.7,1976.34,Lua dong xuan,49.3,8.6
2021,Bac Can,21.9,25.53,18.9,82.7,1976.34,Lua mi,0,0
2021,Bac Can,21.9,25.53,18.9,82.7,1976.34,Lua mua,68.2,14.3
2021,Bac Can,21.9,25.53,18.9,82.7,1976.34,Ngo,62.4,14.4
2021,Bac Can,21.9,25.53,18.9,82.7,1976.34,San,4.1,0.4
2022,Bac Can,21.47,25.06,18.53,82.9,2081.93,Khoai,2.9,552.2
2022,Bac Can,21.47,25.06,18.53,82.9,2081.93,Lua dong xuan,48.6,8.6
2022,Bac Can,21.47,25.06,18.53,82.9,2081.93,Lua mi,0,-7.11E-15
2022,Bac Can,21.47,25.06,18.53,82.9,2081.93,Lua mua,68.6,14.1
2022,Bac Can,21.47,25.06,18.53,82.9,2081.93,Ngo,62.1,14.3
2022,Bac Can,21.47,25.06,18.53,82.9,2081.93,San,3.7,0.3
2023,Bac Can,22.26,25.9,19.19,81.72,1895.24,Khoai,2.8,513
2023,Bac Can,22.26,25.9,19.19,81.72,1895.24,Lua dong xuan,45.2,8.5
2023,Bac Can,22.26,25.9,19.19,81.72,1895.24,Lua mi,0,7.11E-15
2023,Bac Can,22.26,25.9,19.19,81.72,1895.24,Lua mua,67.9,13.9
2023,Bac Can,22.26,25.9,19.19,81.72,1895.24,Ngo,56.4,14.2
2023,Bac Can,22.26,25.9,19.19,81.72,1895.24,San,3.1,0.3
2024,Bac Can,22.35,25.9,19.46,82.73,2497.44,Khoai,2.3,422.5
2024,Bac Can,22.35,25.9,19.46,82.73,2497.44,Lua dong xuan,47.4,8.4
2024,Bac Can,22.35,25.9,19.46,82.73,2497.44,Lua mi,0,0
2024,Bac Can,22.35,25.9,19.46,82.73,2497.44,Lua mua,65.1,14
2024,Bac Can,22.35,25.9,19.46,82.73,2497.44,Ngo,58.9,13.9
2024,Bac Can,22.35,25.9,19.46,82.73,2497.44,San,3.3,0.3
1995,Bac Giang,22.75,26.13,20.01,79.78,1931.33,Khoai,123.9,21.2
1995,Bac Giang,22.75,26.13,20.01,79.78,1931.33,Lua dong xuan,122.8,49.4
1995,Bac Giang,22.75,26.13,20.01,79.78,1931.33,Lua mi,5.68E-14,0
1995,Bac Giang,22.75,26.13,20.01,79.78,1931.33,Lua mua,167.1,60.3
1995,Bac Giang,22.75,26.13,20.01,79.78,1931.33,Ngo,13.9,7.8
1995,Bac Giang,22.75,26.13,20.01,79.78,1931.33,San,58,7.5
1996,Bac Giang,22.61,26.35,19.62,79.42,1994.59,Khoai,106.1,20.1
1996,Bac Giang,22.61,26.35,19.62,79.42,1994.59,Lua dong xuan,168.5,49.2
1996,Bac Giang,22.61,26.35,19.62,79.42,1994.59,Lua mi,-5.68E-14,0
1996,Bac Giang,22.61,26.35,19.62,79.42,1994.59,Lua mua,167.1,61.4
1996,Bac Giang,22.61,26.35,19.62,79.42,1994.59,Ngo,25.8,10.5
1996,Bac Giang,22.61,26.35,19.62,79.42,1994.59,San,49.5,6.6
1997,Bac Giang,23.09,26.41,20.49,82.23,2374.27,Khoai,104.9,13.4
1997,Bac Giang,23.09,26.41,20.49,82.23,2374.27,Lua dong xuan,174.2,50.7
1997,Bac Giang,23.09,26.41,20.49,82.23,2374.27,Lua mi,0,0
1997,Bac Giang,23.09,26.41,20.49,82.23,2374.27,Lua mua,194.9,62.2
1997,Bac Giang,23.09,26.41,20.49,82.23,2374.27,Ngo,38.2,13.6
1997,Bac Giang,23.09,26.41,20.49,82.23,2374.27,San,45.7,5.4
1998,Bac Giang,23.89,27.55,20.97,79.18,1574.68,Khoai,95,13.3
1998,Bac Giang,23.89,27.55,20.97,79.18,1574.68,Lua dong xuan,170.4,50.8
1998,Bac Giang,23.89,27.55,20.97,79.18,1574.68,Lua mi,0,0
1998,Bac Giang,23.89,27.55,20.97,79.18,1574.68,Lua mua,205.8,63.7
1998,Bac Giang,23.89,27.55,20.97,79.18,1574.68,Ngo,35.2,13.7
1998,Bac Giang,23.89,27.55,20.97,79.18,1574.68,San,40.8,4.8
1999,Bac Giang,23.12,26.72,20.22,79.87,1678.06,Khoai,104.8,13.6
1999,Bac Giang,23.12,26.72,20.22,79.87,1678.06,Lua dong xuan,178,49.4
1999,Bac Giang,23.12,26.72,20.22,79.87,1678.06,Lua mi,0,0
1999,Bac Giang,23.12,26.72,20.22,79.87,1678.06,Lua mua,238.3,64.9
1999,Bac Giang,23.12,26.72,20.22,79.87,1678.06,Ngo,33.5,12.5
1999,Bac Giang,23.12,26.72,20.22,79.87,1678.06,San,30.4,3.6
2000,Bac Giang,23.05,26.64,20.16,80.28,1852.31,Khoai,115.7,14.8
2000,Bac Giang,23.05,26.64,20.16,80.28,1852.31,Lua dong xuan,218.4,50.7
2000,Bac Giang,23.05,26.64,20.16,80.28,1852.31,Lua mi,0,0
2000,Bac Giang,23.05,26.64,20.16,80.28,1852.31,Lua mua,254.4,64.3
2000,Bac Giang,23.05,26.64,20.16,80.28,1852.31,Ngo,29.4,11.4
2000,Bac Giang,23.05,26.64,20.16,80.28,1852.31,San,32.2,3.5
2001,Bac Giang,22.95,26.39,20.13,82.01,2117.47,Khoai,124.6,15.1
2001,Bac Giang,22.95,26.39,20.13,82.01,2117.47,Lua dong xuan,222.6,52.1
2001,Bac Giang,22.95,26.39,20.13,82.01,2117.47,Lua mi,0,-1.42E-14
2001,Bac Giang,22.95,26.39,20.13,82.01,2117.47,Lua mua,252.9,63.1
2001,Bac Giang,22.95,26.39,20.13,82.01,2117.47,Ngo,22.3,8.9
2001,Bac Giang,22.95,26.39,20.13,82.01,2117.47,San,33.3,3.6
2002,Bac Giang,23.26,26.79,20.5,82.69,2046.58,Khoai,143.3,16.7
2002,Bac Giang,23.26,26.79,20.5,82.69,2046.58,Lua dong xuan,240.4,52.6
2002,Bac Giang,23.26,26.79,20.5,82.69,2046.58,Lua mi,1.14E-13,-1.42E-14
2002,Bac Giang,23.26,26.79,20.5,82.69,2046.58,Lua mua,280,64.3
2002,Bac Giang,23.26,26.79,20.5,82.69,2046.58,Ngo,19.3,6.9
2002,Bac Giang,23.26,26.79,20.5,82.69,2046.58,San,32,3.4
2003,Bac Giang,23.76,27.67,20.58,79.69,1698.19,Khoai,122.9,14.6
2003,Bac Giang,23.76,27.67,20.58,79.69,1698.19,Lua dong xuan,254.9,52.7
2003,Bac Giang,23.76,27.67,20.58,79.69,1698.19,Lua mi,0,0
2003,Bac Giang,23.76,27.67,20.58,79.69,1698.19,Lua mua,271,63.1
2003,Bac Giang,23.76,27.67,20.58,79.69,1698.19,Ngo,29,10.3
2003,Bac Giang,23.76,27.67,20.58,79.69,1698.19,San,28.7,3
2004,Bac Giang,22.89,26.78,19.74,79.32,1471.22,Khoai,117.6,12.9
2004,Bac Giang,22.89,26.78,19.74,79.32,1471.22,Lua dong xuan,267.6,52.3
2004,Bac Giang,22.89,26.78,19.74,79.32,1471.22,Lua mi,-1.14E-13,0
2004,Bac Giang,22.89,26.78,19.74,79.32,1471.22,Lua mua,284.6,63.8
2004,Bac Giang,22.89,26.78,19.74,79.32,1471.22,Ngo,45.7,13.8
2004,Bac Giang,22.89,26.78,19.74,79.32,1471.22,San,33,3.2
2005,Bac Giang,22.99,26.47,20.21,80.1,1544.85,Khoai,99.7,10.6
2005,Bac Giang,22.99,26.47,20.21,80.1,1544.85,Lua dong xuan,269.3,52
2005,Bac Giang,22.99,26.47,20.21,80.1,1544.85,Lua mi,0,0
2005,Bac Giang,22.99,26.47,20.21,80.1,1544.85,Lua mua,287.4,62
2005,Bac Giang,22.99,26.47,20.21,80.1,1544.85,Ngo,44.3,13.3
2005,Bac Giang,22.99,26.47,20.21,80.1,1544.85,San,36.6,3.4
2006,Bac Giang,23.49,27.31,20.42,78.19,1608.21,Khoai,97.6,10.4
2006,Bac Giang,23.49,27.31,20.42,78.19,1608.21,Lua dong xuan,262.7,52.8
2006,Bac Giang,23.49,27.31,20.42,78.19,1608.21,Lua mi,0,0
2006,Bac Giang,23.49,27.31,20.42,78.19,1608.21,Lua mua,282.7,61.4
2006,Bac Giang,23.49,27.31,20.42,78.19,1608.21,Ngo,42.9,13.8
2006,Bac Giang,23.49,27.31,20.42,78.19,1608.21,San,50.8,4.7
2007,Bac Giang,23.29,27.19,20.2,77.91,1625.02,Khoai,98.3,10
2007,Bac Giang,23.29,27.19,20.2,77.91,1625.02,Lua dong xuan,237.5,51.7
2007,Bac Giang,23.29,27.19,20.2,77.91,1625.02,Lua mi,0,2.1
2007,Bac Giang,23.29,27.19,20.2,77.91,1625.02,Lua mua,302,60.3
2007,Bac Giang,23.29,27.19,20.2,77.91,1625.02,Ngo,49.7,14.2
2007,Bac Giang,23.29,27.19,20.2,77.91,1625.02,San,54.1,4.5
2008,Bac Giang,22.42,26.13,19.51,79.31,2106.82,Khoai,88.7,8.9
2008,Bac Giang,22.42,26.13,19.51,79.31,2106.82,Lua dong xuan,263.8,50.1
2008,Bac Giang,22.42,26.13,19.51,79.31,2106.82,Lua mi,0,-1.5
2008,Bac Giang,22.42,26.13,19.51,79.31,2106.82,Lua mua,254.6,59.8
2008,Bac Giang,22.42,26.13,19.51,79.31,2106.82,Ngo,51,15.6
2008,Bac Giang,22.42,26.13,19.51,79.31,2106.82,San,67.7,5.4
2009,Bac Giang,23.54,27.37,20.53,78.48,1572.93,Khoai,74.8,7.9
2009,Bac Giang,23.54,27.37,20.53,78.48,1572.93,Lua dong xuan,280.5,52.2
2009,Bac Giang,23.54,27.37,20.53,78.48,1572.93,Lua mi,0,0
2009,Bac Giang,23.54,27.37,20.53,78.48,1572.93,Lua mua,291.1,59.2
2009,Bac Giang,23.54,27.37,20.53,78.48,1572.93,Ngo,40.9,12
2009,Bac Giang,23.54,27.37,20.53,78.48,1572.93,San,62.9,4.8
2010,Bac Giang,23.55,27.15,20.59,79.48,1982.37,Khoai,83,8.1
2010,Bac Giang,23.55,27.15,20.59,79.48,1982.37,Lua dong xuan,296.7,52.9
2010,Bac Giang,23.55,27.15,20.59,79.48,1982.37,Lua mi,1.14E-13,0
2010,Bac Giang,23.55,27.15,20.59,79.48,1982.37,Lua mua,301.1,59.3
2010,Bac Giang,23.55,27.15,20.59,79.48,1982.37,Ngo,44.9,12.3
2010,Bac Giang,23.55,27.15,20.59,79.48,1982.37,San,70.1,5.2
2011,Bac Giang,22.05,25.5,19.22,78.84,1656.22,Khoai,77.6,7.7
2011,Bac Giang,22.05,25.5,19.22,78.84,1656.22,Lua dong xuan,316.4,53.2
2011,Bac Giang,22.05,25.5,19.22,78.84,1656.22,Lua mi,0,0
2011,Bac Giang,22.05,25.5,19.22,78.84,1656.22,Lua mua,311.4,59.2
2011,Bac Giang,22.05,25.5,19.22,78.84,1656.22,Ngo,40.7,10.8
2011,Bac Giang,22.05,25.5,19.22,78.84,1656.22,San,80.4,5.7
2012,Bac Giang,23.03,26.29,20.35,82.35,2036.28,Khoai,67.4,6.7
2012,Bac Giang,23.03,26.29,20.35,82.35,2036.28,Lua dong xuan,316,53.2
2012,Bac Giang,23.03,26.29,20.35,82.35,2036.28,Lua mi,0,1.42E-14
2012,Bac Giang,23.03,26.29,20.35,82.35,2036.28,Lua mua,313.1,58.9
2012,Bac Giang,23.03,26.29,20.35,82.35,2036.28,Ngo,33.6,8.6
2012,Bac Giang,23.03,26.29,20.35,82.35,2036.28,San,81.1,5.8
2013,Bac Giang,22.95,26.48,20.15,81.34,2074.25,Khoai,67.6,6.6
2013,Bac Giang,22.95,26.48,20.15,81.34,2074.25,Lua dong xuan,314.8,53.2
2013,Bac Giang,22.95,26.48,20.15,81.34,2074.25,Lua mi,0,1.42E-14
2013,Bac Giang,22.95,26.48,20.15,81.34,2074.25,Lua mua,273.8,58.4
2013,Bac Giang,22.95,26.48,20.15,81.34,2074.25,Ngo,35.3,9.3
2013,Bac Giang,22.95,26.48,20.15,81.34,2074.25,San,82.3,5.9
2014,Bac Giang,23.25,26.81,20.37,80.53,2078.28,Khoai,63.3,6.1
2014,Bac Giang,23.25,26.81,20.37,80.53,2078.28,Lua dong xuan,312.1,53.8
2014,Bac Giang,23.25,26.81,20.37,80.53,2078.28,Lua mi,0,1.42E-14
2014,Bac Giang,23.25,26.81,20.37,80.53,2078.28,Lua mua,314.5,59
2014,Bac Giang,23.25,26.81,20.37,80.53,2078.28,Ngo,39.4,10.1
2014,Bac Giang,23.25,26.81,20.37,80.53,2078.28,San,82.9,5.7
2015,Bac Giang,24.06,27.64,21.21,80.78,1950.97,Khoai,62.3,5.9
2015,Bac Giang,24.06,27.64,21.21,80.78,1950.97,Lua dong xuan,317.3,53.6
2015,Bac Giang,24.06,27.64,21.21,80.78,1950.97,Lua mi,-0.1,0.1
2015,Bac Giang,24.06,27.64,21.21,80.78,1950.97,Lua mua,301.8,57.9
2015,Bac Giang,24.06,27.64,21.21,80.78,1950.97,Ngo,42.3,10.7
2015,Bac Giang,24.06,27.64,21.21,80.78,1950.97,San,71.7,5
2016,Bac Giang,23.63,27.2,20.73,79.65,1816.54,Khoai,61,5.6
2016,Bac Giang,23.63,27.2,20.73,79.65,1816.54,Lua dong xuan,320,53.2
2016,Bac Giang,23.63,27.2,20.73,79.65,1816.54,Lua mi,0.1,0.1
2016,Bac Giang,23.63,27.2,20.73,79.65,1816.54,Lua mua,308.5,56.3
2016,Bac Giang,23.63,27.2,20.73,79.65,1816.54,Ngo,43,10.7
2016,Bac Giang,23.63,27.2,20.73,79.65,1816.54,San,63.2,4.3
2017,Bac Giang,23.57,26.95,20.83,80.09,2169.89,Khoai,60.7,5.5
2017,Bac Giang,23.57,26.95,20.83,80.09,2169.89,Lua dong xuan,312.8,51.8
2017,Bac Giang,23.57,26.95,20.83,80.09,2169.89,Lua mi,0,0
2017,Bac Giang,23.57,26.95,20.83,80.09,2169.89,Lua mua,296.4,55
2017,Bac Giang,23.57,26.95,20.83,80.09,2169.89,Ngo,43,10.7
2017,Bac Giang,23.57,26.95,20.83,80.09,2169.89,San,52.3,3.5
2018,Bac Giang,23.53,27.03,20.76,81.12,2107.26,Khoai,55.6,4981
2018,Bac Giang,23.53,27.03,20.76,81.12,2107.26,Lua dong xuan,308.8,50.5
2018,Bac Giang,23.53,27.03,20.76,81.12,2107.26,Lua mi,0,0
2018,Bac Giang,23.53,27.03,20.76,81.12,2107.26,Lua mua,290.7,53.5
2018,Bac Giang,23.53,27.03,20.76,81.12,2107.26,Ngo,41.2,10.2
2018,Bac Giang,23.53,27.03,20.76,81.12,2107.26,San,45.2,3
2019,Bac Giang,24.19,27.72,21.36,81.41,1824.1,Khoai,53.6,4777
2019,Bac Giang,24.19,27.72,21.36,81.41,1824.1,Lua dong xuan,302.5,49.9
2019,Bac Giang,24.19,27.72,21.36,81.41,1824.1,Lua mi,0,0
2019,Bac Giang,24.19,27.72,21.36,81.41,1824.1,Lua mua,291.1,52.9
2019,Bac Giang,24.19,27.72,21.36,81.41,1824.1,Ngo,41.3,10
2019,Bac Giang,24.19,27.72,21.36,81.41,1824.1,San,40.3,2.7
2020,Bac Giang,23.85,27.2,21.15,79.54,1765.4,Khoai,50.6,4512
2020,Bac Giang,23.85,27.2,21.15,79.54,1765.4,Lua dong xuan,294,49.1
2020,Bac Giang,23.85,27.2,21.15,79.54,1765.4,Lua mi,1.14E-13,-1.42E-14
2020,Bac Giang,23.85,27.2,21.15,79.54,1765.4,Lua mua,288.9,51.8
2020,Bac Giang,23.85,27.2,21.15,79.54,1765.4,Ngo,42.8,10.2
2020,Bac Giang,23.85,27.2,21.15,79.54,1765.4,San,33.1,2.2
2021,Bac Giang,23.86,27.47,20.92,78.8,1671.68,Khoai,45.8,4057
2021,Bac Giang,23.86,27.47,20.92,78.8,1671.68,Lua dong xuan,292.1,48.5
2021,Bac Giang,23.86,27.47,20.92,78.8,1671.68,Lua mi,-0.1,0
2021,Bac Giang,23.86,27.47,20.92,78.8,1671.68,Lua mua,288.6,51.2
2021,Bac Giang,23.86,27.47,20.92,78.8,1671.68,Ngo,42.6,10.1
2021,Bac Giang,23.86,27.47,20.92,78.8,1671.68,San,23,1.5
2022,Bac Giang,23.29,26.87,20.38,79.8,1988.14,Khoai,41.5,3682.1
2022,Bac Giang,23.29,26.87,20.38,79.8,1988.14,Lua dong xuan,284.2,47.7
2022,Bac Giang,23.29,26.87,20.38,79.8,1988.14,Lua mi,1.14E-13,0
2022,Bac Giang,23.29,26.87,20.38,79.8,1988.14,Lua mua,282.7,50
2022,Bac Giang,23.29,26.87,20.38,79.8,1988.14,Ngo,41.8,10.1
2022,Bac Giang,23.29,26.87,20.38,79.8,1988.14,San,18.5,1.1
2023,Bac Giang,24.2,27.79,21.23,78.31,1598.82,Khoai,39.3,3452.7
2023,Bac Giang,24.2,27.79,21.23,78.31,1598.82,Lua dong xuan,280.8,46.9
2023,Bac Giang,24.2,27.79,21.23,78.31,1598.82,Lua mi,0,-0.1
2023,Bac Giang,24.2,27.79,21.23,78.31,1598.82,Lua mua,273.8,49
2023,Bac Giang,24.2,27.79,21.23,78.31,1598.82,Ngo,44.1,10.4
2023,Bac Giang,24.2,27.79,21.23,78.31,1598.82,San,16.4,1.1
2024,Bac Giang,24.3,27.76,21.5,79.13,2229.86,Khoai,40.2,3540.9
2024,Bac Giang,24.3,27.76,21.5,79.13,2229.86,Lua dong xuan,280.5,46.3
2024,Bac Giang,24.3,27.76,21.5,79.13,2229.86,Lua mi,0,0
2024,Bac Giang,24.3,27.76,21.5,79.13,2229.86,Lua mua,215.2,48.5
2024,Bac Giang,24.3,27.76,21.5,79.13,2229.86,Ngo,43.5,10.8
2024,Bac Giang,24.3,27.76,21.5,79.13,2229.86,San,15.2,1
1995,Bac Lieu,27.06,30.41,24.75,80.4,2266.87,Khoai,1.4,0.3
1995,Bac Lieu,27.06,30.41,24.75,80.4,2266.87,Lua dong xuan,,
1995,Bac Lieu,27.06,30.41,24.75,80.4,2266.87,Lua he thu,62.3,18.5
1995,Bac Lieu,27.06,30.41,24.75,80.4,2266.87,Lua mi,0,0
1995,Bac Lieu,27.06,30.41,24.75,80.4,2266.87,Lua mua,432,111.6
1995,Bac Lieu,27.06,30.41,24.75,80.4,2266.87,Ngo,0.4,0.2
1996,Bac Lieu,26.71,29.9,24.49,82.2,2494.84,Khoai,1.1,0.2
1996,Bac Lieu,26.71,29.9,24.49,82.2,2494.84,Lua dong xuan,3,1.1
1996,Bac Lieu,26.71,29.9,24.49,82.2,2494.84,Lua he thu,85.9,29.3
1996,Bac Lieu,26.71,29.9,24.49,82.2,2494.84,Lua mi,1.14E-13,0
1996,Bac Lieu,26.71,29.9,24.49,82.2,2494.84,Lua mua,465.9,109.4
1996,Bac Lieu,26.71,29.9,24.49,82.2,2494.84,Ngo,0.3,0.1
1997,Bac Lieu,27.14,30.42,24.89,80.68,1815.03,Khoai,1.1,0.2
1997,Bac Lieu,27.14,30.42,24.89,80.68,1815.03,Lua dong xuan,16.3,7.1
1997,Bac Lieu,27.14,30.42,24.89,80.68,1815.03,Lua he thu,121.6,30.3
1997,Bac Lieu,27.14,30.42,24.89,80.68,1815.03,Lua mi,0,0
1997,Bac Lieu,27.14,30.42,24.89,80.68,1815.03,Lua mua,379.6,114.6
1997,Bac Lieu,27.14,30.42,24.89,80.68,1815.03,Ngo,0.5,0.2
1998,Bac Lieu,27.81,31.1,25.57,79.79,2483.73,Khoai,1.1,0.2
1998,Bac Lieu,27.81,31.1,25.57,79.79,2483.73,Lua dong xuan,51.2,20.6
1998,Bac Lieu,27.81,31.1,25.57,79.79,2483.73,Lua he thu,221.2,53.2
1998,Bac Lieu,27.81,31.1,25.57,79.79,2483.73,Lua mi,0,2.84E-14
1998,Bac Lieu,27.81,31.1,25.57,79.79,2483.73,Lua mua,405,96.9
1998,Bac Lieu,27.81,31.1,25.57,79.79,2483.73,Ngo,0.5,0.2
1999,Bac Lieu,26.73,29.81,24.59,82.73,2826.22,Khoai,1.3,0.2
1999,Bac Lieu,26.73,29.81,24.59,82.73,2826.22,Lua dong xuan,126.6,28.7
1999,Bac Lieu,26.73,29.81,24.59,82.73,2826.22,Lua he thu,285.8,70.8
1999,Bac Lieu,26.73,29.81,24.59,82.73,2826.22,Lua mi,0,-2.84E-14
1999,Bac Lieu,26.73,29.81,24.59,82.73,2826.22,Lua mua,392.2,106.4
1999,Bac Lieu,26.73,29.81,24.59,82.73,2826.22,Ngo,0.8,0.3
2000,Bac Lieu,26.93,29.98,24.85,82.58,2393.37,Khoai,1.1,0.2
2000,Bac Lieu,26.93,29.98,24.85,82.58,2393.37,Lua dong xuan,144.6,34.4
2000,Bac Lieu,26.93,29.98,24.85,82.58,2393.37,Lua he thu,363.2,84.6
2000,Bac Lieu,26.93,29.98,24.85,82.58,2393.37,Lua mi,0,-2.84E-14
2000,Bac Lieu,26.93,29.98,24.85,82.58,2393.37,Lua mua,385.7,98.3
2000,Bac Lieu,26.93,29.98,24.85,82.58,2393.37,Ngo,0.8,0.3
2001,Bac Lieu,27.09,30.14,25.01,82.15,2327.99,Khoai,1,0.2
2001,Bac Lieu,27.09,30.14,25.01,82.15,2327.99,Lua dong xuan,104.4,25.7
2001,Bac Lieu,27.09,30.14,25.01,82.15,2327.99,Lua he thu,311.3,72.9
2001,Bac Lieu,27.09,30.14,25.01,82.15,2327.99,Lua mi,0,2.84E-14
2001,Bac Lieu,27.09,30.14,25.01,82.15,2327.99,Lua mua,311.3,79.5
2001,Bac Lieu,27.09,30.14,25.01,82.15,2327.99,Ngo,0.6,0.2
2002,Bac Lieu,27.54,30.81,25.32,78.87,1833.31,Khoai,1.9,0.3
2002,Bac Lieu,27.54,30.81,25.32,78.87,1833.31,Lua dong xuan,84,19
2002,Bac Lieu,27.54,30.81,25.32,78.87,1833.31,Lua he thu,322.4,72.7
2002,Bac Lieu,27.54,30.81,25.32,78.87,1833.31,Lua mi,-1.14E-13,0
2002,Bac Lieu,27.54,30.81,25.32,78.87,1833.31,Lua mua,287.7,78.1
2002,Bac Lieu,27.54,30.81,25.32,78.87,1833.31,Ngo,1.2,0.2
2003,Bac Lieu,27.25,30.32,25.16,80.46,2275.35,Khoai,2.3,0.4
2003,Bac Lieu,27.25,30.32,25.16,80.46,2275.35,Lua dong xuan,78.6,19.2
2003,Bac Lieu,27.25,30.32,25.16,80.46,2275.35,Lua he thu,259.4,58.3
2003,Bac Lieu,27.25,30.32,25.16,80.46,2275.35,Lua mi,0,-2.84E-14
2003,Bac Lieu,27.25,30.32,25.16,80.46,2275.35,Lua mua,289.9,72.9
2003,Bac Lieu,27.25,30.32,25.16,80.46,2275.35,Ngo,1.1,0.3
2004,Bac Lieu,27.14,30.21,24.99,79.99,1927.23,Khoai,1.9,0.3
2004,Bac Lieu,27.14,30.21,24.99,79.99,1927.23,Lua dong xuan,61.5,11.3
2004,Bac Lieu,27.14,30.21,24.99,79.99,1927.23,Lua he thu,262,56.6
2004,Bac Lieu,27.14,30.21,24.99,79.99,1927.23,Lua mi,1.14E-13,-2.84E-14
2004,Bac Lieu,27.14,30.21,24.99,79.99,1927.23,Lua mua,290.9,69.4
2004,Bac Lieu,27.14,30.21,24.99,79.99,1927.23,Ngo,2.3,0.4
2005,Bac Lieu,27.18,30.29,25.01,80.32,2155.26,Khoai,3,0.5
2005,Bac Lieu,27.18,30.29,25.01,80.32,2155.26,Lua dong xuan,94.6,18.6
2005,Bac Lieu,27.18,30.29,25.01,80.32,2155.26,Lua he thu,277.4,58.6
2005,Bac Lieu,27.18,30.29,25.01,80.32,2155.26,Lua mi,0,0
2005,Bac Lieu,27.18,30.29,25.01,80.32,2155.26,Lua mua,289.5,64.1
2005,Bac Lieu,27.18,30.29,25.01,80.32,2155.26,Ngo,2.1,0.5
2006,Bac Lieu,27.18,30.24,25.08,81.01,2271.98,Khoai,3,0.5
2006,Bac Lieu,27.18,30.24,25.08,81.01,2271.98,Lua dong xuan,157,28
2006,Bac Lieu,27.18,30.24,25.08,81.01,2271.98,Lua he thu,227,50.8
2006,Bac Lieu,27.18,30.24,25.08,81.01,2271.98,Lua mi,-1.14E-13,0
2006,Bac Lieu,27.18,30.24,25.08,81.01,2271.98,Lua mua,293.2,65.3
2006,Bac Lieu,27.18,30.24,25.08,81.01,2271.98,Ngo,2.1,0.5
2007,Bac Lieu,27.09,30.22,24.94,81.2,2370.51,Khoai,3.2,0.6
2007,Bac Lieu,27.09,30.22,24.94,81.2,2370.51,Lua dong xuan,176.9,33.9
2007,Bac Lieu,27.09,30.22,24.94,81.2,2370.51,Lua he thu,224.9,53.3
2007,Bac Lieu,27.09,30.22,24.94,81.2,2370.51,Lua mi,0,0
2007,Bac Lieu,27.09,30.22,24.94,81.2,2370.51,Lua mua,291.4,62.7
2007,Bac Lieu,27.09,30.22,24.94,81.2,2370.51,Ngo,0.9,0.2
2008,Bac Lieu,26.87,30.09,24.72,81.55,2457.52,Khoai,3.3,0.6
2008,Bac Lieu,26.87,30.09,24.72,81.55,2457.52,Lua dong xuan,232.7,40
2008,Bac Lieu,26.87,30.09,24.72,81.55,2457.52,Lua he thu,234.6,49.1
2008,Bac Lieu,26.87,30.09,24.72,81.55,2457.52,Lua mi,0,0
2008,Bac Lieu,26.87,30.09,24.72,81.55,2457.52,Lua mua,297.1,65.9
2008,Bac Lieu,26.87,30.09,24.72,81.55,2457.52,Ngo,0.7,0.2
2009,Bac Lieu,27.07,30.15,24.93,82.49,2110.12,Khoai,3.3,0.6
2009,Bac Lieu,27.07,30.15,24.93,82.49,2110.12,Lua dong xuan,246.1,42.2
2009,Bac Lieu,27.07,30.15,24.93,82.49,2110.12,Lua he thu,257.6,55.8
2009,Bac Lieu,27.07,30.15,24.93,82.49,2110.12,Lua mi,0,0
2009,Bac Lieu,27.07,30.15,24.93,82.49,2110.12,Lua mua,316.6,68.5
2009,Bac Lieu,27.07,30.15,24.93,82.49,2110.12,Ngo,0.7,0.1
2010,Bac Lieu,27.6,30.84,25.46,80.67,2665.99,Khoai,3.4,0.6
2010,Bac Lieu,27.6,30.84,25.46,80.67,2665.99,Lua dong xuan,251.6,44.6
2010,Bac Lieu,27.6,30.84,25.46,80.67,2665.99,Lua he thu,287.3,56.9
2010,Bac Lieu,27.6,30.84,25.46,80.67,2665.99,Lua mi,0,0
2010,Bac Lieu,27.6,30.84,25.46,80.67,2665.99,Lua mua,270.6,56.8
2010,Bac Lieu,27.6,30.84,25.46,80.67,2665.99,Ngo,0.7,0.1
2011,Bac Lieu,26.99,30.02,24.93,81.48,2209.3,Khoai,3.3,0.6
2011,Bac Lieu,26.99,30.02,24.93,81.48,2209.3,Lua dong xuan,305.3,45.8
2011,Bac Lieu,26.99,30.02,24.93,81.48,2209.3,Lua he thu,301.1,55.8
2011,Bac Lieu,26.99,30.02,24.93,81.48,2209.3,Lua mi,0,0
2011,Bac Lieu,26.99,30.02,24.93,81.48,2209.3,Lua mua,302.5,62.7
2011,Bac Lieu,26.99,30.02,24.93,81.48,2209.3,Ngo,0.7,0.1
2012,Bac Lieu,27.29,30.39,25.21,82.36,2331.98,Khoai,3.4,0.6
2012,Bac Lieu,27.29,30.39,25.21,82.36,2331.98,Lua dong xuan,346.1,54.6
2012,Bac Lieu,27.29,30.39,25.21,82.36,2331.98,Lua he thu,299.4,55.8
2012,Bac Lieu,27.29,30.39,25.21,82.36,2331.98,Lua mi,-1.14E-13,2.84E-14
2012,Bac Lieu,27.29,30.39,25.21,82.36,2331.98,Lua mua,341.2,68.3
2012,Bac Lieu,27.29,30.39,25.21,82.36,2331.98,Ngo,0.6,0.1
2013,Bac Lieu,27.35,30.37,25.31,81.22,2395.63,Khoai,2.7,0.4
2013,Bac Lieu,27.35,30.37,25.31,81.22,2395.63,Lua dong xuan,325.2,49.3
2013,Bac Lieu,27.35,30.37,25.31,81.22,2395.63,Lua he thu,309,56.4
2013,Bac Lieu,27.35,30.37,25.31,81.22,2395.63,Lua mi,0,0
2013,Bac Lieu,27.35,30.37,25.31,81.22,2395.63,Lua mua,383.7,76.1
2013,Bac Lieu,27.35,30.37,25.31,81.22,2395.63,Ngo,0.9,0.2
2014,Bac Lieu,27.3,30.51,25.1,80.84,2285.97,Khoai,3.8,0.6
2014,Bac Lieu,27.3,30.51,25.1,80.84,2285.97,Lua dong xuan,334.7,46.2
2014,Bac Lieu,27.3,30.51,25.1,80.84,2285.97,Lua he thu,310.1,56
2014,Bac Lieu,27.3,30.51,25.1,80.84,2285.97,Lua mi,0,2.84E-14
2014,Bac Lieu,27.3,30.51,25.1,80.84,2285.97,Lua mua,392.2,78
2014,Bac Lieu,27.3,30.51,25.1,80.84,2285.97,Ngo,0.8,0.2
2015,Bac Lieu,27.59,30.84,25.39,79.6,2025.18,Khoai,2.8,0.5
2015,Bac Lieu,27.59,30.84,25.39,79.6,2025.18,Lua dong xuan,339.2,46.6
2015,Bac Lieu,27.59,30.84,25.39,79.6,2025.18,Lua he thu,584.8,101.8
2015,Bac Lieu,27.59,30.84,25.39,79.6,2025.18,Lua mi,0,-0.1
2015,Bac Lieu,27.59,30.84,25.39,79.6,2025.18,Lua mua,140.5,32.2
2015,Bac Lieu,27.59,30.84,25.39,79.6,2025.18,Ngo,0.8,0.2
2016,Bac Lieu,27.84,31.01,25.74,80.41,2204.45,Khoai,3.1,0.5
2016,Bac Lieu,27.84,31.01,25.74,80.41,2204.45,Lua dong xuan,308.5,45.6
2016,Bac Lieu,27.84,31.01,25.74,80.41,2204.45,Lua he thu,563.7,97.8
2016,Bac Lieu,27.84,31.01,25.74,80.41,2204.45,Lua mi,0,-0.1
2016,Bac Lieu,27.84,31.01,25.74,80.41,2204.45,Lua mua,120.9,28.9
2016,Bac Lieu,27.84,31.01,25.74,80.41,2204.45,Ngo,0.8,0.2
2017,Bac Lieu,27.43,30.44,25.39,81.91,2655.27,Khoai,3,0.5
2017,Bac Lieu,27.43,30.44,25.39,81.91,2655.27,Lua dong xuan,333.3,46.3
2017,Bac Lieu,27.43,30.44,25.39,81.91,2655.27,Lua he thu,582.6,103
2017,Bac Lieu,27.43,30.44,25.39,81.91,2655.27,Lua mi,0,2.84E-14
2017,Bac Lieu,27.43,30.44,25.39,81.91,2655.27,Lua mua,149,31.3
2017,Bac Lieu,27.43,30.44,25.39,81.91,2655.27,Ngo,0.8,0.2
2018,Bac Lieu,27.49,30.55,25.4,80.99,2091.5,Khoai,3.3,528
2018,Bac Lieu,27.49,30.55,25.4,80.99,2091.5,Lua dong xuan,356.6,48.4
2018,Bac Lieu,27.49,30.55,25.4,80.99,2091.5,Lua he thu,596.7,102.9
2018,Bac Lieu,27.49,30.55,25.4,80.99,2091.5,Lua mi,0,0
2018,Bac Lieu,27.49,30.55,25.4,80.99,2091.5,Lua mua,162,33.7
2018,Bac Lieu,27.49,30.55,25.4,80.99,2091.5,Ngo,1,0.2
2019,Bac Lieu,27.7,30.84,25.53,79.67,1954.74,Khoai,3.4,530
2019,Bac Lieu,27.7,30.84,25.53,79.67,1954.74,Lua dong xuan,360.1,48.3
2019,Bac Lieu,27.7,30.84,25.53,79.67,1954.74,Lua he thu,605.6,103.1
2019,Bac Lieu,27.7,30.84,25.53,79.67,1954.74,Lua mi,0,1
2019,Bac Lieu,27.7,30.84,25.53,79.67,1954.74,Lua mua,181.9,36.8
2019,Bac Lieu,27.7,30.84,25.53,79.67,1954.74,Ngo,1,0.2
2020,Bac Lieu,27.79,30.89,25.65,79.59,2272,Khoai,2.9,449
2020,Bac Lieu,27.79,30.89,25.65,79.59,2272,Lua dong xuan,364.2,47.5
2020,Bac Lieu,27.79,30.89,25.65,79.59,2272,Lua he thu,585.4,100.5
2020,Bac Lieu,27.79,30.89,25.65,79.59,2272,Lua mi,-0.1,2.84E-14
2020,Bac Lieu,27.79,30.89,25.65,79.59,2272,Lua mua,221.6,39.6
2020,Bac Lieu,27.79,30.89,25.65,79.59,2272,Ngo,1,0.2
2021,Bac Lieu,27.31,30.27,25.24,81.25,2418.38,Khoai,2.5,368
2021,Bac Lieu,27.31,30.27,25.24,81.25,2418.38,Lua dong xuan,377,48.8
2021,Bac Lieu,27.31,30.27,25.24,81.25,2418.38,Lua he thu,609.5,102.8
2021,Bac Lieu,27.31,30.27,25.24,81.25,2418.38,Lua mi,-0.1,0
2021,Bac Lieu,27.31,30.27,25.24,81.25,2418.38,Lua mua,239.9,39.4
2021,Bac Lieu,27.31,30.27,25.24,81.25,2418.38,Ngo,1.1,0.2
2022,Bac Lieu,27.45,30.43,25.39,81.11,2790.36,Khoai,2.5,361.4
2022,Bac Lieu,27.45,30.43,25.39,81.11,2790.36,Lua dong xuan,364.9,48.2
2022,Bac Lieu,27.45,30.43,25.39,81.11,2790.36,Lua he thu,580.9,99.2
2022,Bac Lieu,27.45,30.43,25.39,81.11,2790.36,Lua mi,-2.27E-13,0
2022,Bac Lieu,27.45,30.43,25.39,81.11,2790.36,Lua mua,252,41.5
2022,Bac Lieu,27.45,30.43,25.39,81.11,2790.36,Ngo,1.2,0.2
2023,Bac Lieu,27.76,30.71,25.71,81.47,2200.02,Khoai,1.5,209.7
2023,Bac Lieu,27.76,30.71,25.71,81.47,2200.02,Lua dong xuan,335.7,43.3
2023,Bac Lieu,27.76,30.71,25.71,81.47,2200.02,Lua he thu,631.8,101.9
2023,Bac Lieu,27.76,30.71,25.71,81.47,2200.02,Lua mi,-0.1,2.84E-14
2023,Bac Lieu,27.76,30.71,25.71,81.47,2200.02,Lua mua,271.5,46.5
2023,Bac Lieu,27.76,30.71,25.71,81.47,2200.02,Ngo,1.4,0.2
2024,Bac Lieu,28.25,31.23,26.14,80.57,2429.8,Khoai,1.4,204
2024,Bac Lieu,28.25,31.23,26.14,80.57,2429.8,Lua dong xuan,349.4,45
2024,Bac Lieu,28.25,31.23,26.14,80.57,2429.8,Lua he thu,623.9,99.7
2024,Bac Lieu,28.25,31.23,26.14,80.57,2429.8,Lua mi,0,-0.1
2024,Bac Lieu,28.25,31.23,26.14,80.57,2429.8,Lua mua,293.4,46.9
2024,Bac Lieu,28.25,31.23,26.14,80.57,2429.8,Ngo,1.6,0.3
1995,Bac Ninh,23.69,27.08,20.98,78.41,1876.31,Khoai,30.2,4.6
1995,Bac Ninh,23.69,27.08,20.98,78.41,1876.31,Lua dong xuan,125,39.5
1995,Bac Ninh,23.69,27.08,20.98,78.41,1876.31,Lua mi,0,0
1995,Bac Ninh,23.69,27.08,20.98,78.41,1876.31,Lua mua,122.9,39.4
1995,Bac Ninh,23.69,27.08,20.98,78.41,1876.31,Ngo,7.3,3.9
1996,Bac Ninh,23.57,27.24,20.62,78.1,2073.4,Khoai,25.9,4.3
1996,Bac Ninh,23.57,27.24,20.62,78.1,2073.4,Lua dong xuan,171.5,39.3
1996,Bac Ninh,23.57,27.24,20.62,78.1,2073.4,Lua mi,0,0
1996,Bac Ninh,23.57,27.24,20.62,78.1,2073.4,Lua mua,122.9,40.1
1996,Bac Ninh,23.57,27.24,20.62,78.1,2073.4,Ngo,13.6,5.3
1997,Bac Ninh,24.1,27.42,21.49,80.17,2292.03,Khoai,27.6,3.2
1997,Bac Ninh,24.1,27.42,21.49,80.17,2292.03,Lua dong xuan,177.2,40.5
1997,Bac Ninh,24.1,27.42,21.49,80.17,2292.03,Lua mi,0,0
1997,Bac Ninh,24.1,27.42,21.49,80.17,2292.03,Lua mua,141.5,40.7
1997,Bac Ninh,24.1,27.42,21.49,80.17,2292.03,Ngo,19,6.8
1998,Bac Ninh,24.85,28.52,21.92,77.55,1652.63,Khoai,17.5,2.2
1998,Bac Ninh,24.85,28.52,21.92,77.55,1652.63,Lua dong xuan,174.2,40.8
1998,Bac Ninh,24.85,28.52,21.92,77.55,1652.63,Lua mi,0,0
1998,Bac Ninh,24.85,28.52,21.92,77.55,1652.63,Lua mua,177.6,41.5
1998,Bac Ninh,24.85,28.52,21.92,77.55,1652.63,Ngo,13.9,6.8
1999,Bac Ninh,24.09,27.67,21.24,78.34,1701.02,Khoai,27.9,3.1
1999,Bac Ninh,24.09,27.67,21.24,78.34,1701.02,Lua dong xuan,192,41
1999,Bac Ninh,24.09,27.67,21.24,78.34,1701.02,Lua mi,5.68E-14,0
1999,Bac Ninh,24.09,27.67,21.24,78.34,1701.02,Lua mua,196.2,41.7
1999,Bac Ninh,24.09,27.67,21.24,78.34,1701.02,Ngo,15.9,6
2000,Bac Ninh,23.97,27.48,21.12,79.12,1949.1,Khoai,30.6,3.3
2000,Bac Ninh,23.97,27.48,21.12,79.12,1949.1,Lua dong xuan,231.3,41.5
2000,Bac Ninh,23.97,27.48,21.12,79.12,1949.1,Lua mi,0.2,0.1
2000,Bac Ninh,23.97,27.48,21.12,79.12,1949.1,Lua mua,210.1,42.5
2000,Bac Ninh,23.97,27.48,21.12,79.12,1949.1,Ngo,11.5,4.4
2001,Bac Ninh,23.93,27.34,21.15,80.5,2060.03,Khoai,20.3,2.1
2001,Bac Ninh,23.93,27.34,21.15,80.5,2060.03,Lua dong xuan,219.2,41.8
2001,Bac Ninh,23.93,27.34,21.15,80.5,2060.03,Lua mi,0.1,0.1
2001,Bac Ninh,23.93,27.34,21.15,80.5,2060.03,Lua mua,212,42.2
2001,Bac Ninh,23.93,27.34,21.15,80.5,2060.03,Ngo,6.9,2.6
2002,Bac Ninh,24.26,27.77,21.49,80.83,1901.79,Khoai,27.8,2.8
2002,Bac Ninh,24.26,27.77,21.49,80.83,1901.79,Lua dong xuan,226.8,41.6
2002,Bac Ninh,24.26,27.77,21.49,80.83,1901.79,Lua mi,0.1,0
2002,Bac Ninh,24.26,27.77,21.49,80.83,1901.79,Lua mua,219.8,41.9
2002,Bac Ninh,24.26,27.77,21.49,80.83,1901.79,Ngo,6.1,2.2
2003,Bac Ninh,24.77,28.65,21.6,77.92,1678.28,Khoai,27.2,2.7
2003,Bac Ninh,24.77,28.65,21.6,77.92,1678.28,Lua dong xuan,234.2,41.2
2003,Bac Ninh,24.77,28.65,21.6,77.92,1678.28,Lua mi,0.1,0.1
2003,Bac Ninh,24.77,28.65,21.6,77.92,1678.28,Lua mua,207.8,41.3
2003,Bac Ninh,24.77,28.65,21.6,77.92,1678.28,Ngo,6.5,2.3
2004,Bac Ninh,23.88,27.66,20.79,77.83,1493.56,Khoai,27.1,2.2
2004,Bac Ninh,23.88,27.66,20.79,77.83,1493.56,Lua dong xuan,238.9,40.4
2004,Bac Ninh,23.88,27.66,20.79,77.83,1493.56,Lua mi,0,0
2004,Bac Ninh,23.88,27.66,20.79,77.83,1493.56,Lua mua,208.8,40.4
2004,Bac Ninh,23.88,27.66,20.79,77.83,1493.56,Ngo,7.6,2.4
2005,Bac Ninh,23.99,27.4,21.22,78.44,1642.4,Khoai,29.8,2.3
2005,Bac Ninh,23.99,27.4,21.22,78.44,1642.4,Lua dong xuan,238,39.8
2005,Bac Ninh,23.99,27.4,21.22,78.44,1642.4,Lua mi,0,0
2005,Bac Ninh,23.99,27.4,21.22,78.44,1642.4,Lua mua,199.8,40
2005,Bac Ninh,23.99,27.4,21.22,78.44,1642.4,Ngo,6.8,2.4
2006,Bac Ninh,24.37,28.05,21.41,77.71,1533.54,Khoai,24.1,1.9
2006,Bac Ninh,24.37,28.05,21.41,77.71,1533.54,Lua dong xuan,233.8,39.5
2006,Bac Ninh,24.37,28.05,21.41,77.71,1533.54,Lua mi,0,0
2006,Bac Ninh,24.37,28.05,21.41,77.71,1533.54,Lua mua,200.9,39.8
2006,Bac Ninh,24.37,28.05,21.41,77.71,1533.54,Ngo,7.3,2.3
2007,Bac Ninh,24.2,27.98,21.15,77.35,1680.94,Khoai,19,1.5
2007,Bac Ninh,24.2,27.98,21.15,77.35,1680.94,Lua dong xuan,212.1,39.2
2007,Bac Ninh,24.2,27.98,21.15,77.35,1680.94,Lua mi,0,2.3
2007,Bac Ninh,24.2,27.98,21.15,77.35,1680.94,Lua mua,208.5,39.3
2007,Bac Ninh,24.2,27.98,21.15,77.35,1680.94,Ngo,9,2.5
2008,Bac Ninh,23.4,27.04,20.54,78.05,1998.99,Khoai,14.7,1.2
2008,Bac Ninh,23.4,27.04,20.54,78.05,1998.99,Lua dong xuan,241.3,38
2008,Bac Ninh,23.4,27.04,20.54,78.05,1998.99,Lua mi,0,1.4
2008,Bac Ninh,23.4,27.04,20.54,78.05,1998.99,Lua mua,199,38.2
2008,Bac Ninh,23.4,27.04,20.54,78.05,1998.99,Ngo,9.8,2.5
2009,Bac Ninh,24.5,28.28,21.5,77.27,1649.24,Khoai,6.5,0.6
2009,Bac Ninh,24.5,28.28,21.5,77.27,1649.24,Lua dong xuan,239.4,37.3
2009,Bac Ninh,24.5,28.28,21.5,77.27,1649.24,Lua mi,0,0
2009,Bac Ninh,24.5,28.28,21.5,77.27,1649.24,Lua mua,205.5,37.5
2009,Bac Ninh,24.5,28.28,21.5,77.27,1649.24,Ngo,8.8,2.4
2010,Bac Ninh,24.58,28.21,21.59,77.44,2021.79,Khoai,11.7,1
2010,Bac Ninh,24.58,28.21,21.59,77.44,2021.79,Lua dong xuan,239.3,37.1
2010,Bac Ninh,24.58,28.21,21.59,77.44,2021.79,Lua mi,0,1.42E-14
2010,Bac Ninh,24.58,28.21,21.59,77.44,2021.79,Lua mua,200.8,37.2
2010,Bac Ninh,24.58,28.21,21.59,77.44,2021.79,Ngo,10.7,2.6
2011,Bac Ninh,23.04,26.38,20.27,77.47,1716.41,Khoai,10.2,0.9
2011,Bac Ninh,23.04,26.38,20.27,77.47,1716.41,Lua dong xuan,259.6,36.8
2011,Bac Ninh,23.04,26.38,20.27,77.47,1716.41,Lua mi,0,0
2011,Bac Ninh,23.04,26.38,20.27,77.47,1716.41,Lua mua,208.4,36.9
2011,Bac Ninh,23.04,26.38,20.27,77.47,1716.41,Ngo,12.5,2.8
2012,Bac Ninh,24.05,27.3,21.36,80.22,1924.74,Khoai,9.2,0.8
2012,Bac Ninh,24.05,27.3,21.36,80.22,1924.74,Lua dong xuan,251.1,36.5
2012,Bac Ninh,24.05,27.3,21.36,80.22,1924.74,Lua mi,0,1.42E-14
2012,Bac Ninh,24.05,27.3,21.36,80.22,1924.74,Lua mua,202.3,36.1
2012,Bac Ninh,24.05,27.3,21.36,80.22,1924.74,Ngo,18.5,4.3
2013,Bac Ninh,23.95,27.47,21.15,79.55,2146.54,Khoai,7.5,0.6
2013,Bac Ninh,23.95,27.47,21.15,79.55,2146.54,Lua dong xuan,243.8,36.4
2013,Bac Ninh,23.95,27.47,21.15,79.55,2146.54,Lua mi,0,0
2013,Bac Ninh,23.95,27.47,21.15,79.55,2146.54,Lua mua,180.4,36.1
2013,Bac Ninh,23.95,27.47,21.15,79.55,2146.54,Ngo,18.3,3.8
2014,Bac Ninh,24.22,27.72,21.36,79.11,1938.69,Khoai,6.5,0.6
2014,Bac Ninh,24.22,27.72,21.36,79.11,1938.69,Lua dong xuan,228.9,36.3
2014,Bac Ninh,24.22,27.72,21.36,79.11,1938.69,Lua mi,0,0
2014,Bac Ninh,24.22,27.72,21.36,79.11,1938.69,Lua mua,210.5,36.4
2014,Bac Ninh,24.22,27.72,21.36,79.11,1938.69,Ngo,17.6,3.7
2015,Bac Ninh,25.08,28.62,22.24,78.79,1930.88,Khoai,5.8,0.5
2015,Bac Ninh,25.08,28.62,22.24,78.79,1930.88,Lua dong xuan,237.4,36
2015,Bac Ninh,25.08,28.62,22.24,78.79,1930.88,Lua mi,0,0
2015,Bac Ninh,25.08,28.62,22.24,78.79,1930.88,Lua mua,207.4,35.9
2015,Bac Ninh,25.08,28.62,22.24,78.79,1930.88,Ngo,17.5,3.6
2016,Bac Ninh,24.65,28.16,21.79,77.93,1826.87,Khoai,3.4,0.3
2016,Bac Ninh,24.65,28.16,21.79,77.93,1826.87,Lua dong xuan,231.3,35.6
2016,Bac Ninh,24.65,28.16,21.79,77.93,1826.87,Lua mi,0.1,-0.1
2016,Bac Ninh,24.65,28.16,21.79,77.93,1826.87,Lua mua,207.8,35.2
2016,Bac Ninh,24.65,28.16,21.79,77.93,1826.87,Ngo,15.5,3.1
2017,Bac Ninh,24.5,27.77,21.84,78.8,2165.52,Khoai,2.5,0.2
2017,Bac Ninh,24.5,27.77,21.84,78.8,2165.52,Lua dong xuan,224.9,34.9
2017,Bac Ninh,24.5,27.77,21.84,78.8,2165.52,Lua mi,5.68E-14,0
2017,Bac Ninh,24.5,27.77,21.84,78.8,2165.52,Lua mua,190,34.2
2017,Bac Ninh,24.5,27.77,21.84,78.8,2165.52,Ngo,12.4,2.4
2018,Bac Ninh,24.53,27.98,21.8,79.28,2147.3,Khoai,2.1,195
2018,Bac Ninh,24.53,27.98,21.8,79.28,2147.3,Lua dong xuan,222.7,33.7
2018,Bac Ninh,24.53,27.98,21.8,79.28,2147.3,Lua mi,0,0
2018,Bac Ninh,24.53,27.98,21.8,79.28,2147.3,Lua mua,187.7,32.7
2018,Bac Ninh,24.53,27.98,21.8,79.28,2147.3,Ngo,10.3,2.1
2019,Bac Ninh,25.15,28.64,22.36,79.99,1808.46,Khoai,1.6,150
2019,Bac Ninh,25.15,28.64,22.36,79.99,1808.46,Lua dong xuan,209.5,33.1
2019,Bac Ninh,25.15,28.64,22.36,79.99,1808.46,Lua mi,0,-0.1
2019,Bac Ninh,25.15,28.64,22.36,79.99,1808.46,Lua mua,193.2,32.5
2019,Bac Ninh,25.15,28.64,22.36,79.99,1808.46,Ngo,8.6,1.6
2020,Bac Ninh,24.82,28.16,22.12,77.87,1939.35,Khoai,1.6,143
2020,Bac Ninh,24.82,28.16,22.12,77.87,1939.35,Lua dong xuan,206.9,31.9
2020,Bac Ninh,24.82,28.16,22.12,77.87,1939.35,Lua mi,0,0
2020,Bac Ninh,24.82,28.16,22.12,77.87,1939.35,Lua mua,197.2,31.5
2020,Bac Ninh,24.82,28.16,22.12,77.87,1939.35,Ngo,6.9,1.3
2021,Bac Ninh,24.84,28.38,21.98,77.28,1746.96,Khoai,1.5,131
2021,Bac Ninh,24.84,28.38,21.98,77.28,1746.96,Lua dong xuan,206.5,31.1
2021,Bac Ninh,24.84,28.38,21.98,77.28,1746.96,Lua mi,0,0
2021,Bac Ninh,24.84,28.38,21.98,77.28,1746.96,Lua mua,194.7,30.7
2021,Bac Ninh,24.84,28.38,21.98,77.28,1746.96,Ngo,5.7,1.1
2022,Bac Ninh,24.25,27.75,21.39,78.41,2076.05,Khoai,1.3,113
2022,Bac Ninh,24.25,27.75,21.39,78.41,2076.05,Lua dong xuan,203.7,30.4
2022,Bac Ninh,24.25,27.75,21.39,78.41,2076.05,Lua mi,0,0
2022,Bac Ninh,24.25,27.75,21.39,78.41,2076.05,Lua mua,188.2,29.7
2022,Bac Ninh,24.25,27.75,21.39,78.41,2076.05,Ngo,5.3,1
2023,Bac Ninh,25.15,28.66,22.23,77.13,1669.1,Khoai,1.4,117.7
2023,Bac Ninh,25.15,28.66,22.23,77.13,1669.1,Lua dong xuan,196.7,29.7
2023,Bac Ninh,25.15,28.66,22.23,77.13,1669.1,Lua mi,0.1,0.1
2023,Bac Ninh,25.15,28.66,22.23,77.13,1669.1,Lua mua,178.5,29
2023,Bac Ninh,25.15,28.66,22.23,77.13,1669.1,Ngo,5.1,0.9
2024,Bac Ninh,25.24,28.64,22.48,78.16,2321.46,Khoai,2,165.6
2024,Bac Ninh,25.24,28.64,22.48,78.16,2321.46,Lua dong xuan,193.6,28.9
2024,Bac Ninh,25.24,28.64,22.48,78.16,2321.46,Lua mi,0,0
2024,Bac Ninh,25.24,28.64,22.48,78.16,2321.46,Lua mua,146.2,28.6
2024,Bac Ninh,25.24,28.64,22.48,78.16,2321.46,Ngo,4.7,1
1995,Ben Tre,27.07,30.38,24.89,81.63,1895.49,Khoai,10,1.3
1995,Ben Tre,27.07,30.38,24.89,81.63,1895.49,Lua dong xuan,91.1,22.1
1995,Ben Tre,27.07,30.38,24.89,81.63,1895.49,Lua he thu,77,21
1995,Ben Tre,27.07,30.38,24.89,81.63,1895.49,Lua mi,-5.68E-14,0
1995,Ben Tre,27.07,30.38,24.89,81.63,1895.49,Lua mua,151.2,49.6
1995,Ben Tre,27.07,30.38,24.89,81.63,1895.49,Ngo,3.1,1.2
1995,Ben Tre,27.07,30.38,24.89,81.63,1895.49,San,8.5,
1996,Ben Tre,26.77,29.96,24.66,83.5,2182.12,Khoai,10,0.6
1996,Ben Tre,26.77,29.96,24.66,83.5,2182.12,Lua dong xuan,95.1,21.8
1996,Ben Tre,26.77,29.96,24.66,83.5,2182.12,Lua he thu,95.5,25.9
1996,Ben Tre,26.77,29.96,24.66,83.5,2182.12,Lua mi,0,0
1996,Ben Tre,26.77,29.96,24.66,83.5,2182.12,Lua mua,162.1,50
1996,Ben Tre,26.77,29.96,24.66,83.5,2182.12,Ngo,3.1,1.2
1996,Ben Tre,26.77,29.96,24.66,83.5,2182.12,San,8.5,
1997,Ben Tre,27.15,30.4,25.04,81.83,1543.74,Khoai,4.3,0.5
1997,Ben Tre,27.15,30.4,25.04,81.83,1543.74,Lua dong xuan,103.5,23.6
1997,Ben Tre,27.15,30.4,25.04,81.83,1543.74,Lua he thu,81.8,23.3
1997,Ben Tre,27.15,30.4,25.04,81.83,1543.74,Lua mi,5.68E-14,0
1997,Ben Tre,27.15,30.4,25.04,81.83,1543.74,Lua mua,133.9,51.9
1997,Ben Tre,27.15,30.4,25.04,81.83,1543.74,Ngo,2.4,0.9
1997,Ben Tre,27.15,30.4,25.04,81.83,1543.74,San,5.1,
1998,Ben Tre,27.73,31.01,25.66,81.7,2087.9,Khoai,3.4,0.4
1998,Ben Tre,27.73,31.01,25.66,81.7,2087.9,Lua dong xuan,101.5,23.6
1998,Ben Tre,27.73,31.01,25.66,81.7,2087.9,Lua he thu,98.2,26.5
1998,Ben Tre,27.73,31.01,25.66,81.7,2087.9,Lua mi,0,0
1998,Ben Tre,27.73,31.01,25.66,81.7,2087.9,Lua mua,138.7,50.7
1998,Ben Tre,27.73,31.01,25.66,81.7,2087.9,Ngo,2.5,0.9
1998,Ben Tre,27.73,31.01,25.66,81.7,2087.9,San,5.5,
1999,Ben Tre,26.83,29.94,24.81,84.03,2283.41,Khoai,5.1,0.7
1999,Ben Tre,26.83,29.94,24.81,84.03,2283.41,Lua dong xuan,90.9,23.7
1999,Ben Tre,26.83,29.94,24.81,84.03,2283.41,Lua he thu,100.6,28.4
1999,Ben Tre,26.83,29.94,24.81,84.03,2283.41,Lua mi,0,1.42E-14
1999,Ben Tre,26.83,29.94,24.81,84.03,2283.41,Lua mua,135.5,49
1999,Ben Tre,26.83,29.94,24.81,84.03,2283.41,Ngo,1.9,0.6
1999,Ben Tre,26.83,29.94,24.81,84.03,2283.41,San,5,
2000,Ben Tre,27.02,30.15,25.01,83.54,2097.16,Khoai,3.4,0.4
2000,Ben Tre,27.02,30.15,25.01,83.54,2097.16,Lua dong xuan,112.5,23.2
2000,Ben Tre,27.02,30.15,25.01,83.54,2097.16,Lua he thu,115.1,29.5
2000,Ben Tre,27.02,30.15,25.01,83.54,2097.16,Lua mi,0,1.42E-14
2000,Ben Tre,27.02,30.15,25.01,83.54,2097.16,Lua mua,129.7,48.9
2000,Ben Tre,27.02,30.15,25.01,83.54,2097.16,Ngo,2.2,0.8
2000,Ben Tre,27.02,30.15,25.01,83.54,2097.16,San,5.2,
2001,Ben Tre,27.17,30.32,25.18,83.19,1901.58,Khoai,4.7,0.6
2001,Ben Tre,27.17,30.32,25.18,83.19,1901.58,Lua dong xuan,110.3,23.8
2001,Ben Tre,27.17,30.32,25.18,83.19,1901.58,Lua he thu,113.6,30
2001,Ben Tre,27.17,30.32,25.18,83.19,1901.58,Lua mi,0,0
2001,Ben Tre,27.17,30.32,25.18,83.19,1901.58,Lua mua,155.8,47
2001,Ben Tre,27.17,30.32,25.18,83.19,1901.58,Ngo,3.1,1
2001,Ben Tre,27.17,30.32,25.18,83.19,1901.58,San,4.7,
2002,Ben Tre,27.52,30.79,25.46,79.91,1527.25,Khoai,6.1,0.8
2002,Ben Tre,27.52,30.79,25.46,79.91,1527.25,Lua dong xuan,116.4,24.9
2002,Ben Tre,27.52,30.79,25.46,79.91,1527.25,Lua he thu,110.1,28.8
2002,Ben Tre,27.52,30.79,25.46,79.91,1527.25,Lua mi,0,1.42E-14
2002,Ben Tre,27.52,30.79,25.46,79.91,1527.25,Lua mua,165.6,45.9
2002,Ben Tre,27.52,30.79,25.46,79.91,1527.25,Ngo,3.4,1.1
2002,Ben Tre,27.52,30.79,25.46,79.91,1527.25,San,4.9,
2003,Ben Tre,27.24,30.35,25.26,81.73,2079.47,Khoai,4.2,0.5
2003,Ben Tre,27.24,30.35,25.26,81.73,2079.47,Lua dong xuan,114.5,23.6
2003,Ben Tre,27.24,30.35,25.26,81.73,2079.47,Lua he thu,101.4,27.3
2003,Ben Tre,27.24,30.35,25.26,81.73,2079.47,Lua mi,0,0
2003,Ben Tre,27.24,30.35,25.26,81.73,2079.47,Lua mua,165.1,44.6
2003,Ben Tre,27.24,30.35,25.26,81.73,2079.47,Ngo,2.6,0.8
2003,Ben Tre,27.24,30.35,25.26,81.73,2079.47,San,4.4,
2004,Ben Tre,27.13,30.2,25.08,81.16,1566.68,Khoai,1.9,0.2
2004,Ben Tre,27.13,30.2,25.08,81.16,1566.68,Lua dong xuan,114.2,22.5
2004,Ben Tre,27.13,30.2,25.08,81.16,1566.68,Lua he thu,103.4,26.5
2004,Ben Tre,27.13,30.2,25.08,81.16,1566.68,Lua mi,-5.68E-14,0
2004,Ben Tre,27.13,30.2,25.08,81.16,1566.68,Lua mua,150.5,41.5
2004,Ben Tre,27.13,30.2,25.08,81.16,1566.68,Ngo,2.8,0.8
2004,Ben Tre,27.13,30.2,25.08,81.16,1566.68,San,3.7,
2005,Ben Tre,27.13,30.25,25.1,81.57,1861.73,Khoai,1.9,0.3
2005,Ben Tre,27.13,30.25,25.1,81.57,1861.73,Lua dong xuan,96.4,21.8
2005,Ben Tre,27.13,30.25,25.1,81.57,1861.73,Lua he thu,90.3,24
2005,Ben Tre,27.13,30.25,25.1,81.57,1861.73,Lua mi,5.68E-14,0
2005,Ben Tre,27.13,30.25,25.1,81.57,1861.73,Lua mua,154.7,37.7
2005,Ben Tre,27.13,30.25,25.1,81.57,1861.73,Ngo,2.9,0.8
2005,Ben Tre,27.13,30.25,25.1,81.57,1861.73,San,3.7,
2006,Ben Tre,27.21,30.27,25.22,82.11,1947.03,Khoai,1.9,0.2
2006,Ben Tre,27.21,30.27,25.22,82.11,1947.03,Lua dong xuan,104.2,20.7
2006,Ben Tre,27.21,30.27,25.22,82.11,1947.03,Lua he thu,86.4,25.4
2006,Ben Tre,27.21,30.27,25.22,82.11,1947.03,Lua mi,0,0
2006,Ben Tre,27.21,30.27,25.22,82.11,1947.03,Lua mua,141.9,35.7
2006,Ben Tre,27.21,30.27,25.22,82.11,1947.03,Ngo,1.9,0.7
2006,Ben Tre,27.21,30.27,25.22,82.11,1947.03,San,2.1,
2007,Ben Tre,27.08,30.2,25.08,82.59,2182.12,Khoai,2,0.2
2007,Ben Tre,27.08,30.2,25.08,82.59,2182.12,Lua dong xuan,112.6,20.7
2007,Ben Tre,27.08,30.2,25.08,82.59,2182.12,Lua he thu,97.1,24.2
2007,Ben Tre,27.08,30.2,25.08,82.59,2182.12,Lua mi,0,0
2007,Ben Tre,27.08,30.2,25.08,82.59,2182.12,Lua mua,95.1,34.8
2007,Ben Tre,27.08,30.2,25.08,82.59,2182.12,Ngo,2.3,0.7
2007,Ben Tre,27.08,30.2,25.08,82.59,2182.12,San,2.5,
2008,Ben Tre,26.86,30.11,24.81,83.13,2143.34,Khoai,1.7,0.2
2008,Ben Tre,26.86,30.11,24.81,83.13,2143.34,Lua dong xuan,118.3,20.6
2008,Ben Tre,26.86,30.11,24.81,83.13,2143.34,Lua he thu,103.4,24.5
2008,Ben Tre,26.86,30.11,24.81,83.13,2143.34,Lua mi,-5.68E-14,0
2008,Ben Tre,26.86,30.11,24.81,83.13,2143.34,Lua mua,139.4,34.1
2008,Ben Tre,26.86,30.11,24.81,83.13,2143.34,Ngo,2.1,0.7
2008,Ben Tre,26.86,30.11,24.81,83.13,2143.34,San,2.2,
2009,Ben Tre,27.14,30.34,25.1,83.42,1889.82,Khoai,2.8,0.3
2009,Ben Tre,27.14,30.34,25.1,83.42,1889.82,Lua dong xuan,124.2,21.1
2009,Ben Tre,27.14,30.34,25.1,83.42,1889.82,Lua he thu,96.3,24.2
2009,Ben Tre,27.14,30.34,25.1,83.42,1889.82,Lua mi,0,0
2009,Ben Tre,27.14,30.34,25.1,83.42,1889.82,Lua mua,142.2,35.8
2009,Ben Tre,27.14,30.34,25.1,83.42,1889.82,Ngo,3.1,0.9
2009,Ben Tre,27.14,30.34,25.1,83.42,1889.82,San,2,
2010,Ben Tre,27.59,30.79,25.57,82.09,2262.33,Khoai,2,0.2
2010,Ben Tre,27.59,30.79,25.57,82.09,2262.33,Lua dong xuan,121.2,21.1
2010,Ben Tre,27.59,30.79,25.57,82.09,2262.33,Lua he thu,91,23.2
2010,Ben Tre,27.59,30.79,25.57,82.09,2262.33,Lua mi,0,-1.42E-14
2010,Ben Tre,27.59,30.79,25.57,82.09,2262.33,Lua mua,154.6,35.9
2010,Ben Tre,27.59,30.79,25.57,82.09,2262.33,Ngo,3.5,0.9
2010,Ben Tre,27.59,30.79,25.57,82.09,2262.33,San,,
2011,Ben Tre,26.99,30.11,25.01,82.81,1971.72,Khoai,1.2,0.1
2011,Ben Tre,26.99,30.11,25.01,82.81,1971.72,Lua dong xuan,105.6,20.2
2011,Ben Tre,26.99,30.11,25.01,82.81,1971.72,Lua he thu,107.7,23.1
2011,Ben Tre,26.99,30.11,25.01,82.81,1971.72,Lua mi,5.68E-14,0
2011,Ben Tre,26.99,30.11,25.01,82.81,1971.72,Lua mua,148.9,33.6
2011,Ben Tre,26.99,30.11,25.01,82.81,1971.72,Ngo,3.9,1
2011,Ben Tre,26.99,30.11,25.01,82.81,1971.72,San,,
2012,Ben Tre,27.41,30.63,25.41,82.75,1965.92,Khoai,1.3,0.1
2012,Ben Tre,27.41,30.63,25.41,82.75,1965.92,Lua dong xuan,115.6,20
2012,Ben Tre,27.41,30.63,25.41,82.75,1965.92,Lua he thu,105.2,22.2
2012,Ben Tre,27.41,30.63,25.41,82.75,1965.92,Lua mi,0,0
2012,Ben Tre,27.41,30.63,25.41,82.75,1965.92,Lua mua,154.2,33.6
2012,Ben Tre,27.41,30.63,25.41,82.75,1965.92,Ngo,3.4,0.9
2012,Ben Tre,27.41,30.63,25.41,82.75,1965.92,San,,
2013,Ben Tre,27.45,30.48,25.52,82.17,2008.62,Khoai,1.5,0.1
2013,Ben Tre,27.45,30.48,25.52,82.17,2008.62,Lua dong xuan,96.3,19
2013,Ben Tre,27.45,30.48,25.52,82.17,2008.62,Lua he thu,87.9,20.1
2013,Ben Tre,27.45,30.48,25.52,82.17,2008.62,Lua mi,-5.68E-14,0
2013,Ben Tre,27.45,30.48,25.52,82.17,2008.62,Lua mua,147.4,33.1
2013,Ben Tre,27.45,30.48,25.52,82.17,2008.62,Ngo,2.6,0.7
2013,Ben Tre,27.45,30.48,25.52,82.17,2008.62,San,,
2014,Ben Tre,27.36,30.57,25.32,81.71,1821.18,Khoai,1.1,0.1
2014,Ben Tre,27.36,30.57,25.32,81.71,1821.18,Lua dong xuan,105,18.1
2014,Ben Tre,27.36,30.57,25.32,81.71,1821.18,Lua he thu,82.5,19.3
2014,Ben Tre,27.36,30.57,25.32,81.71,1821.18,Lua mi,5.68E-14,0
2014,Ben Tre,27.36,30.57,25.32,81.71,1821.18,Lua mua,131.4,29.2
2014,Ben Tre,27.36,30.57,25.32,81.71,1821.18,Ngo,2.7,0.7
2014,Ben Tre,27.36,30.57,25.32,81.71,1821.18,San,,
2015,Ben Tre,27.67,30.92,25.61,80.35,1537.68,Khoai,0.7,0.1
2015,Ben Tre,27.67,30.92,25.61,80.35,1537.68,Lua dong xuan,87.6,17.2
2015,Ben Tre,27.67,30.92,25.61,80.35,1537.68,Lua he thu,71.8,17.9
2015,Ben Tre,27.67,30.92,25.61,80.35,1537.68,Lua mi,-5.68E-14,0
2015,Ben Tre,27.67,30.92,25.61,80.35,1537.68,Lua mua,119.4,27.9
2015,Ben Tre,27.67,30.92,25.61,80.35,1537.68,Ngo,2.6,0.7
2015,Ben Tre,27.67,30.92,25.61,80.35,1537.68,San,,
2016,Ben Tre,27.8,30.97,25.85,81.88,2086.52,Khoai,0.8,0.1
2016,Ben Tre,27.8,30.97,25.85,81.88,2086.52,Lua dong xuan,0.8,15.1
2016,Ben Tre,27.8,30.97,25.85,81.88,2086.52,Lua he thu,66.5,16.6
2016,Ben Tre,27.8,30.97,25.85,81.88,2086.52,Lua mi,1.42E-14,0.1
2016,Ben Tre,27.8,30.97,25.85,81.88,2086.52,Lua mua,20.3,9.8
2016,Ben Tre,27.8,30.97,25.85,81.88,2086.52,Ngo,2.3,0.6
2016,Ben Tre,27.8,30.97,25.85,81.88,2086.52,San,,
2017,Ben Tre,27.6,30.69,25.63,82.8,2232.23,Khoai,0.5,0.1
2017,Ben Tre,27.6,30.69,25.63,82.8,2232.23,Lua dong xuan,69.4,15.7
2017,Ben Tre,27.6,30.69,25.63,82.8,2232.23,Lua he thu,128,30.8
2017,Ben Tre,27.6,30.69,25.63,82.8,2232.23,Lua mi,2.84E-14,0
2017,Ben Tre,27.6,30.69,25.63,82.8,2232.23,Lua mua,29.8,8.4
2017,Ben Tre,27.6,30.69,25.63,82.8,2232.23,Ngo,2.1,0.6
2017,Ben Tre,27.6,30.69,25.63,82.8,2232.23,San,,
2018,Ben Tre,27.55,30.59,25.65,82.06,2036.8,Khoai,0.5,51
2018,Ben Tre,27.55,30.59,25.65,82.06,2036.8,Lua dong xuan,77.4,13.8
2018,Ben Tre,27.55,30.59,25.65,82.06,2036.8,Lua he thu,134.5,30
2018,Ben Tre,27.55,30.59,25.65,82.06,2036.8,Lua mi,0,0
2018,Ben Tre,27.55,30.59,25.65,82.06,2036.8,Lua mua,24.8,8
2018,Ben Tre,27.55,30.59,25.65,82.06,2036.8,Ngo,2,0.5
2018,Ben Tre,27.55,30.59,25.65,82.06,2036.8,San,,
2019,Ben Tre,27.71,30.79,25.69,81.1,1533.36,Khoai,0.4,41
2019,Ben Tre,27.71,30.79,25.69,81.1,1533.36,Lua dong xuan,61.7,12.8
2019,Ben Tre,27.71,30.79,25.69,81.1,1533.36,Lua he thu,128,28
2019,Ben Tre,27.71,30.79,25.69,81.1,1533.36,Lua mi,-0.2,-0.1
2019,Ben Tre,27.71,30.79,25.69,81.1,1533.36,Lua mua,24.4,6.8
2019,Ben Tre,27.71,30.79,25.69,81.1,1533.36,Ngo,1.3,0.3
2019,Ben Tre,27.71,30.79,25.69,81.1,1533.36,San,,
2020,Ben Tre,27.76,30.9,25.75,81.2,1903.23,Khoai,0.2,24
2020,Ben Tre,27.76,30.9,25.75,81.2,1903.23,Lua dong xuan,0.2,5.3
2020,Ben Tre,27.76,30.9,25.75,81.2,1903.23,Lua he thu,37.1,10.7
2020,Ben Tre,27.76,30.9,25.75,81.2,1903.23,Lua mi,0,0
2020,Ben Tre,27.76,30.9,25.75,81.2,1903.23,Lua mua,21.8,6
2020,Ben Tre,27.76,30.9,25.75,81.2,1903.23,Ngo,0.6,0.2
2020,Ben Tre,27.76,30.9,25.75,81.2,1903.23,San,,
2021,Ben Tre,27.3,30.3,25.35,82.52,2168.99,Khoai,0.4,43
2021,Ben Tre,27.3,30.3,25.35,82.52,2168.99,Lua dong xuan,55.9,11
2021,Ben Tre,27.3,30.3,25.35,82.52,2168.99,Lua he thu,95.7,20.5
2021,Ben Tre,27.3,30.3,25.35,82.52,2168.99,Lua mi,-0.1,-0.1
2021,Ben Tre,27.3,30.3,25.35,82.52,2168.99,Lua mua,15,5
2021,Ben Tre,27.3,30.3,25.35,82.52,2168.99,Ngo,0.7,0.2
2021,Ben Tre,27.3,30.3,25.35,82.52,2168.99,San,,
2022,Ben Tre,27.47,30.47,25.56,82.5,2261.85,Khoai,0.5,48.2
2022,Ben Tre,27.47,30.47,25.56,82.5,2261.85,Lua dong xuan,4.1,0.8
2022,Ben Tre,27.47,30.47,25.56,82.5,2261.85,Lua he thu,86.3,17.8
2022,Ben Tre,27.47,30.47,25.56,82.5,2261.85,Lua mi,1.42E-14,0
2022,Ben Tre,27.47,30.47,25.56,82.5,2261.85,Lua mua,20.4,5
2022,Ben Tre,27.47,30.47,25.56,82.5,2261.85,Ngo,0.6,0.2
2022,Ben Tre,27.47,30.47,25.56,82.5,2261.85,San,,
2023,Ben Tre,27.66,30.64,25.68,83.12,1906.73,Khoai,0.4,42.8
2023,Ben Tre,27.66,30.64,25.68,83.12,1906.73,Lua dong xuan,5.7,1.1
2023,Ben Tre,27.66,30.64,25.68,83.12,1906.73,Lua he thu,83.1,16
2023,Ben Tre,27.66,30.64,25.68,83.12,1906.73,Lua mi,0,0
2023,Ben Tre,27.66,30.64,25.68,83.12,1906.73,Lua mua,20.9,5.2
2023,Ben Tre,27.66,30.64,25.68,83.12,1906.73,Ngo,0.6,0.1
2023,Ben Tre,27.66,30.64,25.68,83.12,1906.73,San,,
2024,Ben Tre,28.17,31.1,26.21,82.21,2008.14,Khoai,0.4,40.5
2024,Ben Tre,28.17,31.1,26.21,82.21,2008.14,Lua dong xuan,3.9,0.8
2024,Ben Tre,28.17,31.1,26.21,82.21,2008.14,Lua he thu,39.7,8.8
2024,Ben Tre,28.17,31.1,26.21,82.21,2008.14,Lua mi,0,0
2024,Ben Tre,28.17,31.1,26.21,82.21,2008.14,Lua mua,20.9,4.9
2024,Ben Tre,28.17,31.1,26.21,82.21,2008.14,Ngo,0.5,0.1
2024,Ben Tre,28.17,31.1,26.21,82.21,2008.14,San,,
1995,Binh Dinh,24.96,28.28,22.49,80.95,2057.86,Khoai,5.8,1.2
1995,Binh Dinh,24.96,28.28,22.49,80.95,2057.86,Lua dong xuan,175,45
1995,Binh Dinh,24.96,28.28,22.49,80.95,2057.86,Lua he thu,132.5,35.2
1995,Binh Dinh,24.96,28.28,22.49,80.95,2057.86,Lua mi,-5.68E-14,0
1995,Binh Dinh,24.96,28.28,22.49,80.95,2057.86,Lua mua,94.8,38.3
1995,Binh Dinh,24.96,28.28,22.49,80.95,2057.86,Ngo,3.1,1
1995,Binh Dinh,24.96,28.28,22.49,80.95,2057.86,San,61.3,10.9
1996,Binh Dinh,24.75,27.87,22.41,82.35,2151.79,Khoai,4.9,1.5
1996,Binh Dinh,24.75,27.87,22.41,82.35,2151.79,Lua dong xuan,175.5,45.9
1996,Binh Dinh,24.75,27.87,22.41,82.35,2151.79,Lua he thu,152.8,38.4
1996,Binh Dinh,24.75,27.87,22.41,82.35,2151.79,Lua mi,0,0
1996,Binh Dinh,24.75,27.87,22.41,82.35,2151.79,Lua mua,110.9,39.7
1996,Binh Dinh,24.75,27.87,22.41,82.35,2151.79,Ngo,4.3,1.3
1996,Binh Dinh,24.75,27.87,22.41,82.35,2151.79,San,66,10.5
1997,Binh Dinh,25.31,28.65,22.91,80.21,1616.66,Khoai,6.1,1.3
1997,Binh Dinh,25.31,28.65,22.91,80.21,1616.66,Lua dong xuan,205.1,45.8
1997,Binh Dinh,25.31,28.65,22.91,80.21,1616.66,Lua he thu,146.2,38.2
1997,Binh Dinh,25.31,28.65,22.91,80.21,1616.66,Lua mi,0,0
1997,Binh Dinh,25.31,28.65,22.91,80.21,1616.66,Lua mua,96.2,38
1997,Binh Dinh,25.31,28.65,22.91,80.21,1616.66,Ngo,6.2,1.7
1997,Binh Dinh,25.31,28.65,22.91,80.21,1616.66,San,81.3,10.8
1998,Binh Dinh,26.06,29.55,23.59,80.39,2419.97,Khoai,5.9,1.3
1998,Binh Dinh,26.06,29.55,23.59,80.39,2419.97,Lua dong xuan,187.8,45.8
1998,Binh Dinh,26.06,29.55,23.59,80.39,2419.97,Lua he thu,129.7,35.6
1998,Binh Dinh,26.06,29.55,23.59,80.39,2419.97,Lua mi,0,0
1998,Binh Dinh,26.06,29.55,23.59,80.39,2419.97,Lua mua,120.2,38.9
1998,Binh Dinh,26.06,29.55,23.59,80.39,2419.97,Ngo,4,1.3
1998,Binh Dinh,26.06,29.55,23.59,80.39,2419.97,San,96.5,10.9
1999,Binh Dinh,25.16,28.2,22.97,81.44,2473.63,Khoai,5.3,1.1
1999,Binh Dinh,25.16,28.2,22.97,81.44,2473.63,Lua dong xuan,214.6,46.1
1999,Binh Dinh,25.16,28.2,22.97,81.44,2473.63,Lua he thu,167.4,40
1999,Binh Dinh,25.16,28.2,22.97,81.44,2473.63,Lua mi,0,0
1999,Binh Dinh,25.16,28.2,22.97,81.44,2473.63,Lua mua,122.7,40
1999,Binh Dinh,25.16,28.2,22.97,81.44,2473.63,Ngo,4.3,1.9
1999,Binh Dinh,25.16,28.2,22.97,81.44,2473.63,San,78.5,10.5
2000,Binh Dinh,25.12,28.15,22.95,81.6,2263.4,Khoai,5.7,1.2
2000,Binh Dinh,25.12,28.15,22.95,81.6,2263.4,Lua dong xuan,217.5,46.5
2000,Binh Dinh,25.12,28.15,22.95,81.6,2263.4,Lua he thu,174.2,40.9
2000,Binh Dinh,25.12,28.15,22.95,81.6,2263.4,Lua mi,0,-2.84E-14
2000,Binh Dinh,25.12,28.15,22.95,81.6,2263.4,Lua mua,131.3,39.5
2000,Binh Dinh,25.12,28.15,22.95,81.6,2263.4,Ngo,9.5,2.8
2000,Binh Dinh,25.12,28.15,22.95,81.6,2263.4,San,88.6,10.1
2001,Binh Dinh,25.45,28.63,23.16,80.25,1785.16,Khoai,4.1,0.9
2001,Binh Dinh,25.45,28.63,23.16,80.25,1785.16,Lua dong xuan,227.7,47.3
2001,Binh Dinh,25.45,28.63,23.16,80.25,1785.16,Lua he thu,176.6,41
2001,Binh Dinh,25.45,28.63,23.16,80.25,1785.16,Lua mi,0,0
2001,Binh Dinh,25.45,28.63,23.16,80.25,1785.16,Lua mua,142.2,40.5
2001,Binh Dinh,25.45,28.63,23.16,80.25,1785.16,Ngo,13.3,3.7
2001,Binh Dinh,25.45,28.63,23.16,80.25,1785.16,San,103.4,10.1
2002,Binh Dinh,25.5,28.71,23.25,79.72,1729.54,Khoai,3.8,0.8
2002,Binh Dinh,25.5,28.71,23.25,79.72,1729.54,Lua dong xuan,249,47.3
2002,Binh Dinh,25.5,28.71,23.25,79.72,1729.54,Lua he thu,153.4,36.5
2002,Binh Dinh,25.5,28.71,23.25,79.72,1729.54,Lua mi,0,0
2002,Binh Dinh,25.5,28.71,23.25,79.72,1729.54,Lua mua,114.7,34.7
2002,Binh Dinh,25.5,28.71,23.25,79.72,1729.54,Ngo,20.9,5.9
2002,Binh Dinh,25.5,28.71,23.25,79.72,1729.54,San,121.6,10.6
2003,Binh Dinh,25.34,28.65,22.98,80.29,1773.42,Khoai,3.2,0.7
2003,Binh Dinh,25.34,28.65,22.98,80.29,1773.42,Lua dong xuan,238.8,47.2
2003,Binh Dinh,25.34,28.65,22.98,80.29,1773.42,Lua he thu,181.1,39.7
2003,Binh Dinh,25.34,28.65,22.98,80.29,1773.42,Lua mi,0,0
2003,Binh Dinh,25.34,28.65,22.98,80.29,1773.42,Lua mua,138,38.9
2003,Binh Dinh,25.34,28.65,22.98,80.29,1773.42,Ngo,26.6,6.8
2003,Binh Dinh,25.34,28.65,22.98,80.29,1773.42,San,151.3,11.3
2004,Binh Dinh,25.16,28.45,22.7,79.21,1398.23,Khoai,2.7,0.6
2004,Binh Dinh,25.16,28.45,22.7,79.21,1398.23,Lua dong xuan,235.7,47
2004,Binh Dinh,25.16,28.45,22.7,79.21,1398.23,Lua he thu,173.6,39.3
2004,Binh Dinh,25.16,28.45,22.7,79.21,1398.23,Lua mi,0,0
2004,Binh Dinh,25.16,28.45,22.7,79.21,1398.23,Lua mua,161,39.1
2004,Binh Dinh,25.16,28.45,22.7,79.21,1398.23,Ngo,28.6,7.2
2004,Binh Dinh,25.16,28.45,22.7,79.21,1398.23,San,186.1,11.6
2005,Binh Dinh,25.32,28.53,23.01,80.29,2166.64,Khoai,2.3,0.5
2005,Binh Dinh,25.32,28.53,23.01,80.29,2166.64,Lua dong xuan,265.7,46.8
2005,Binh Dinh,25.32,28.53,23.01,80.29,2166.64,Lua he thu,151.5,33.7
2005,Binh Dinh,25.32,28.53,23.01,80.29,2166.64,Lua mi,0,0
2005,Binh Dinh,25.32,28.53,23.01,80.29,2166.64,Lua mua,110.1,31.2
2005,Binh Dinh,25.32,28.53,23.01,80.29,2166.64,Ngo,33.6,7.6
2005,Binh Dinh,25.32,28.53,23.01,80.29,2166.64,San,212.2,12
2006,Binh Dinh,25.46,28.68,23.12,80.28,1662.76,Khoai,1.9,0.4
2006,Binh Dinh,25.46,28.68,23.12,80.28,1662.76,Lua dong xuan,264.4,47.2
2006,Binh Dinh,25.46,28.68,23.12,80.28,1662.76,Lua he thu,206,40.2
2006,Binh Dinh,25.46,28.68,23.12,80.28,1662.76,Lua mi,0,0
2006,Binh Dinh,25.46,28.68,23.12,80.28,1662.76,Lua mua,137.4,33.6
2006,Binh Dinh,25.46,28.68,23.12,80.28,1662.76,Ngo,36.7,7.8
2006,Binh Dinh,25.46,28.68,23.12,80.28,1662.76,San,239,13.1
2007,Binh Dinh,25.17,28.33,22.92,81.29,2518.97,Khoai,1.3,0.3
2007,Binh Dinh,25.17,28.33,22.92,81.29,2518.97,Lua dong xuan,257.2,46.9
2007,Binh Dinh,25.17,28.33,22.92,81.29,2518.97,Lua he thu,203.4,36.7
2007,Binh Dinh,25.17,28.33,22.92,81.29,2518.97,Lua mi,0,0
2007,Binh Dinh,25.17,28.33,22.92,81.29,2518.97,Lua mua,118.5,28.4
2007,Binh Dinh,25.17,28.33,22.92,81.29,2518.97,Ngo,38.8,7.8
2007,Binh Dinh,25.17,28.33,22.92,81.29,2518.97,San,253.7,13.2
2008,Binh Dinh,24.91,28.07,22.7,81.56,2439.16,Khoai,1.8,0.4
2008,Binh Dinh,24.91,28.07,22.7,81.56,2439.16,Lua dong xuan,262.8,47.3
2008,Binh Dinh,24.91,28.07,22.7,81.56,2439.16,Lua he thu,237.2,40.4
2008,Binh Dinh,24.91,28.07,22.7,81.56,2439.16,Lua mi,0,0
2008,Binh Dinh,24.91,28.07,22.7,81.56,2439.16,Lua mua,119,27.4
2008,Binh Dinh,24.91,28.07,22.7,81.56,2439.16,Ngo,41.8,8.2
2008,Binh Dinh,24.91,28.07,22.7,81.56,2439.16,San,295.9,13.9
2009,Binh Dinh,25.28,28.49,22.99,81.13,2706.74,Khoai,2.5,0.4
2009,Binh Dinh,25.28,28.49,22.99,81.13,2706.74,Lua dong xuan,278.7,47.5
2009,Binh Dinh,25.28,28.49,22.99,81.13,2706.74,Lua he thu,238.2,41.6
2009,Binh Dinh,25.28,28.49,22.99,81.13,2706.74,Lua mi,0,0
2009,Binh Dinh,25.28,28.49,22.99,81.13,2706.74,Lua mua,87.4,24.9
2009,Binh Dinh,25.28,28.49,22.99,81.13,2706.74,Ngo,38.5,7.9
2009,Binh Dinh,25.28,28.49,22.99,81.13,2706.74,San,314,14
2010,Binh Dinh,25.81,29.17,23.42,80.92,2419.72,Khoai,1.5,0.3
2010,Binh Dinh,25.81,29.17,23.42,80.92,2419.72,Lua dong xuan,295.5,47.7
2010,Binh Dinh,25.81,29.17,23.42,80.92,2419.72,Lua he thu,234.3,41.3
2010,Binh Dinh,25.81,29.17,23.42,80.92,2419.72,Lua mi,0,1.42E-14
2010,Binh Dinh,25.81,29.17,23.42,80.92,2419.72,Lua mua,103.4,24.1
2010,Binh Dinh,25.81,29.17,23.42,80.92,2419.72,Ngo,40.4,7.8
2010,Binh Dinh,25.81,29.17,23.42,80.92,2419.72,San,296,13.3
2011,Binh Dinh,24.9,27.8,22.79,80.87,2172.13,Khoai,1.5,0.3
2011,Binh Dinh,24.9,27.8,22.79,80.87,2172.13,Lua dong xuan,298.1,47.8
2011,Binh Dinh,24.9,27.8,22.79,80.87,2172.13,Lua he thu,252.1,42.4
2011,Binh Dinh,24.9,27.8,22.79,80.87,2172.13,Lua mi,0,0
2011,Binh Dinh,24.9,27.8,22.79,80.87,2172.13,Lua mua,99.1,22.2
2011,Binh Dinh,24.9,27.8,22.79,80.87,2172.13,Ngo,43.7,8
2011,Binh Dinh,24.9,27.8,22.79,80.87,2172.13,San,317.8,13.5
2012,Binh Dinh,25.77,28.87,23.53,80.57,1698.07,Khoai,1.7,0.3
2012,Binh Dinh,25.77,28.87,23.53,80.57,1698.07,Lua dong xuan,300.5,47.7
2012,Binh Dinh,25.77,28.87,23.53,80.57,1698.07,Lua he thu,256.6,42.9
2012,Binh Dinh,25.77,28.87,23.53,80.57,1698.07,Lua mi,0,0
2012,Binh Dinh,25.77,28.87,23.53,80.57,1698.07,Lua mua,94.7,20.6
2012,Binh Dinh,25.77,28.87,23.53,80.57,1698.07,Ngo,46,8.3
2012,Binh Dinh,25.77,28.87,23.53,80.57,1698.07,San,319.5,13.6
2013,Binh Dinh,25.38,28.31,23.22,80.98,2244.1,Khoai,1.7,0.3
2013,Binh Dinh,25.38,28.31,23.22,80.98,2244.1,Lua dong xuan,289.7,45.7
2013,Binh Dinh,25.38,28.31,23.22,80.98,2244.1,Lua he thu,231.1,38.2
2013,Binh Dinh,25.38,28.31,23.22,80.98,2244.1,Lua mi,0,0
2013,Binh Dinh,25.38,28.31,23.22,80.98,2244.1,Lua mua,86,18.6
2013,Binh Dinh,25.38,28.31,23.22,80.98,2244.1,Ngo,47.2,8.4
2013,Binh Dinh,25.38,28.31,23.22,80.98,2244.1,San,333.6,13.8
2014,Binh Dinh,25.4,28.52,23.06,80.32,1643.91,Khoai,1.6,0.3
2014,Binh Dinh,25.4,28.52,23.06,80.32,1643.91,Lua dong xuan,324.5,47.8
2014,Binh Dinh,25.4,28.52,23.06,80.32,1643.91,Lua he thu,250.2,42.4
2014,Binh Dinh,25.4,28.52,23.06,80.32,1643.91,Lua mi,0,0
2014,Binh Dinh,25.4,28.52,23.06,80.32,1643.91,Lua mua,75,16.1
2014,Binh Dinh,25.4,28.52,23.06,80.32,1643.91,Ngo,46.4,8.3
2014,Binh Dinh,25.4,28.52,23.06,80.32,1643.91,San,329.8,13.7
2015,Binh Dinh,25.88,29.25,23.37,79.65,1445.73,Khoai,1.4,0.3
2015,Binh Dinh,25.88,29.25,23.37,79.65,1445.73,Lua dong xuan,330,48.1
2015,Binh Dinh,25.88,29.25,23.37,79.65,1445.73,Lua he thu,259.9,42.3
2015,Binh Dinh,25.88,29.25,23.37,79.65,1445.73,Lua mi,1.14E-13,0.1
2015,Binh Dinh,25.88,29.25,23.37,79.65,1445.73,Lua mua,67.9,15.3
2015,Binh Dinh,25.88,29.25,23.37,79.65,1445.73,Ngo,49.8,8.7
2015,Binh Dinh,25.88,29.25,23.37,79.65,1445.73,San,334,13.6
2016,Binh Dinh,26.1,29.45,23.72,80.31,2229.63,Khoai,1.3,0.2
2016,Binh Dinh,26.1,29.45,23.72,80.31,2229.63,Lua dong xuan,320.3,48.5
2016,Binh Dinh,26.1,29.45,23.72,80.31,2229.63,Lua he thu,259.4,40.6
2016,Binh Dinh,26.1,29.45,23.72,80.31,2229.63,Lua mi,0,0.1
2016,Binh Dinh,26.1,29.45,23.72,80.31,2229.63,Lua mua,59.2,13.4
2016,Binh Dinh,26.1,29.45,23.72,80.31,2229.63,Ngo,49.4,8.4
2016,Binh Dinh,26.1,29.45,23.72,80.31,2229.63,San,323.7,12.8
2017,Binh Dinh,25.89,29.08,23.54,81.46,2606.66,Khoai,1.5,0.3
2017,Binh Dinh,25.89,29.08,23.54,81.46,2606.66,Lua dong xuan,320.4,47.3
2017,Binh Dinh,25.89,29.08,23.54,81.46,2606.66,Lua he thu,280.3,43.6
2017,Binh Dinh,25.89,29.08,23.54,81.46,2606.66,Lua mi,0,0
2017,Binh Dinh,25.89,29.08,23.54,81.46,2606.66,Lua mua,65.7,14.2
2017,Binh Dinh,25.89,29.08,23.54,81.46,2606.66,Ngo,49,8.2
2017,Binh Dinh,25.89,29.08,23.54,81.46,2606.66,San,306.3,11.6
2018,Binh Dinh,25.87,29.05,23.53,79.95,1534.55,Khoai,1.7,305
2018,Binh Dinh,25.87,29.05,23.53,79.95,1534.55,Lua dong xuan,331.9,48.2
2018,Binh Dinh,25.87,29.05,23.53,79.95,1534.55,Lua he thu,280.5,43.7
2018,Binh Dinh,25.87,29.05,23.53,79.95,1534.55,Lua mi,0,0
2018,Binh Dinh,25.87,29.05,23.53,79.95,1534.55,Lua mua,54.1,11.7
2018,Binh Dinh,25.87,29.05,23.53,79.95,1534.55,Ngo,48.8,8
2018,Binh Dinh,25.87,29.05,23.53,79.95,1534.55,San,314.6,11.7
2019,Binh Dinh,26.42,29.75,23.89,78.23,1621.56,Khoai,1.4,244
2019,Binh Dinh,26.42,29.75,23.89,78.23,1621.56,Lua dong xuan,336.4,48.2
2019,Binh Dinh,26.42,29.75,23.89,78.23,1621.56,Lua he thu,271.8,42.8
2019,Binh Dinh,26.42,29.75,23.89,78.23,1621.56,Lua mi,0.1,-0.1
2019,Binh Dinh,26.42,29.75,23.89,78.23,1621.56,Lua mua,35.1,9
2019,Binh Dinh,26.42,29.75,23.89,78.23,1621.56,Ngo,45.6,7.5
2019,Binh Dinh,26.42,29.75,23.89,78.23,1621.56,San,325.7,12.1
2020,Binh Dinh,25.86,29.21,23.47,80.73,2305.23,Khoai,1,177
2020,Binh Dinh,25.86,29.21,23.47,80.73,2305.23,Lua dong xuan,338.9,48.2
2020,Binh Dinh,25.86,29.21,23.47,80.73,2305.23,Lua he thu,246,38.1
2020,Binh Dinh,25.86,29.21,23.47,80.73,2305.23,Lua mi,1.14E-13,-0.1
2020,Binh Dinh,25.86,29.21,23.47,80.73,2305.23,Lua mua,32.4,7.9
2020,Binh Dinh,25.86,29.21,23.47,80.73,2305.23,Ngo,46.4,7.7
2020,Binh Dinh,25.86,29.21,23.47,80.73,2305.23,San,309.6,11.4
2021,Binh Dinh,25.53,28.65,23.21,79.38,2273.08,Khoai,1,170
2021,Binh Dinh,25.53,28.65,23.21,79.38,2273.08,Lua dong xuan,341.5,47.8
2021,Binh Dinh,25.53,28.65,23.21,79.38,2273.08,Lua he thu,266.5,41.3
2021,Binh Dinh,25.53,28.65,23.21,79.38,2273.08,Lua mi,-0.1,0.1
2021,Binh Dinh,25.53,28.65,23.21,79.38,2273.08,Lua mua,30.1,7
2021,Binh Dinh,25.53,28.65,23.21,79.38,2273.08,Ngo,45.1,7.4
2021,Binh Dinh,25.53,28.65,23.21,79.38,2273.08,San,284.1,10.5
2022,Binh Dinh,25.39,28.46,23.12,80.96,2296.2,Khoai,1.5,211.6
2022,Binh Dinh,25.39,28.46,23.12,80.96,2296.2,Lua dong xuan,331.9,47.6
2022,Binh Dinh,25.39,28.46,23.12,80.96,2296.2,Lua he thu,280.5,42.7
2022,Binh Dinh,25.39,28.46,23.12,80.96,2296.2,Lua mi,-0.1,0
2022,Binh Dinh,25.39,28.46,23.12,80.96,2296.2,Lua mua,19.5,4.3
2022,Binh Dinh,25.39,28.46,23.12,80.96,2296.2,Ngo,51.4,8.1
2022,Binh Dinh,25.39,28.46,23.12,80.96,2296.2,San,273.3,9.6
2023,Binh Dinh,25.86,29.03,23.58,80.2,1813.61,Khoai,1.2,199.1
2023,Binh Dinh,25.86,29.03,23.58,80.2,1813.61,Lua dong xuan,337,46.9
2023,Binh Dinh,25.86,29.03,23.58,80.2,1813.61,Lua he thu,281.8,41.6
2023,Binh Dinh,25.86,29.03,23.58,80.2,1813.61,Lua mi,-0.1,-0.1
2023,Binh Dinh,25.86,29.03,23.58,80.2,1813.61,Lua mua,20.2,4.3
2023,Binh Dinh,25.86,29.03,23.58,80.2,1813.61,Ngo,55.1,8.7
2023,Binh Dinh,25.86,29.03,23.58,80.2,1813.61,San,271,9.6
2024,Binh Dinh,26.09,29.3,23.75,79.55,1944.15,Khoai,1,168.7
2024,Binh Dinh,26.09,29.3,23.75,79.55,1944.15,Lua dong xuan,343.2,46.8
2024,Binh Dinh,26.09,29.3,23.75,79.55,1944.15,Lua he thu,283.2,41.1
2024,Binh Dinh,26.09,29.3,23.75,79.55,1944.15,Lua mi,0,-1.42E-14
2024,Binh Dinh,26.09,29.3,23.75,79.55,1944.15,Lua mua,21.8,4.5
2024,Binh Dinh,26.09,29.3,23.75,79.55,1944.15,Ngo,55.5,8.7
2024,Binh Dinh,26.09,29.3,23.75,79.55,1944.15,San,265.3,9.4
1995,Binh Duong,27.38,31.85,24.09,76.48,1928.74,Khoai,1.4,0.6
1995,Binh Duong,27.38,31.85,24.09,76.48,1928.74,Lua dong xuan,17.8,5.6
1995,Binh Duong,27.38,31.85,24.09,76.48,1928.74,Lua he thu,10.5,3.5
1995,Binh Duong,27.38,31.85,24.09,76.48,1928.74,Lua mi,0,-3.55E-15
1995,Binh Duong,27.38,31.85,24.09,76.48,1928.74,Lua mua,43.7,19.7
1995,Binh Duong,27.38,31.85,24.09,76.48,1928.74,Ngo,0.5,0.6
1995,Binh Duong,27.38,31.85,24.09,76.48,1928.74,San,44,6.1
1996,Binh Duong,27.12,31.51,23.98,79.05,2126.5,Khoai,4.4,0.7
1996,Binh Duong,27.12,31.51,23.98,79.05,2126.5,Lua dong xuan,20.8,6.3
1996,Binh Duong,27.12,31.51,23.98,79.05,2126.5,Lua he thu,9.4,3.6
1996,Binh Duong,27.12,31.51,23.98,79.05,2126.5,Lua mi,-1.42E-14,3.55E-15
1996,Binh Duong,27.12,31.51,23.98,79.05,2126.5,Lua mua,37.2,16.3
1996,Binh Duong,27.12,31.51,23.98,79.05,2126.5,Ngo,1.4,1.9
1996,Binh Duong,27.12,31.51,23.98,79.05,2126.5,San,19.6,2.3
1997,Binh Duong,27.39,31.82,24.16,77.81,1916.81,Khoai,4.5,0.6
1997,Binh Duong,27.39,31.82,24.16,77.81,1916.81,Lua dong xuan,18.9,5.8
1997,Binh Duong,27.39,31.82,24.16,77.81,1916.81,Lua he thu,11.9,4
1997,Binh Duong,27.39,31.82,24.16,77.81,1916.81,Lua mi,0,0
1997,Binh Duong,27.39,31.82,24.16,77.81,1916.81,Lua mua,38.1,16.1
1997,Binh Duong,27.39,31.82,24.16,77.81,1916.81,Ngo,1.8,1.1
1997,Binh Duong,27.39,31.82,24.16,77.81,1916.81,San,51.4,3.3
1998,Binh Duong,28.01,32.43,24.91,77.41,2078.06,Khoai,4.5,0.6
1998,Binh Duong,28.01,32.43,24.91,77.41,2078.06,Lua dong xuan,18.3,5.8
1998,Binh Duong,28.01,32.43,24.91,77.41,2078.06,Lua he thu,11.2,3.9
1998,Binh Duong,28.01,32.43,24.91,77.41,2078.06,Lua mi,0,0
1998,Binh Duong,28.01,32.43,24.91,77.41,2078.06,Lua mua,38.1,16.1
1998,Binh Duong,28.01,32.43,24.91,77.41,2078.06,Ngo,1.9,1.2
1998,Binh Duong,28.01,32.43,24.91,77.41,2078.06,San,12.6,1.3
1999,Binh Duong,26.99,31.17,24.14,80.69,2272.8,Khoai,4.5,0.6
1999,Binh Duong,26.99,31.17,24.14,80.69,2272.8,Lua dong xuan,20.3,6.3
1999,Binh Duong,26.99,31.17,24.14,80.69,2272.8,Lua he thu,11.7,3.9
1999,Binh Duong,26.99,31.17,24.14,80.69,2272.8,Lua mi,0,0
1999,Binh Duong,26.99,31.17,24.14,80.69,2272.8,Lua mua,38.7,15.8
1999,Binh Duong,26.99,31.17,24.14,80.69,2272.8,Ngo,2.1,1.3
1999,Binh Duong,26.99,31.17,24.14,80.69,2272.8,San,10.7,1.2
2000,Binh Duong,27.24,31.47,24.32,80.22,2095.57,Khoai,5.4,0.8
2000,Binh Duong,27.24,31.47,24.32,80.22,2095.57,Lua dong xuan,20.2,6.1
2000,Binh Duong,27.24,31.47,24.32,80.22,2095.57,Lua he thu,12.5,4.1
2000,Binh Duong,27.24,31.47,24.32,80.22,2095.57,Lua mi,1.42E-14,0
2000,Binh Duong,27.24,31.47,24.32,80.22,2095.57,Lua mua,33.9,14.7
2000,Binh Duong,27.24,31.47,24.32,80.22,2095.57,Ngo,2.1,1.3
2000,Binh Duong,27.24,31.47,24.32,80.22,2095.57,San,12.1,1.8
2001,Binh Duong,27.69,32.19,24.56,77.42,1928.24,Khoai,5,0.7
2001,Binh Duong,27.69,32.19,24.56,77.42,1928.24,Lua dong xuan,20.9,6.2
2001,Binh Duong,27.69,32.19,24.56,77.42,1928.24,Lua he thu,12.8,4.2
2001,Binh Duong,27.69,32.19,24.56,77.42,1928.24,Lua mi,0,0
2001,Binh Duong,27.69,32.19,24.56,77.42,1928.24,Lua mua,32.8,13.9
2001,Binh Duong,27.69,32.19,24.56,77.42,1928.24,Ngo,2.1,1.3
2001,Binh Duong,27.69,32.19,24.56,77.42,1928.24,San,105.7,5.7
2002,Binh Duong,28.17,32.95,24.83,73.77,1766.91,Khoai,4.6,0.6
2002,Binh Duong,28.17,32.95,24.83,73.77,1766.91,Lua dong xuan,21,6.2
2002,Binh Duong,28.17,32.95,24.83,73.77,1766.91,Lua he thu,12.2,3.9
2002,Binh Duong,28.17,32.95,24.83,73.77,1766.91,Lua mi,0,0
2002,Binh Duong,28.17,32.95,24.83,73.77,1766.91,Lua mua,33.7,13.7
2002,Binh Duong,28.17,32.95,24.83,73.77,1766.91,Ngo,2.3,1.3
2002,Binh Duong,28.17,32.95,24.83,73.77,1766.91,San,121.9,6.6
2003,Binh Duong,27.8,32.28,24.6,75.35,1974.56,Khoai,4.4,0.5
2003,Binh Duong,27.8,32.28,24.6,75.35,1974.56,Lua dong xuan,20.9,6.1
2003,Binh Duong,27.8,32.28,24.6,75.35,1974.56,Lua he thu,12.4,3.8
2003,Binh Duong,27.8,32.28,24.6,75.35,1974.56,Lua mi,0,0
2003,Binh Duong,27.8,32.28,24.6,75.35,1974.56,Lua mua,34.2,13.6
2003,Binh Duong,27.8,32.28,24.6,75.35,1974.56,Ngo,2.2,1.2
2003,Binh Duong,27.8,32.28,24.6,75.35,1974.56,San,128.5,6.9
2004,Binh Duong,27.78,32.19,24.47,74.7,1693.85,Khoai,3.3,0.4
2004,Binh Duong,27.78,32.19,24.47,74.7,1693.85,Lua dong xuan,20.1,5.7
2004,Binh Duong,27.78,32.19,24.47,74.7,1693.85,Lua he thu,12.7,3.8
2004,Binh Duong,27.78,32.19,24.47,74.7,1693.85,Lua mi,0,-3.55E-15
2004,Binh Duong,27.78,32.19,24.47,74.7,1693.85,Lua mua,33.3,13.3
2004,Binh Duong,27.78,32.19,24.47,74.7,1693.85,Ngo,2.2,1.1
2004,Binh Duong,27.78,32.19,24.47,74.7,1693.85,San,133.5,7.4
2005,Binh Duong,27.43,31.62,24.35,77.32,1978.96,Khoai,2.5,0.3
2005,Binh Duong,27.43,31.62,24.35,77.32,1978.96,Lua dong xuan,18.8,5.1
2005,Binh Duong,27.43,31.62,24.35,77.32,1978.96,Lua he thu,10.6,3.3
2005,Binh Duong,27.43,31.62,24.35,77.32,1978.96,Lua mi,0,0
2005,Binh Duong,27.43,31.62,24.35,77.32,1978.96,Lua mua,28,10.2
2005,Binh Duong,27.43,31.62,24.35,77.32,1978.96,Ngo,2,1
2005,Binh Duong,27.43,31.62,24.35,77.32,1978.96,San,117.8,6.5
2006,Binh Duong,27.59,31.86,24.53,77.34,2025.71,Khoai,1.8,0.2
2006,Binh Duong,27.59,31.86,24.53,77.34,2025.71,Lua dong xuan,15.6,4.2
2006,Binh Duong,27.59,31.86,24.53,77.34,2025.71,Lua he thu,9.7,2.9
2006,Binh Duong,27.59,31.86,24.53,77.34,2025.71,Lua mi,0,0
2006,Binh Duong,27.59,31.86,24.53,77.34,2025.71,Lua mua,20.6,8.7
2006,Binh Duong,27.59,31.86,24.53,77.34,2025.71,Ngo,1.6,0.8
2006,Binh Duong,27.59,31.86,24.53,77.34,2025.71,San,124.7,6.7
2007,Binh Duong,27.46,31.84,24.38,77.73,2303.79,Khoai,1.8,0.2
2007,Binh Duong,27.46,31.84,24.38,77.73,2303.79,Lua dong xuan,13.1,3.4
2007,Binh Duong,27.46,31.84,24.38,77.73,2303.79,Lua he thu,8.9,2.6
2007,Binh Duong,27.46,31.84,24.38,77.73,2303.79,Lua mi,7.11E-15,1.78E-15
2007,Binh Duong,27.46,31.84,24.38,77.73,2303.79,Lua mua,21.4,7.7
2007,Binh Duong,27.46,31.84,24.38,77.73,2303.79,Ngo,1.3,0.6
2007,Binh Duong,27.46,31.84,24.38,77.73,2303.79,San,120,6.6
2008,Binh Duong,27.31,31.84,24.18,77.99,2205.84,Khoai,2,0.3
2008,Binh Duong,27.31,31.84,24.18,77.99,2205.84,Lua dong xuan,12.3,3
2008,Binh Duong,27.31,31.84,24.18,77.99,2205.84,Lua he thu,7.9,2.3
2008,Binh Duong,27.31,31.84,24.18,77.99,2205.84,Lua mi,0,1.78E-15
2008,Binh Duong,27.31,31.84,24.18,77.99,2205.84,Lua mua,19.6,6.4
2008,Binh Duong,27.31,31.84,24.18,77.99,2205.84,Ngo,1.2,0.6
2008,Binh Duong,27.31,31.84,24.18,77.99,2205.84,San,119.9,6.7
2009,Binh Duong,27.28,31.7,24.2,80.03,2171.95,Khoai,1.8,0.2
2009,Binh Duong,27.28,31.7,24.2,80.03,2171.95,Lua dong xuan,11.3,2.6
2009,Binh Duong,27.28,31.7,24.2,80.03,2171.95,Lua he thu,7.7,2.2
2009,Binh Duong,27.28,31.7,24.2,80.03,2171.95,Lua mi,0,0
2009,Binh Duong,27.28,31.7,24.2,80.03,2171.95,Lua mua,18.8,5.6
2009,Binh Duong,27.28,31.7,24.2,80.03,2171.95,Ngo,1.2,0.5
2009,Binh Duong,27.28,31.7,24.2,80.03,2171.95,San,118.5,6.6
2010,Binh Duong,28.02,32.53,24.9,77.17,2102.15,Khoai,2.1,0.3
2010,Binh Duong,28.02,32.53,24.9,77.17,2102.15,Lua dong xuan,11.8,2.7
2010,Binh Duong,28.02,32.53,24.9,77.17,2102.15,Lua he thu,7.9,2.1
2010,Binh Duong,28.02,32.53,24.9,77.17,2102.15,Lua mi,0,0
2010,Binh Duong,28.02,32.53,24.9,77.17,2102.15,Lua mua,19.1,5.3
2010,Binh Duong,28.02,32.53,24.9,77.17,2102.15,Ngo,1.2,0.5
2010,Binh Duong,28.02,32.53,24.9,77.17,2102.15,San,117.7,6.5
2011,Binh Duong,27.52,31.97,24.43,76.62,2129.43,Khoai,1.8,0.2
2011,Binh Duong,27.52,31.97,24.43,76.62,2129.43,Lua dong xuan,13.7,3
2011,Binh Duong,27.52,31.97,24.43,76.62,2129.43,Lua he thu,7.3,1.9
2011,Binh Duong,27.52,31.97,24.43,76.62,2129.43,Lua mi,0,0
2011,Binh Duong,27.52,31.97,24.43,76.62,2129.43,Lua mua,17.5,4.9
2011,Binh Duong,27.52,31.97,24.43,76.62,2129.43,Ngo,1,0.5
2011,Binh Duong,27.52,31.97,24.43,76.62,2129.43,San,1325.9,6.5
2012,Binh Duong,27.86,32.4,24.79,78.22,2253.84,Khoai,1.7,0.2
2012,Binh Duong,27.86,32.4,24.79,78.22,2253.84,Lua dong xuan,13.4,2.9
2012,Binh Duong,27.86,32.4,24.79,78.22,2253.84,Lua he thu,7.1,1.9
2012,Binh Duong,27.86,32.4,24.79,78.22,2253.84,Lua mi,0,0
2012,Binh Duong,27.86,32.4,24.79,78.22,2253.84,Lua mua,17.4,4.8
2012,Binh Duong,27.86,32.4,24.79,78.22,2253.84,Ngo,0.9,0.4
2012,Binh Duong,27.86,32.4,24.79,78.22,2253.84,San,112.3,6.3
2013,Binh Duong,28.03,32.54,24.95,76.27,2116.08,Khoai,1.7,0.2
2013,Binh Duong,28.03,32.54,24.95,76.27,2116.08,Lua dong xuan,13.2,2.8
2013,Binh Duong,28.03,32.54,24.95,76.27,2116.08,Lua he thu,6.8,1.8
2013,Binh Duong,28.03,32.54,24.95,76.27,2116.08,Lua mi,0,-1.78E-15
2013,Binh Duong,28.03,32.54,24.95,76.27,2116.08,Lua mua,17,4.7
2013,Binh Duong,28.03,32.54,24.95,76.27,2116.08,Ngo,0.8,0.4
2013,Binh Duong,28.03,32.54,24.95,76.27,2116.08,San,74.7,4.2
2014,Binh Duong,27.76,32.23,24.62,76.73,1964.94,Khoai,1.6,0.2
2014,Binh Duong,27.76,32.23,24.62,76.73,1964.94,Lua dong xuan,12.5,2.6
2014,Binh Duong,27.76,32.23,24.62,76.73,1964.94,Lua he thu,6.7,1.7
2014,Binh Duong,27.76,32.23,24.62,76.73,1964.94,Lua mi,-7.11E-15,-1.78E-15
2014,Binh Duong,27.76,32.23,24.62,76.73,1964.94,Lua mua,14.9,4
2014,Binh Duong,27.76,32.23,24.62,76.73,1964.94,Ngo,0.7,0.4
2014,Binh Duong,27.76,32.23,24.62,76.73,1964.94,San,82.6,4.6
2015,Binh Duong,28.13,32.72,24.87,75.71,1673.8,Khoai,1.6,0.2
2015,Binh Duong,28.13,32.72,24.87,75.71,1673.8,Lua dong xuan,11.5,2.4
2015,Binh Duong,28.13,32.72,24.87,75.71,1673.8,Lua he thu,6.4,1.7
2015,Binh Duong,28.13,32.72,24.87,75.71,1673.8,Lua mi,0,0
2015,Binh Duong,28.13,32.72,24.87,75.71,1673.8,Lua mua,13.5,3.5
2015,Binh Duong,28.13,32.72,24.87,75.71,1673.8,Ngo,0.7,0.4
2015,Binh Duong,28.13,32.72,24.87,75.71,1673.8,San,87,4.8
2016,Binh Duong,28.28,32.56,25.31,77.56,2153.03,Khoai,1.5,0.2
2016,Binh Duong,28.28,32.56,25.31,77.56,2153.03,Lua dong xuan,10.9,2.2
2016,Binh Duong,28.28,32.56,25.31,77.56,2153.03,Lua he thu,6.1,1.6
2016,Binh Duong,28.28,32.56,25.31,77.56,2153.03,Lua mi,0.1,0
2016,Binh Duong,28.28,32.56,25.31,77.56,2153.03,Lua mua,13.6,3.5
2016,Binh Duong,28.28,32.56,25.31,77.56,2153.03,Ngo,0.8,0.4
2016,Binh Duong,28.28,32.56,25.31,77.56,2153.03,San,89,4.8
2017,Binh Duong,27.96,32.24,25.05,79.14,2373.44,Khoai,1.4,0.2
2017,Binh Duong,27.96,32.24,25.05,79.14,2373.44,Lua dong xuan,11.2,2.3
2017,Binh Duong,27.96,32.24,25.05,79.14,2373.44,Lua he thu,6,1.5
2017,Binh Duong,27.96,32.24,25.05,79.14,2373.44,Lua mi,-3.55E-15,-8.88E-16
2017,Binh Duong,27.96,32.24,25.05,79.14,2373.44,Lua mua,13.4,3.4
2017,Binh Duong,27.96,32.24,25.05,79.14,2373.44,Ngo,0.8,0.4
2017,Binh Duong,27.96,32.24,25.05,79.14,2373.44,San,87.1,4.7
2018,Binh Duong,28.11,32.43,25.16,77.4,2228.12,Khoai,1.4,188
2018,Binh Duong,28.11,32.43,25.16,77.4,2228.12,Lua dong xuan,10.6,2.2
2018,Binh Duong,28.11,32.43,25.16,77.4,2228.12,Lua he thu,5.6,1.4
2018,Binh Duong,28.11,32.43,25.16,77.4,2228.12,Lua mi,-3.55E-15,-8.88E-16
2018,Binh Duong,28.11,32.43,25.16,77.4,2228.12,Lua mua,12.9,3.3
2018,Binh Duong,28.11,32.43,25.16,77.4,2228.12,Ngo,0.8,0.4
2018,Binh Duong,28.11,32.43,25.16,77.4,2228.12,San,85.4,4.5
2019,Binh Duong,28.26,32.78,25.05,75.66,1715.94,Khoai,1.4,190
2019,Binh Duong,28.26,32.78,25.05,75.66,1715.94,Lua dong xuan,10.5,2.1
2019,Binh Duong,28.26,32.78,25.05,75.66,1715.94,Lua he thu,5.3,1.4
2019,Binh Duong,28.26,32.78,25.05,75.66,1715.94,Lua mi,0,-0.1
2019,Binh Duong,28.26,32.78,25.05,75.66,1715.94,Lua mua,12.4,3.2
2019,Binh Duong,28.26,32.78,25.05,75.66,1715.94,Ngo,0.8,0.4
2019,Binh Duong,28.26,32.78,25.05,75.66,1715.94,San,80.1,4.3
2020,Binh Duong,27.93,32.22,24.88,78.09,1732.27,Khoai,1.3,173
2020,Binh Duong,27.93,32.22,24.88,78.09,1732.27,Lua dong xuan,10.4,2.1
2020,Binh Duong,27.93,32.22,24.88,78.09,1732.27,Lua he thu,5,1.3
2020,Binh Duong,27.93,32.22,24.88,78.09,1732.27,Lua mi,0,-0.1
2020,Binh Duong,27.93,32.22,24.88,78.09,1732.27,Lua mua,11.6,2.9
2020,Binh Duong,27.93,32.22,24.88,78.09,1732.27,Ngo,0.8,0.4
2020,Binh Duong,27.93,32.22,24.88,78.09,1732.27,San,78.4,4.1
2021,Binh Duong,27.53,31.8,24.58,78.48,2091.03,Khoai,1.3,175
2021,Binh Duong,27.53,31.8,24.58,78.48,2091.03,Lua dong xuan,9.9,2
2021,Binh Duong,27.53,31.8,24.58,78.48,2091.03,Lua he thu,4.9,1.2
2021,Binh Duong,27.53,31.8,24.58,78.48,2091.03,Lua mi,0,0
2021,Binh Duong,27.53,31.8,24.58,78.48,2091.03,Lua mua,11.4,2.8
2021,Binh Duong,27.53,31.8,24.58,78.48,2091.03,Ngo,0.8,0.4
2021,Binh Duong,27.53,31.8,24.58,78.48,2091.03,San,78,4.1
2022,Binh Duong,27.74,31.93,24.88,78.69,2360.93,Khoai,1.4,181.3
2022,Binh Duong,27.74,31.93,24.88,78.69,2360.93,Lua dong xuan,9.6,1.9
2022,Binh Duong,27.74,31.93,24.88,78.69,2360.93,Lua he thu,4.6,1.1
2022,Binh Duong,27.74,31.93,24.88,78.69,2360.93,Lua mi,-0.1,0
2022,Binh Duong,27.74,31.93,24.88,78.69,2360.93,Lua mua,10.8,2.6
2022,Binh Duong,27.74,31.93,24.88,78.69,2360.93,Ngo,0.9,0.4
2022,Binh Duong,27.74,31.93,24.88,78.69,2360.93,San,74.4,3.8
2023,Binh Duong,27.88,32.06,24.87,79.46,1975.13,Khoai,1.2,159.3
2023,Binh Duong,27.88,32.06,24.87,79.46,1975.13,Lua dong xuan,9.3,1.8
2023,Binh Duong,27.88,32.06,24.87,79.46,1975.13,Lua he thu,4.4,1.1
2023,Binh Duong,27.88,32.06,24.87,79.46,1975.13,Lua mi,0,0
2023,Binh Duong,27.88,32.06,24.87,79.46,1975.13,Lua mua,10.3,2.5
2023,Binh Duong,27.88,32.06,24.87,79.46,1975.13,Ngo,0.7,0.3
2023,Binh Duong,27.88,32.06,24.87,79.46,1975.13,San,70.8,3.8
2024,Binh Duong,28.43,32.52,25.41,78.34,1953.3,Khoai,1,137
2024,Binh Duong,28.43,32.52,25.41,78.34,1953.3,Lua dong xuan,9.3,1.8
2024,Binh Duong,28.43,32.52,25.41,78.34,1953.3,Lua he thu,4.4,1.1
2024,Binh Duong,28.43,32.52,25.41,78.34,1953.3,Lua mi,0.1,0
2024,Binh Duong,28.43,32.52,25.41,78.34,1953.3,Lua mua,10.4,2.4
2024,Binh Duong,28.43,32.52,25.41,78.34,1953.3,Ngo,0.7,0.3
2024,Binh Duong,28.43,32.52,25.41,78.34,1953.3,San,76,3.9
1995,Binh Phuoc,26.65,31.39,23.12,75.51,1928.14,Khoai,1.4,0.7
1995,Binh Phuoc,26.65,31.39,23.12,75.51,1928.14,Lua dong xuan,3.2,1.3
1995,Binh Phuoc,26.65,31.39,23.12,75.51,1928.14,Lua mi,-7.11E-15,0
1995,Binh Phuoc,26.65,31.39,23.12,75.51,1928.14,Lua mua,37.1,25
1995,Binh Phuoc,26.65,31.39,23.12,75.51,1928.14,Ngo,2.7,3.1
1995,Binh Phuoc,26.65,31.39,23.12,75.51,1928.14,San,65.5,7.3
1996,Binh Phuoc,26.38,31.13,22.99,77.91,2270.06,Khoai,4.6,0.8
1996,Binh Phuoc,26.38,31.13,22.99,77.91,2270.06,Lua dong xuan,3.8,1.4
1996,Binh Phuoc,26.38,31.13,22.99,77.91,2270.06,Lua mi,0,0
1996,Binh Phuoc,26.38,31.13,22.99,77.91,2270.06,Lua mua,30.9,20.6
1996,Binh Phuoc,26.38,31.13,22.99,77.91,2270.06,Ngo,8.5,3.9
1996,Binh Phuoc,26.38,31.13,22.99,77.91,2270.06,San,29.1,2.7
1997,Binh Phuoc,26.62,31.43,23.12,76.71,2271.74,Khoai,5.2,0.9
1997,Binh Phuoc,26.62,31.43,23.12,76.71,2271.74,Lua dong xuan,3.4,1.3
1997,Binh Phuoc,26.62,31.43,23.12,76.71,2271.74,Lua mi,7.11E-15,0
1997,Binh Phuoc,26.62,31.43,23.12,76.71,2271.74,Lua mua,36.9,22.5
1997,Binh Phuoc,26.62,31.43,23.12,76.71,2271.74,Ngo,16.9,6.1
1997,Binh Phuoc,26.62,31.43,23.12,76.71,2271.74,San,15.6,1.2
1998,Binh Phuoc,27.29,31.94,23.91,77.05,2138.92,Khoai,4.2,0.8
1998,Binh Phuoc,27.29,31.94,23.91,77.05,2138.92,Lua dong xuan,2.6,1.8
1998,Binh Phuoc,27.29,31.94,23.91,77.05,2138.92,Lua mi,0,0
1998,Binh Phuoc,27.29,31.94,23.91,77.05,2138.92,Lua mua,28.6,17.5
1998,Binh Phuoc,27.29,31.94,23.91,77.05,2138.92,Ngo,13.8,5.7
1998,Binh Phuoc,27.29,31.94,23.91,77.05,2138.92,San,2.7,0.5
1999,Binh Phuoc,26.15,30.58,23.14,80.42,2464.55,Khoai,4.5,0.9
1999,Binh Phuoc,26.15,30.58,23.14,80.42,2464.55,Lua dong xuan,4.4,1.6
1999,Binh Phuoc,26.15,30.58,23.14,80.42,2464.55,Lua mi,0,0
1999,Binh Phuoc,26.15,30.58,23.14,80.42,2464.55,Lua mua,29.7,17.3
1999,Binh Phuoc,26.15,30.58,23.14,80.42,2464.55,Ngo,15.9,5.8
1999,Binh Phuoc,26.15,30.58,23.14,80.42,2464.55,San,11.1,1
2000,Binh Phuoc,26.4,30.93,23.32,79.63,2356.97,Khoai,4.2,0.7
2000,Binh Phuoc,26.4,30.93,23.32,79.63,2356.97,Lua dong xuan,5.6,2
2000,Binh Phuoc,26.4,30.93,23.32,79.63,2356.97,Lua mi,0.1,0.1
2000,Binh Phuoc,26.4,30.93,23.32,79.63,2356.97,Lua mua,24,13.9
2000,Binh Phuoc,26.4,30.93,23.32,79.63,2356.97,Ngo,15.5,5.9
2000,Binh Phuoc,26.4,30.93,23.32,79.63,2356.97,San,13.9,1.2
2001,Binh Phuoc,26.87,31.7,23.52,76.81,2202.19,Khoai,4.9,0.8
2001,Binh Phuoc,26.87,31.7,23.52,76.81,2202.19,Lua dong xuan,7.4,2.7
2001,Binh Phuoc,26.87,31.7,23.52,76.81,2202.19,Lua mi,0.7,0.4
2001,Binh Phuoc,26.87,31.7,23.52,76.81,2202.19,Lua mua,25.8,11.4
2001,Binh Phuoc,26.87,31.7,23.52,76.81,2202.19,Ngo,17.6,6.6
2001,Binh Phuoc,26.87,31.7,23.52,76.81,2202.19,San,370.6,17.4
2002,Binh Phuoc,27.32,32.3,23.71,73.35,2102.91,Khoai,5.4,0.9
2002,Binh Phuoc,27.32,32.3,23.71,73.35,2102.91,Lua dong xuan,6.3,2.7
2002,Binh Phuoc,27.32,32.3,23.71,73.35,2102.91,Lua mi,0.7,0.4
2002,Binh Phuoc,27.32,32.3,23.71,73.35,2102.91,Lua mua,28.9,12.4
2002,Binh Phuoc,27.32,32.3,23.71,73.35,2102.91,Ngo,18.9,6.8
2002,Binh Phuoc,27.32,32.3,23.71,73.35,2102.91,San,542.4,25
2003,Binh Phuoc,27.05,31.92,23.55,74.23,2135.6,Khoai,5.2,0.9
2003,Binh Phuoc,27.05,31.92,23.55,74.23,2135.6,Lua dong xuan,8.2,3.1
2003,Binh Phuoc,27.05,31.92,23.55,74.23,2135.6,Lua mi,0.8,0.4
2003,Binh Phuoc,27.05,31.92,23.55,74.23,2135.6,Lua mua,30.6,12.4
2003,Binh Phuoc,27.05,31.92,23.55,74.23,2135.6,Ngo,22.7,7.7
2003,Binh Phuoc,27.05,31.92,23.55,74.23,2135.6,San,534.9,24.7
2004,Binh Phuoc,27.08,31.91,23.41,73.13,1925.14,Khoai,5.9,1
2004,Binh Phuoc,27.08,31.91,23.41,73.13,1925.14,Lua dong xuan,8.7,3.3
2004,Binh Phuoc,27.08,31.91,23.41,73.13,1925.14,Lua mi,0.3,0.2
2004,Binh Phuoc,27.08,31.91,23.41,73.13,1925.14,Lua mua,31.1,12.2
2004,Binh Phuoc,27.08,31.91,23.41,73.13,1925.14,Ngo,20.9,7.1
2004,Binh Phuoc,27.08,31.91,23.41,73.13,1925.14,San,528,24.1
2005,Binh Phuoc,26.69,31.17,23.37,76.6,2094.19,Khoai,6.1,1
2005,Binh Phuoc,26.69,31.17,23.37,76.6,2094.19,Lua dong xuan,6.5,2.9
2005,Binh Phuoc,26.69,31.17,23.37,76.6,2094.19,Lua mi,0.3,0.1
2005,Binh Phuoc,26.69,31.17,23.37,76.6,2094.19,Lua mua,33,11.6
2005,Binh Phuoc,26.69,31.17,23.37,76.6,2094.19,Ngo,24.2,7.6
2005,Binh Phuoc,26.69,31.17,23.37,76.6,2094.19,San,493.8,22.1
2006,Binh Phuoc,26.8,31.44,23.51,76.62,2220.35,Khoai,6.7,1.1
2006,Binh Phuoc,26.8,31.44,23.51,76.62,2220.35,Lua dong xuan,8.3,2.9
2006,Binh Phuoc,26.8,31.44,23.51,76.62,2220.35,Lua mi,7.11E-15,0
2006,Binh Phuoc,26.8,31.44,23.51,76.62,2220.35,Lua mua,26.5,11.6
2006,Binh Phuoc,26.8,31.44,23.51,76.62,2220.35,Ngo,21.8,7
2006,Binh Phuoc,26.8,31.44,23.51,76.62,2220.35,San,505.9,23.2
2007,Binh Phuoc,26.65,31.31,23.37,77.24,2597.8,Khoai,5.9,0.9
2007,Binh Phuoc,26.65,31.31,23.37,77.24,2597.8,Lua dong xuan,8.4,2.9
2007,Binh Phuoc,26.65,31.31,23.37,77.24,2597.8,Lua mi,0,0
2007,Binh Phuoc,26.65,31.31,23.37,77.24,2597.8,Lua mua,32.8,10.7
2007,Binh Phuoc,26.65,31.31,23.37,77.24,2597.8,Ngo,20.3,6.3
2007,Binh Phuoc,26.65,31.31,23.37,77.24,2597.8,San,553.9,25
2008,Binh Phuoc,26.39,31.19,23.09,77.95,2418.35,Khoai,4.3,0.7
2008,Binh Phuoc,26.39,31.19,23.09,77.95,2418.35,Lua dong xuan,9.7,2.9
2008,Binh Phuoc,26.39,31.19,23.09,77.95,2418.35,Lua mi,0,0
2008,Binh Phuoc,26.39,31.19,23.09,77.95,2418.35,Lua mua,31.8,11.4
2008,Binh Phuoc,26.39,31.19,23.09,77.95,2418.35,Ngo,18.3,5.6
2008,Binh Phuoc,26.39,31.19,23.09,77.95,2418.35,San,564.5,25.8
2009,Binh Phuoc,26.4,31.08,23.13,79.62,2455.1,Khoai,5.8,0.9
2009,Binh Phuoc,26.4,31.08,23.13,79.62,2455.1,Lua dong xuan,10.1,3.1
2009,Binh Phuoc,26.4,31.08,23.13,79.62,2455.1,Lua mi,0,-3.55E-15
2009,Binh Phuoc,26.4,31.08,23.13,79.62,2455.1,Lua mua,35.4,11.7
2009,Binh Phuoc,26.4,31.08,23.13,79.62,2455.1,Ngo,23.3,7.4
2009,Binh Phuoc,26.4,31.08,23.13,79.62,2455.1,San,469.4,20.4
2010,Binh Phuoc,27.35,32.22,23.92,76,2054.97,Khoai,4.9,0.8
2010,Binh Phuoc,27.35,32.22,23.92,76,2054.97,Lua dong xuan,9.8,2.9
2010,Binh Phuoc,27.35,32.22,23.92,76,2054.97,Lua mi,0,0
2010,Binh Phuoc,27.35,32.22,23.92,76,2054.97,Lua mua,36.2,11.7
2010,Binh Phuoc,27.35,32.22,23.92,76,2054.97,Ngo,21,6.7
2010,Binh Phuoc,27.35,32.22,23.92,76,2054.97,San,464.2,20.4
2011,Binh Phuoc,26.7,31.44,23.41,75.79,2359.36,Khoai,4.3,0.7
2011,Binh Phuoc,26.7,31.44,23.41,75.79,2359.36,Lua dong xuan,9.4,2.7
2011,Binh Phuoc,26.7,31.44,23.41,75.79,2359.36,Lua mi,7.11E-15,0
2011,Binh Phuoc,26.7,31.44,23.41,75.79,2359.36,Lua mua,33.5,10.7
2011,Binh Phuoc,26.7,31.44,23.41,75.79,2359.36,Ngo,16.7,5.3
2011,Binh Phuoc,26.7,31.44,23.41,75.79,2359.36,San,80.2,21.6
2012,Binh Phuoc,27,31.77,23.76,78.24,2536.63,Khoai,3,0.5
2012,Binh Phuoc,27,31.77,23.76,78.24,2536.63,Lua dong xuan,12.2,3.6
2012,Binh Phuoc,27,31.77,23.76,78.24,2536.63,Lua mi,0,0
2012,Binh Phuoc,27,31.77,23.76,78.24,2536.63,Lua mua,35,11
2012,Binh Phuoc,27,31.77,23.76,78.24,2536.63,Ngo,18.8,5.5
2012,Binh Phuoc,27,31.77,23.76,78.24,2536.63,San,470,20.8
2013,Binh Phuoc,27.3,32.13,23.91,74.84,2252.54,Khoai,2.8,0.5
2013,Binh Phuoc,27.3,32.13,23.91,74.84,2252.54,Lua dong xuan,11.5,3.3
2013,Binh Phuoc,27.3,32.13,23.91,74.84,2252.54,Lua mi,0,0
2013,Binh Phuoc,27.3,32.13,23.91,74.84,2252.54,Lua mua,33.4,10.3
2013,Binh Phuoc,27.3,32.13,23.91,74.84,2252.54,Ngo,19.4,5.3
2013,Binh Phuoc,27.3,32.13,23.91,74.84,2252.54,San,440,19.2
2014,Binh Phuoc,26.97,31.75,23.58,76.02,2265.35,Khoai,2.7,0.4
2014,Binh Phuoc,26.97,31.75,23.58,76.02,2265.35,Lua dong xuan,11,3.3
2014,Binh Phuoc,26.97,31.75,23.58,76.02,2265.35,Lua mi,0,0
2014,Binh Phuoc,26.97,31.75,23.58,76.02,2265.35,Lua mua,31.6,9.7
2014,Binh Phuoc,26.97,31.75,23.58,76.02,2265.35,Ngo,18.4,4.9
2014,Binh Phuoc,26.97,31.75,23.58,76.02,2265.35,San,431.7,18.7
2015,Binh Phuoc,27.39,32.31,23.83,74.78,1854.19,Khoai,2,0.4
2015,Binh Phuoc,27.39,32.31,23.83,74.78,1854.19,Lua dong xuan,11,3.2
2015,Binh Phuoc,27.39,32.31,23.83,74.78,1854.19,Lua mi,0.4,0.3
2015,Binh Phuoc,27.39,32.31,23.83,74.78,1854.19,Lua mua,31.4,9.6
2015,Binh Phuoc,27.39,32.31,23.83,74.78,1854.19,Ngo,18.7,4.9
2015,Binh Phuoc,27.39,32.31,23.83,74.78,1854.19,San,413.8,17.7
2016,Binh Phuoc,27.48,32.04,24.29,77.58,2352.7,Khoai,2.7,0.5
2016,Binh Phuoc,27.48,32.04,24.29,77.58,2352.7,Lua dong xuan,9.2,3.1
2016,Binh Phuoc,27.48,32.04,24.29,77.58,2352.7,Lua mi,0.3,0.1
2016,Binh Phuoc,27.48,32.04,24.29,77.58,2352.7,Lua mua,30.2,9.1
2016,Binh Phuoc,27.48,32.04,24.29,77.58,2352.7,Ngo,17.2,4.5
2016,Binh Phuoc,27.48,32.04,24.29,77.58,2352.7,San,403.6,17
2017,Binh Phuoc,27.15,31.72,24.04,78.76,2609.82,Khoai,3.2,0.7
2017,Binh Phuoc,27.15,31.72,24.04,78.76,2609.82,Lua dong xuan,10.8,3.3
2017,Binh Phuoc,27.15,31.72,24.04,78.76,2609.82,Lua mi,0.1,0.1
2017,Binh Phuoc,27.15,31.72,24.04,78.76,2609.82,Lua mua,28.8,8.9
2017,Binh Phuoc,27.15,31.72,24.04,78.76,2609.82,Ngo,17.1,4.5
2017,Binh Phuoc,27.15,31.72,24.04,78.76,2609.82,San,378.7,15.9
2018,Binh Phuoc,27.38,32.12,24.15,76.55,2586.9,Khoai,2.6,529
2018,Binh Phuoc,27.38,32.12,24.15,76.55,2586.9,Lua dong xuan,13.4,3.5
2018,Binh Phuoc,27.38,32.12,24.15,76.55,2586.9,Lua mi,0,0
2018,Binh Phuoc,27.38,32.12,24.15,76.55,2586.9,Lua mua,29.2,8.6
2018,Binh Phuoc,27.38,32.12,24.15,76.55,2586.9,Ngo,16.4,4.2
2018,Binh Phuoc,27.38,32.12,24.15,76.55,2586.9,San,327.5,13.6
2019,Binh Phuoc,27.44,32.23,23.96,75.53,2067.23,Khoai,2.7,552
2019,Binh Phuoc,27.44,32.23,23.96,75.53,2067.23,Lua dong xuan,13.3,3.3
2019,Binh Phuoc,27.44,32.23,23.96,75.53,2067.23,Lua mi,0,0
2019,Binh Phuoc,27.44,32.23,23.96,75.53,2067.23,Lua mua,27,8.2
2019,Binh Phuoc,27.44,32.23,23.96,75.53,2067.23,Ngo,15,3.9
2019,Binh Phuoc,27.44,32.23,23.96,75.53,2067.23,San,224.5,10.3
2020,Binh Phuoc,26.98,31.54,23.72,78.58,1918.91,Khoai,2.6,481
2020,Binh Phuoc,26.98,31.54,23.72,78.58,1918.91,Lua dong xuan,11.2,3
2020,Binh Phuoc,26.98,31.54,23.72,78.58,1918.91,Lua mi,0,0.1
2020,Binh Phuoc,26.98,31.54,23.72,78.58,1918.91,Lua mua,30.4,8.2
2020,Binh Phuoc,26.98,31.54,23.72,78.58,1918.91,Ngo,12.4,3.2
2020,Binh Phuoc,26.98,31.54,23.72,78.58,1918.91,San,144.5,5.9
2021,Binh Phuoc,26.6,31.15,23.47,78.7,2259.72,Khoai,3,584
2021,Binh Phuoc,26.6,31.15,23.47,78.7,2259.72,Lua dong xuan,10.8,2.8
2021,Binh Phuoc,26.6,31.15,23.47,78.7,2259.72,Lua mi,0,0
2021,Binh Phuoc,26.6,31.15,23.47,78.7,2259.72,Lua mua,27.5,7.8
2021,Binh Phuoc,26.6,31.15,23.47,78.7,2259.72,Ngo,11.7,3
2021,Binh Phuoc,26.6,31.15,23.47,78.7,2259.72,San,124.9,5.5
2022,Binh Phuoc,26.88,31.4,23.78,78.28,2651.09,Khoai,2.4,467.5
2022,Binh Phuoc,26.88,31.4,23.78,78.28,2651.09,Lua dong xuan,11.3,2.8
2022,Binh Phuoc,26.88,31.4,23.78,78.28,2651.09,Lua mi,0,0
2022,Binh Phuoc,26.88,31.4,23.78,78.28,2651.09,Lua mua,28.4,7.7
2022,Binh Phuoc,26.88,31.4,23.78,78.28,2651.09,Ngo,10.5,2.7
2022,Binh Phuoc,26.88,31.4,23.78,78.28,2651.09,San,111.5,4.7
2023,Binh Phuoc,26.97,31.49,23.78,79.39,2363.45,Khoai,0.4,67.8
2023,Binh Phuoc,26.97,31.49,23.78,79.39,2363.45,Lua dong xuan,11.6,2.8
2023,Binh Phuoc,26.97,31.49,23.78,79.39,2363.45,Lua mi,0,1.78E-15
2023,Binh Phuoc,26.97,31.49,23.78,79.39,2363.45,Lua mua,29.8,7.8
2023,Binh Phuoc,26.97,31.49,23.78,79.39,2363.45,Ngo,11,2.8
2023,Binh Phuoc,26.97,31.49,23.78,79.39,2363.45,San,105.4,4.7
2024,Binh Phuoc,27.47,31.85,24.23,78.59,2304.52,Khoai,1.2,186.7
2024,Binh Phuoc,27.47,31.85,24.23,78.59,2304.52,Lua dong xuan,11.9,2.9
2024,Binh Phuoc,27.47,31.85,24.23,78.59,2304.52,Lua mi,0,0
2024,Binh Phuoc,27.47,31.85,24.23,78.59,2304.52,Lua mua,32.6,7.9
2024,Binh Phuoc,27.47,31.85,24.23,78.59,2304.52,Ngo,9.6,2.5
2024,Binh Phuoc,27.47,31.85,24.23,78.59,2304.52,San,113.8,5.2
1995,Binh Thuan,25.57,29.67,22.52,80.2,1756.61,Khoai,30.4,6.7
1995,Binh Thuan,25.57,29.67,22.52,80.2,1756.61,Lua dong xuan,21.4,5.3
1995,Binh Thuan,25.57,29.67,22.52,80.2,1756.61,Lua he thu,77.2,19.4
1995,Binh Thuan,25.57,29.67,22.52,80.2,1756.61,Lua mi,0,0
1995,Binh Thuan,25.57,29.67,22.52,80.2,1756.61,Lua mua,110.6,40.6
1995,Binh Thuan,25.57,29.67,22.52,80.2,1756.61,Ngo,17.5,6.9
1995,Binh Thuan,25.57,29.67,22.52,80.2,1756.61,San,35.5,5.6
1996,Binh Thuan,25.36,29.32,22.44,81.76,1943.32,Khoai,34.8,6.3
1996,Binh Thuan,25.36,29.32,22.44,81.76,1943.32,Lua dong xuan,31,7.7
1996,Binh Thuan,25.36,29.32,22.44,81.76,1943.32,Lua he thu,76.8,21.2
1996,Binh Thuan,25.36,29.32,22.44,81.76,1943.32,Lua mi,0,0
1996,Binh Thuan,25.36,29.32,22.44,81.76,1943.32,Lua mua,123.6,42.3
1996,Binh Thuan,25.36,29.32,22.44,81.76,1943.32,Ngo,19.4,8.2
1996,Binh Thuan,25.36,29.32,22.44,81.76,1943.32,San,40,5.8
1997,Binh Thuan,25.63,29.78,22.58,79.63,1439.27,Khoai,31.5,5.6
1997,Binh Thuan,25.63,29.78,22.58,79.63,1439.27,Lua dong xuan,34.9,8.9
1997,Binh Thuan,25.63,29.78,22.58,79.63,1439.27,Lua he thu,86.9,22.9
1997,Binh Thuan,25.63,29.78,22.58,79.63,1439.27,Lua mi,0,0
1997,Binh Thuan,25.63,29.78,22.58,79.63,1439.27,Lua mua,133,43.8
1997,Binh Thuan,25.63,29.78,22.58,79.63,1439.27,Ngo,25,8.7
1997,Binh Thuan,25.63,29.78,22.58,79.63,1439.27,San,52.7,6.5
1998,Binh Thuan,26.3,30.39,23.41,80.16,1801.48,Khoai,21.2,4.5
1998,Binh Thuan,26.3,30.39,23.41,80.16,1801.48,Lua dong xuan,41.6,10.9
1998,Binh Thuan,26.3,30.39,23.41,80.16,1801.48,Lua he thu,89.2,23.3
1998,Binh Thuan,26.3,30.39,23.41,80.16,1801.48,Lua mi,0,0
1998,Binh Thuan,26.3,30.39,23.41,80.16,1801.48,Lua mua,143.9,44.1
1998,Binh Thuan,26.3,30.39,23.41,80.16,1801.48,Ngo,27.3,9.3
1998,Binh Thuan,26.3,30.39,23.41,80.16,1801.48,San,43.8,5.4
1999,Binh Thuan,25.46,29.25,22.79,82.76,2004.88,Khoai,21.3,4.2
1999,Binh Thuan,25.46,29.25,22.79,82.76,2004.88,Lua dong xuan,69.5,16.4
1999,Binh Thuan,25.46,29.25,22.79,82.76,2004.88,Lua he thu,84.3,28.4
1999,Binh Thuan,25.46,29.25,22.79,82.76,2004.88,Lua mi,-5.68E-14,0
1999,Binh Thuan,25.46,29.25,22.79,82.76,2004.88,Lua mua,125.3,42.9
1999,Binh Thuan,25.46,29.25,22.79,82.76,2004.88,Ngo,28.1,10.3
1999,Binh Thuan,25.46,29.25,22.79,82.76,2004.88,San,57.3,5.3
2000,Binh Thuan,25.53,29.34,22.83,82.47,1785.78,Khoai,17.3,3.7
2000,Binh Thuan,25.53,29.34,22.83,82.47,1785.78,Lua dong xuan,75.3,19.4
2000,Binh Thuan,25.53,29.34,22.83,82.47,1785.78,Lua he thu,117.7,30
2000,Binh Thuan,25.53,29.34,22.83,82.47,1785.78,Lua mi,0,0
2000,Binh Thuan,25.53,29.34,22.83,82.47,1785.78,Lua mua,128.5,43.7
2000,Binh Thuan,25.53,29.34,22.83,82.47,1785.78,Ngo,34.6,12
2000,Binh Thuan,25.53,29.34,22.83,82.47,1785.78,San,52.2,6.8
2001,Binh Thuan,25.84,29.89,22.97,80.36,1600.04,Khoai,18.2,3.7
2001,Binh Thuan,25.84,29.89,22.97,80.36,1600.04,Lua dong xuan,77.3,18.6
2001,Binh Thuan,25.84,29.89,22.97,80.36,1600.04,Lua he thu,120.9,30.1
2001,Binh Thuan,25.84,29.89,22.97,80.36,1600.04,Lua mi,0,0
2001,Binh Thuan,25.84,29.89,22.97,80.36,1600.04,Lua mua,137.1,42.4
2001,Binh Thuan,25.84,29.89,22.97,80.36,1600.04,Ngo,50.3,13.4
2001,Binh Thuan,25.84,29.89,22.97,80.36,1600.04,San,66,7.7
2002,Binh Thuan,26.08,30.3,23.04,77.5,1551.39,Khoai,19,3.5
2002,Binh Thuan,26.08,30.3,23.04,77.5,1551.39,Lua dong xuan,67,15.9
2002,Binh Thuan,26.08,30.3,23.04,77.5,1551.39,Lua he thu,110.5,29.4
2002,Binh Thuan,26.08,30.3,23.04,77.5,1551.39,Lua mi,0,1.42E-14
2002,Binh Thuan,26.08,30.3,23.04,77.5,1551.39,Lua mua,152.8,42
2002,Binh Thuan,26.08,30.3,23.04,77.5,1551.39,Ngo,62.7,15.6
2002,Binh Thuan,26.08,30.3,23.04,77.5,1551.39,San,126.2,12.3
2003,Binh Thuan,25.78,29.91,22.8,79.32,1639.6,Khoai,17.9,3.4
2003,Binh Thuan,25.78,29.91,22.8,79.32,1639.6,Lua dong xuan,70.3,16
2003,Binh Thuan,25.78,29.91,22.8,79.32,1639.6,Lua he thu,133,31.3
2003,Binh Thuan,25.78,29.91,22.8,79.32,1639.6,Lua mi,5.68E-14,0
2003,Binh Thuan,25.78,29.91,22.8,79.32,1639.6,Lua mua,131.6,38
2003,Binh Thuan,25.78,29.91,22.8,79.32,1639.6,Ngo,85.4,17.7
2003,Binh Thuan,25.78,29.91,22.8,79.32,1639.6,San,165.1,16.1
2004,Binh Thuan,25.8,29.99,22.72,77.73,1324.32,Khoai,15.8,3.1
2004,Binh Thuan,25.8,29.99,22.72,77.73,1324.32,Lua dong xuan,78.3,17.3
2004,Binh Thuan,25.8,29.99,22.72,77.73,1324.32,Lua he thu,144.2,31.4
2004,Binh Thuan,25.8,29.99,22.72,77.73,1324.32,Lua mi,-5.68E-14,-1.42E-14
2004,Binh Thuan,25.8,29.99,22.72,77.73,1324.32,Lua mua,124.3,39.5
2004,Binh Thuan,25.8,29.99,22.72,77.73,1324.32,Ngo,87.9,19.1
2004,Binh Thuan,25.8,29.99,22.72,77.73,1324.32,San,191,16.7
2005,Binh Thuan,25.69,29.66,22.83,79.53,1683.87,Khoai,13.3,2.5
2005,Binh Thuan,25.69,29.66,22.83,79.53,1683.87,Lua dong xuan,51.9,10.6
2005,Binh Thuan,25.69,29.66,22.83,79.53,1683.87,Lua he thu,138.2,30.3
2005,Binh Thuan,25.69,29.66,22.83,79.53,1683.87,Lua mi,5.68E-14,0
2005,Binh Thuan,25.69,29.66,22.83,79.53,1683.87,Lua mua,143.3,40.6
2005,Binh Thuan,25.69,29.66,22.83,79.53,1683.87,Ngo,93.2,22.6
2005,Binh Thuan,25.69,29.66,22.83,79.53,1683.87,San,216.9,18.9
2006,Binh Thuan,25.84,29.88,22.96,79.72,1666.13,Khoai,9.1,1.6
2006,Binh Thuan,25.84,29.88,22.96,79.72,1666.13,Lua dong xuan,97.1,21.1
2006,Binh Thuan,25.84,29.88,22.96,79.72,1666.13,Lua he thu,131.6,33.9
2006,Binh Thuan,25.84,29.88,22.96,79.72,1666.13,Lua mi,0,45.9
2006,Binh Thuan,25.84,29.88,22.96,79.72,1666.13,Lua mua,132.3,41.4
2006,Binh Thuan,25.84,29.88,22.96,79.72,1666.13,Ngo,101.2,19.8
2006,Binh Thuan,25.84,29.88,22.96,79.72,1666.13,San,308.5,21.4
2007,Binh Thuan,25.69,29.73,22.78,80.13,2072.37,Khoai,7,1.2
2007,Binh Thuan,25.69,29.73,22.78,80.13,2072.37,Lua dong xuan,101.8,20.5
2007,Binh Thuan,25.69,29.73,22.78,80.13,2072.37,Lua he thu,168.4,35.6
2007,Binh Thuan,25.69,29.73,22.78,80.13,2072.37,Lua mi,-1.14E-13,0
2007,Binh Thuan,25.69,29.73,22.78,80.13,2072.37,Lua mua,164.9,40.3
2007,Binh Thuan,25.69,29.73,22.78,80.13,2072.37,Ngo,104.7,19.8
2007,Binh Thuan,25.69,29.73,22.78,80.13,2072.37,San,383.1,25.7
2008,Binh Thuan,25.53,29.57,22.66,80.97,1858.74,Khoai,6.1,1.1
2008,Binh Thuan,25.53,29.57,22.66,80.97,1858.74,Lua dong xuan,140.1,27.1
2008,Binh Thuan,25.53,29.57,22.66,80.97,1858.74,Lua he thu,181.2,38.6
2008,Binh Thuan,25.53,29.57,22.66,80.97,1858.74,Lua mi,1.14E-13,0
2008,Binh Thuan,25.53,29.57,22.66,80.97,1858.74,Lua mua,148.6,35.3
2008,Binh Thuan,25.53,29.57,22.66,80.97,1858.74,Ngo,100.3,18.4
2008,Binh Thuan,25.53,29.57,22.66,80.97,1858.74,San,467.4,30.2
2009,Binh Thuan,25.72,29.75,22.85,80.9,1643.87,Khoai,6.4,1.1
2009,Binh Thuan,25.72,29.75,22.85,80.9,1643.87,Lua dong xuan,126.9,23.8
2009,Binh Thuan,25.72,29.75,22.85,80.9,1643.87,Lua he thu,189.9,38.7
2009,Binh Thuan,25.72,29.75,22.85,80.9,1643.87,Lua mi,-1.14E-13,0
2009,Binh Thuan,25.72,29.75,22.85,80.9,1643.87,Lua mua,188.8,40.8
2009,Binh Thuan,25.72,29.75,22.85,80.9,1643.87,Ngo,107.2,19.2
2009,Binh Thuan,25.72,29.75,22.85,80.9,1643.87,San,434.5,25.7
2010,Binh Thuan,26.02,29.93,23.25,81.22,2060.59,Khoai,6.3,1.1
2010,Binh Thuan,26.02,29.93,23.25,81.22,2060.59,Lua dong xuan,172.3,29.9
2010,Binh Thuan,26.02,29.93,23.25,81.22,2060.59,Lua he thu,188.5,38.7
2010,Binh Thuan,26.02,29.93,23.25,81.22,2060.59,Lua mi,0,0
2010,Binh Thuan,26.02,29.93,23.25,81.22,2060.59,Lua mua,174.7,38.6
2010,Binh Thuan,26.02,29.93,23.25,81.22,2060.59,Ngo,109.6,18.7
2010,Binh Thuan,26.02,29.93,23.25,81.22,2060.59,San,481.7,25.7
2011,Binh Thuan,25.57,29.43,22.82,80.61,1756.87,Khoai,6.2,1.1
2011,Binh Thuan,25.57,29.43,22.82,80.61,1756.87,Lua dong xuan,191.3,31.2
2011,Binh Thuan,25.57,29.43,22.82,80.61,1756.87,Lua he thu,224.7,40.2
2011,Binh Thuan,25.57,29.43,22.82,80.61,1756.87,Lua mi,0,0
2011,Binh Thuan,25.57,29.43,22.82,80.61,1756.87,Lua mua,186.3,39.9
2011,Binh Thuan,25.57,29.43,22.82,80.61,1756.87,Ngo,104.2,17.5
2011,Binh Thuan,25.57,29.43,22.82,80.61,1756.87,San,584.5,31.4
2012,Binh Thuan,26.02,29.93,23.29,80.23,1881.17,Khoai,5.6,1
2012,Binh Thuan,26.02,29.93,23.29,80.23,1881.17,Lua dong xuan,195.1,32.6
2012,Binh Thuan,26.02,29.93,23.29,80.23,1881.17,Lua he thu,223.9,40.6
2012,Binh Thuan,26.02,29.93,23.29,80.23,1881.17,Lua mi,0,0
2012,Binh Thuan,26.02,29.93,23.29,80.23,1881.17,Lua mua,201.1,40
2012,Binh Thuan,26.02,29.93,23.29,80.23,1881.17,Ngo,116.8,19.7
2012,Binh Thuan,26.02,29.93,23.29,80.23,1881.17,San,511.4,32.8
2013,Binh Thuan,26.15,30.06,23.38,78.85,1759.29,Khoai,6,1
2013,Binh Thuan,26.15,30.06,23.38,78.85,1759.29,Lua dong xuan,201.1,33.6
2013,Binh Thuan,26.15,30.06,23.38,78.85,1759.29,Lua he thu,224.4,40.8
2013,Binh Thuan,26.15,30.06,23.38,78.85,1759.29,Lua mi,0,0
2013,Binh Thuan,26.15,30.06,23.38,78.85,1759.29,Lua mua,213.1,40.9
2013,Binh Thuan,26.15,30.06,23.38,78.85,1759.29,Ngo,119.6,19.8
2013,Binh Thuan,26.15,30.06,23.38,78.85,1759.29,San,501.2,32.2
2014,Binh Thuan,25.9,29.98,22.99,78.97,1680.15,Khoai,5.2,0.9
2014,Binh Thuan,25.9,29.98,22.99,78.97,1680.15,Lua dong xuan,221,35.9
2014,Binh Thuan,25.9,29.98,22.99,78.97,1680.15,Lua he thu,234.1,42.2
2014,Binh Thuan,25.9,29.98,22.99,78.97,1680.15,Lua mi,0,0
2014,Binh Thuan,25.9,29.98,22.99,78.97,1680.15,Lua mua,218.3,41.6
2014,Binh Thuan,25.9,29.98,22.99,78.97,1680.15,Ngo,123,19.9
2014,Binh Thuan,25.9,29.98,22.99,78.97,1680.15,San,521.3,32.7
2015,Binh Thuan,26.23,30.43,23.16,77.9,1283.82,Khoai,4.5,0.8
2015,Binh Thuan,26.23,30.43,23.16,77.9,1283.82,Lua dong xuan,217.6,34.4
2015,Binh Thuan,26.23,30.43,23.16,77.9,1283.82,Lua he thu,224.1,40.5
2015,Binh Thuan,26.23,30.43,23.16,77.9,1283.82,Lua mi,-0.1,0.1
2015,Binh Thuan,26.23,30.43,23.16,77.9,1283.82,Lua mua,223.2,40.1
2015,Binh Thuan,26.23,30.43,23.16,77.9,1283.82,Ngo,123.5,19.6
2015,Binh Thuan,26.23,30.43,23.16,77.9,1283.82,San,521.4,30.9
2016,Binh Thuan,26.45,30.4,23.73,80.23,1881.42,Khoai,3.1,0.5
2016,Binh Thuan,26.45,30.4,23.73,80.23,1881.42,Lua dong xuan,143.1,22.4
2016,Binh Thuan,26.45,30.4,23.73,80.23,1881.42,Lua he thu,231.3,41.1
2016,Binh Thuan,26.45,30.4,23.73,80.23,1881.42,Lua mi,0,-0.1
2016,Binh Thuan,26.45,30.4,23.73,80.23,1881.42,Lua mua,223.9,40
2016,Binh Thuan,26.45,30.4,23.73,80.23,1881.42,Ngo,125.7,20
2016,Binh Thuan,26.45,30.4,23.73,80.23,1881.42,San,495.1,31.2
2017,Binh Thuan,26.3,30.25,23.56,81.26,2014.38,Khoai,3.1,0.5
2017,Binh Thuan,26.3,30.25,23.56,81.26,2014.38,Lua dong xuan,218.3,35
2017,Binh Thuan,26.3,30.25,23.56,81.26,2014.38,Lua he thu,259.7,44.9
2017,Binh Thuan,26.3,30.25,23.56,81.26,2014.38,Lua mi,0,0
2017,Binh Thuan,26.3,30.25,23.56,81.26,2014.38,Lua mua,239.8,44.3
2017,Binh Thuan,26.3,30.25,23.56,81.26,2014.38,Ngo,114.6,18.4
2017,Binh Thuan,26.3,30.25,23.56,81.26,2014.38,San,477.9,28.2
2018,Binh Thuan,26.38,30.42,23.55,78.99,1876.09,Khoai,3.4,578
2018,Binh Thuan,26.38,30.42,23.55,78.99,1876.09,Lua dong xuan,244,37.6
2018,Binh Thuan,26.38,30.42,23.55,78.99,1876.09,Lua he thu,229.2,43.9
2018,Binh Thuan,26.38,30.42,23.55,78.99,1876.09,Lua mi,1.14E-13,0
2018,Binh Thuan,26.38,30.42,23.55,78.99,1876.09,Lua mua,236.2,43.7
2018,Binh Thuan,26.38,30.42,23.55,78.99,1876.09,Ngo,103.3,16
2018,Binh Thuan,26.38,30.42,23.55,78.99,1876.09,San,455.7,25.7
2019,Binh Thuan,26.57,30.67,23.56,77.86,1337.23,Khoai,5.4,796
2019,Binh Thuan,26.57,30.67,23.56,77.86,1337.23,Lua dong xuan,241.7,37
2019,Binh Thuan,26.57,30.67,23.56,77.86,1337.23,Lua he thu,212.8,39.2
2019,Binh Thuan,26.57,30.67,23.56,77.86,1337.23,Lua mi,0.1,-0.1
2019,Binh Thuan,26.57,30.67,23.56,77.86,1337.23,Lua mua,235,42.5
2019,Binh Thuan,26.57,30.67,23.56,77.86,1337.23,Ngo,104.5,16.1
2019,Binh Thuan,26.57,30.67,23.56,77.86,1337.23,San,497.7,26.4
2020,Binh Thuan,26.35,30.33,23.48,79.86,1660.62,Khoai,3.2,495
2020,Binh Thuan,26.35,30.33,23.48,79.86,1660.62,Lua dong xuan,148.4,22.2
2020,Binh Thuan,26.35,30.33,23.48,79.86,1660.62,Lua he thu,248,43.6
2020,Binh Thuan,26.35,30.33,23.48,79.86,1660.62,Lua mi,1.14E-13,0
2020,Binh Thuan,26.35,30.33,23.48,79.86,1660.62,Lua mua,244.9,43.9
2020,Binh Thuan,26.35,30.33,23.48,79.86,1660.62,Ngo,100.3,15.2
2020,Binh Thuan,26.35,30.33,23.48,79.86,1660.62,San,516.8,28
2021,Binh Thuan,25.86,29.79,23.07,80.46,1724.09,Khoai,3.3,513
2021,Binh Thuan,25.86,29.79,23.07,80.46,1724.09,Lua dong xuan,245.1,36.5
2021,Binh Thuan,25.86,29.79,23.07,80.46,1724.09,Lua he thu,247.6,42.9
2021,Binh Thuan,25.86,29.79,23.07,80.46,1724.09,Lua mi,0,0.1
2021,Binh Thuan,25.86,29.79,23.07,80.46,1724.09,Lua mua,245.2,44.1
2021,Binh Thuan,25.86,29.79,23.07,80.46,1724.09,Ngo,103,15.3
2021,Binh Thuan,25.86,29.79,23.07,80.46,1724.09,San,515.6,28
2022,Binh Thuan,26.03,29.91,23.24,80.2,1950.5,Khoai,2.7,421.8
2022,Binh Thuan,26.03,29.91,23.24,80.2,1950.5,Lua dong xuan,263.7,39.5
2022,Binh Thuan,26.03,29.91,23.24,80.2,1950.5,Lua he thu,229.6,38.5
2022,Binh Thuan,26.03,29.91,23.24,80.2,1950.5,Lua mi,0,-0.1
2022,Binh Thuan,26.03,29.91,23.24,80.2,1950.5,Lua mua,242.8,42.5
2022,Binh Thuan,26.03,29.91,23.24,80.2,1950.5,Ngo,96,14.7
2022,Binh Thuan,26.03,29.91,23.24,80.2,1950.5,San,535.1,26.1
2023,Binh Thuan,26.24,30.16,23.4,80.36,1754.29,Khoai,6.4,946.3
2023,Binh Thuan,26.24,30.16,23.4,80.36,1754.29,Lua dong xuan,263.5,39.4
2023,Binh Thuan,26.24,30.16,23.4,80.36,1754.29,Lua he thu,233.6,40.8
2023,Binh Thuan,26.24,30.16,23.4,80.36,1754.29,Lua mi,0,0
2023,Binh Thuan,26.24,30.16,23.4,80.36,1754.29,Lua mua,253.6,43.1
2023,Binh Thuan,26.24,30.16,23.4,80.36,1754.29,Ngo,100.4,15.2
2023,Binh Thuan,26.24,30.16,23.4,80.36,1754.29,San,536.7,26.1
2024,Binh Thuan,26.74,30.64,23.87,79.09,1728.52,Khoai,3.3,493
2024,Binh Thuan,26.74,30.64,23.87,79.09,1728.52,Lua dong xuan,271,40
2024,Binh Thuan,26.74,30.64,23.87,79.09,1728.52,Lua he thu,258.7,42.8
2024,Binh Thuan,26.74,30.64,23.87,79.09,1728.52,Lua mi,0,0
2024,Binh Thuan,26.74,30.64,23.87,79.09,1728.52,Lua mua,262.4,44.3
2024,Binh Thuan,26.74,30.64,23.87,79.09,1728.52,Ngo,90.1,13.8
2024,Binh Thuan,26.74,30.64,23.87,79.09,1728.52,San,523.1,25.7
1995,Ca Mau,27.12,30.12,24.96,80.69,2427.1,Khoai,2.1,0.4
1995,Ca Mau,27.12,30.12,24.96,80.69,2427.1,Lua dong xuan,,
1995,Ca Mau,27.12,30.12,24.96,80.69,2427.1,Lua he thu,87.4,17.5
1995,Ca Mau,27.12,30.12,24.96,80.69,2427.1,Lua mi,0,2.84E-14
1995,Ca Mau,27.12,30.12,24.96,80.69,2427.1,Lua mua,444.1,169.5
1995,Ca Mau,27.12,30.12,24.96,80.69,2427.1,Ngo,0.6,0.2
1996,Ca Mau,26.77,29.61,24.74,82.6,2677.13,Khoai,2.8,0.3
1996,Ca Mau,26.77,29.61,24.74,82.6,2677.13,Lua dong xuan,1.6,0.4
1996,Ca Mau,26.77,29.61,24.74,82.6,2677.13,Lua he thu,116.1,34.6
1996,Ca Mau,26.77,29.61,24.74,82.6,2677.13,Lua mi,0,2.84E-14
1996,Ca Mau,26.77,29.61,24.74,82.6,2677.13,Lua mua,478.9,166.1
1996,Ca Mau,26.77,29.61,24.74,82.6,2677.13,Ngo,0.6,0.2
1997,Ca Mau,27.16,30.09,25.06,81.3,2003.2,Khoai,2.8,0.6
1997,Ca Mau,27.16,30.09,25.06,81.3,2003.2,Lua dong xuan,8.8,2.2
1997,Ca Mau,27.16,30.09,25.06,81.3,2003.2,Lua he thu,149.7,40.4
1997,Ca Mau,27.16,30.09,25.06,81.3,2003.2,Lua mi,0,-2.84E-14
1997,Ca Mau,27.16,30.09,25.06,81.3,2003.2,Lua mua,390.9,178.3
1997,Ca Mau,27.16,30.09,25.06,81.3,2003.2,Ngo,0.6,0.3
1998,Ca Mau,27.87,30.86,25.75,79.91,2607.27,Khoai,1.9,0.3
1998,Ca Mau,27.87,30.86,25.75,79.91,2607.27,Lua dong xuan,11.9,9
1998,Ca Mau,27.87,30.86,25.75,79.91,2607.27,Lua he thu,199.5,55
1998,Ca Mau,27.87,30.86,25.75,79.91,2607.27,Lua mi,0,0
1998,Ca Mau,27.87,30.86,25.75,79.91,2607.27,Lua mua,506.3,170
1998,Ca Mau,27.87,30.86,25.75,79.91,2607.27,Ngo,0.4,0.2
1999,Ca Mau,26.75,29.42,24.85,83.31,3019.49,Khoai,3.7,0.8
1999,Ca Mau,26.75,29.42,24.85,83.31,3019.49,Lua dong xuan,87,21.9
1999,Ca Mau,26.75,29.42,24.85,83.31,3019.49,Lua he thu,237.6,61.6
1999,Ca Mau,26.75,29.42,24.85,83.31,3019.49,Lua mi,0,0
1999,Ca Mau,26.75,29.42,24.85,83.31,3019.49,Lua mua,519.3,160.3
1999,Ca Mau,26.75,29.42,24.85,83.31,3019.49,Ngo,0.7,0.2
2000,Ca Mau,26.97,29.64,25.09,82.97,2625.28,Khoai,4.2,0.9
2000,Ca Mau,26.97,29.64,25.09,82.97,2625.28,Lua dong xuan,55.1,15
2000,Ca Mau,26.97,29.64,25.09,82.97,2625.28,Lua he thu,361.2,86.2
2000,Ca Mau,26.97,29.64,25.09,82.97,2625.28,Lua mi,0,0
2000,Ca Mau,26.97,29.64,25.09,82.97,2625.28,Lua mua,434.2,147
2000,Ca Mau,26.97,29.64,25.09,82.97,2625.28,Ngo,1.1,0.3
2001,Ca Mau,27.09,29.72,25.2,82.92,2576.9,Khoai,3,0.6
2001,Ca Mau,27.09,29.72,25.2,82.92,2576.9,Lua dong xuan,33.3,8.4
2001,Ca Mau,27.09,29.72,25.2,82.92,2576.9,Lua he thu,116.6,32.9
2001,Ca Mau,27.09,29.72,25.2,82.92,2576.9,Lua mi,5.68E-14,0
2001,Ca Mau,27.09,29.72,25.2,82.92,2576.9,Lua mua,268.5,90.2
2001,Ca Mau,27.09,29.72,25.2,82.92,2576.9,Ngo,0.9,0.3
2002,Ca Mau,27.58,30.58,25.46,79.19,1909.93,Khoai,2.1,0.5
2002,Ca Mau,27.58,30.58,25.46,79.19,1909.93,Lua dong xuan,14.9,6.2
2002,Ca Mau,27.58,30.58,25.46,79.19,1909.93,Lua he thu,138.8,37.3
2002,Ca Mau,27.58,30.58,25.46,79.19,1909.93,Lua mi,0,0
2002,Ca Mau,27.58,30.58,25.46,79.19,1909.93,Lua mua,266.8,87
2002,Ca Mau,27.58,30.58,25.46,79.19,1909.93,Ngo,1.9,0.5
2003,Ca Mau,27.31,30.05,25.35,80.71,2354.42,Khoai,2.2,0.5
2003,Ca Mau,27.31,30.05,25.35,80.71,2354.42,Lua dong xuan,2.8,0.9
2003,Ca Mau,27.31,30.05,25.35,80.71,2354.42,Lua he thu,119.3,34.1
2003,Ca Mau,27.31,30.05,25.35,80.71,2354.42,Lua mi,0,0
2003,Ca Mau,27.31,30.05,25.35,80.71,2354.42,Lua mua,230.8,72
2003,Ca Mau,27.31,30.05,25.35,80.71,2354.42,Ngo,1.5,0.5
2004,Ca Mau,27.2,29.97,25.18,80.36,2005.57,Khoai,2.1,0.5
2004,Ca Mau,27.2,29.97,25.18,80.36,2005.57,Lua dong xuan,2.7,0.7
2004,Ca Mau,27.2,29.97,25.18,80.36,2005.57,Lua he thu,137.9,35.8
2004,Ca Mau,27.2,29.97,25.18,80.36,2005.57,Lua mi,-5.68E-14,2.84E-14
2004,Ca Mau,27.2,29.97,25.18,80.36,2005.57,Lua mua,263.5,95.1
2004,Ca Mau,27.2,29.97,25.18,80.36,2005.57,Ngo,0.6,0.2
2005,Ca Mau,27.26,30.01,25.22,80.63,2261.71,Khoai,1.6,0.4
2005,Ca Mau,27.26,30.01,25.22,80.63,2261.71,Lua dong xuan,1.4,0.4
2005,Ca Mau,27.26,30.01,25.22,80.63,2261.71,Lua he thu,150.5,36.2
2005,Ca Mau,27.26,30.01,25.22,80.63,2261.71,Lua mi,5.68E-14,0
2005,Ca Mau,27.26,30.01,25.22,80.63,2261.71,Lua mua,235,73
2005,Ca Mau,27.26,30.01,25.22,80.63,2261.71,Ngo,0.7,0.2
2006,Ca Mau,27.2,29.9,25.29,81.75,2628.72,Khoai,1.4,0.3
2006,Ca Mau,27.2,29.9,25.29,81.75,2628.72,Lua dong xuan,1.5,0.4
2006,Ca Mau,27.2,29.9,25.29,81.75,2628.72,Lua he thu,132.3,36.1
2006,Ca Mau,27.2,29.9,25.29,81.75,2628.72,Lua mi,0,-1.42E-14
2006,Ca Mau,27.2,29.9,25.29,81.75,2628.72,Lua mua,269.5,78.9
2006,Ca Mau,27.2,29.9,25.29,81.75,2628.72,Ngo,0.7,0.2
2007,Ca Mau,27.1,29.85,25.12,81.91,2763.09,Khoai,1,0.2
2007,Ca Mau,27.1,29.85,25.12,81.91,2763.09,Lua dong xuan,,
2007,Ca Mau,27.1,29.85,25.12,81.91,2763.09,Lua he thu,122.2,36
2007,Ca Mau,27.1,29.85,25.12,81.91,2763.09,Lua mi,0,0
2007,Ca Mau,27.1,29.85,25.12,81.91,2763.09,Lua mua,297,87.1
2007,Ca Mau,27.1,29.85,25.12,81.91,2763.09,Ngo,0.5,0.2
2008,Ca Mau,26.94,29.77,24.97,81.99,2697.49,Khoai,0.8,0.2
2008,Ca Mau,26.94,29.77,24.97,81.99,2697.49,Lua dong xuan,,
2008,Ca Mau,26.94,29.77,24.97,81.99,2697.49,Lua he thu,141,36.3
2008,Ca Mau,26.94,29.77,24.97,81.99,2697.49,Lua mi,0,0
2008,Ca Mau,26.94,29.77,24.97,81.99,2697.49,Lua mua,341.8,96.6
2008,Ca Mau,26.94,29.77,24.97,81.99,2697.49,Ngo,0.5,0.2
2009,Ca Mau,27.15,29.85,25.19,82.75,2260.65,Khoai,0.9,0.2
2009,Ca Mau,27.15,29.85,25.19,82.75,2260.65,Lua dong xuan,,
2009,Ca Mau,27.15,29.85,25.19,82.75,2260.65,Lua he thu,141.8,36.1
2009,Ca Mau,27.15,29.85,25.19,82.75,2260.65,Lua mi,0,0
2009,Ca Mau,27.15,29.85,25.19,82.75,2260.65,Lua mua,361.7,102.9
2009,Ca Mau,27.15,29.85,25.19,82.75,2260.65,Ngo,0.7,0.2
2010,Ca Mau,27.67,30.55,25.65,80.87,2752.22,Khoai,0.9,0.2
2010,Ca Mau,27.67,30.55,25.65,80.87,2752.22,Lua dong xuan,,
2010,Ca Mau,27.67,30.55,25.65,80.87,2752.22,Lua he thu,153.6,35.6
2010,Ca Mau,27.67,30.55,25.65,80.87,2752.22,Lua mi,0,0
2010,Ca Mau,27.67,30.55,25.65,80.87,2752.22,Lua mua,344.7,89.9
2010,Ca Mau,27.67,30.55,25.65,80.87,2752.22,Ngo,1,0.3
2011,Ca Mau,27.06,29.69,25.18,81.9,2357.18,Khoai,0.9,0.2
2011,Ca Mau,27.06,29.69,25.18,81.9,2357.18,Lua dong xuan,,
2011,Ca Mau,27.06,29.69,25.18,81.9,2357.18,Lua he thu,160.2,35.4
2011,Ca Mau,27.06,29.69,25.18,81.9,2357.18,Lua mi,0,2.84E-14
2011,Ca Mau,27.06,29.69,25.18,81.9,2357.18,Lua mua,380.2,94.8
2011,Ca Mau,27.06,29.69,25.18,81.9,2357.18,Ngo,2,0.6
2012,Ca Mau,27.3,29.98,25.43,83.05,2464.45,Khoai,1,0.2
2012,Ca Mau,27.3,29.98,25.43,83.05,2464.45,Lua dong xuan,,
2012,Ca Mau,27.3,29.98,25.43,83.05,2464.45,Lua he thu,170.8,35.8
2012,Ca Mau,27.3,29.98,25.43,83.05,2464.45,Lua mi,0,0
2012,Ca Mau,27.3,29.98,25.43,83.05,2464.45,Lua mua,385.2,93.4
2012,Ca Mau,27.3,29.98,25.43,83.05,2464.45,Ngo,1.7,0.5
2013,Ca Mau,27.4,30.06,25.52,81.55,2498.21,Khoai,1,0.2
2013,Ca Mau,27.4,30.06,25.52,81.55,2498.21,Lua dong xuan,,
2013,Ca Mau,27.4,30.06,25.52,81.55,2498.21,Lua he thu,161,35.5
2013,Ca Mau,27.4,30.06,25.52,81.55,2498.21,Lua mi,0,0
2013,Ca Mau,27.4,30.06,25.52,81.55,2498.21,Lua mua,405.5,94.3
2013,Ca Mau,27.4,30.06,25.52,81.55,2498.21,Ngo,1.8,0.5
2014,Ca Mau,27.35,30.2,25.32,81.31,2334.41,Khoai,1,0.2
2014,Ca Mau,27.35,30.2,25.32,81.31,2334.41,Lua dong xuan,,
2014,Ca Mau,27.35,30.2,25.32,81.31,2334.41,Lua he thu,158.5,36.7
2014,Ca Mau,27.35,30.2,25.32,81.31,2334.41,Lua mi,0,0
2014,Ca Mau,27.35,30.2,25.32,81.31,2334.41,Lua mua,393.5,90.7
2014,Ca Mau,27.35,30.2,25.32,81.31,2334.41,Ngo,1.8,0.5
2015,Ca Mau,27.61,30.52,25.55,80.22,2131.7,Khoai,0.9,0.2
2015,Ca Mau,27.61,30.52,25.55,80.22,2131.7,Lua dong xuan,,
2015,Ca Mau,27.61,30.52,25.55,80.22,2131.7,Lua he thu,152.1,36.4
2015,Ca Mau,27.61,30.52,25.55,80.22,2131.7,Lua mi,5.68E-14,0
2015,Ca Mau,27.61,30.52,25.55,80.22,2131.7,Lua mua,313.1,90.2
2015,Ca Mau,27.61,30.52,25.55,80.22,2131.7,Ngo,1.9,0.5
2016,Ca Mau,27.92,30.75,25.91,80.55,2391.24,Khoai,0.8,0.2
2016,Ca Mau,27.92,30.75,25.91,80.55,2391.24,Lua dong xuan,,
2016,Ca Mau,27.92,30.75,25.91,80.55,2391.24,Lua he thu,166.2,37.1
2016,Ca Mau,27.92,30.75,25.91,80.55,2391.24,Lua mi,-0.1,0.1
2016,Ca Mau,27.92,30.75,25.91,80.55,2391.24,Lua mua,285.8,75.1
2016,Ca Mau,27.92,30.75,25.91,80.55,2391.24,Ngo,2.2,0.5
2017,Ca Mau,27.47,30.12,25.6,82.42,2816.52,Khoai,0.9,0.2
2017,Ca Mau,27.47,30.12,25.6,82.42,2816.52,Lua dong xuan,3.9,1.3
2017,Ca Mau,27.47,30.12,25.6,82.42,2816.52,Lua he thu,156.3,36.7
2017,Ca Mau,27.47,30.12,25.6,82.42,2816.52,Lua mi,0,0
2017,Ca Mau,27.47,30.12,25.6,82.42,2816.52,Lua mua,285.8,75.1
2017,Ca Mau,27.47,30.12,25.6,82.42,2816.52,Ngo,2.3,0.5
2018,Ca Mau,27.52,30.26,25.58,81.66,2372.5,Khoai,0.8,179
2018,Ca Mau,27.52,30.26,25.58,81.66,2372.5,Lua dong xuan,,
2018,Ca Mau,27.52,30.26,25.58,81.66,2372.5,Lua he thu,150.6,36.5
2018,Ca Mau,27.52,30.26,25.58,81.66,2372.5,Lua mi,0,0
2018,Ca Mau,27.52,30.26,25.58,81.66,2372.5,Lua mua,380.1,80.9
2018,Ca Mau,27.52,30.26,25.58,81.66,2372.5,Ngo,2.5,0.5
2019,Ca Mau,27.75,30.58,25.7,80.15,2196.2,Khoai,0.9,185
2019,Ca Mau,27.75,30.58,25.7,80.15,2196.2,Lua dong xuan,196.6,36.5
2019,Ca Mau,27.75,30.58,25.7,80.15,2196.2,Lua he thu,169,36.1
2019,Ca Mau,27.75,30.58,25.7,80.15,2196.2,Lua mi,-0.1,1.42E-14
2019,Ca Mau,27.75,30.58,25.7,80.15,2196.2,Lua mua,159.9,43
2019,Ca Mau,27.75,30.58,25.7,80.15,2196.2,Ngo,2.9,0.6
2020,Ca Mau,27.9,30.71,25.87,79.72,2444.04,Khoai,0.7,155
2020,Ca Mau,27.9,30.71,25.87,79.72,2444.04,Lua dong xuan,208.7,36.1
2020,Ca Mau,27.9,30.71,25.87,79.72,2444.04,Lua he thu,138.8,35.8
2020,Ca Mau,27.9,30.71,25.87,79.72,2444.04,Lua mi,0,0
2020,Ca Mau,27.9,30.71,25.87,79.72,2444.04,Lua mua,99.4,40.5
2020,Ca Mau,27.9,30.71,25.87,79.72,2444.04,Ngo,3,0.6
2021,Ca Mau,27.4,30.03,25.49,81.47,2521.29,Khoai,0.7,148
2021,Ca Mau,27.4,30.03,25.49,81.47,2521.29,Lua dong xuan,232.8,35.7
2021,Ca Mau,27.4,30.03,25.49,81.47,2521.29,Lua he thu,171.3,35.3
2021,Ca Mau,27.4,30.03,25.49,81.47,2521.29,Lua mi,0,1.42E-14
2021,Ca Mau,27.4,30.03,25.49,81.47,2521.29,Lua mua,54.9,29.1
2021,Ca Mau,27.4,30.03,25.49,81.47,2521.29,Ngo,2.9,0.6
2022,Ca Mau,27.52,30.16,25.63,81.66,3027.88,Khoai,0.7,141.3
2022,Ca Mau,27.52,30.16,25.63,81.66,3027.88,Lua dong xuan,214.5,35.3
2022,Ca Mau,27.52,30.16,25.63,81.66,3027.88,Lua he thu,163.5,35.2
2022,Ca Mau,27.52,30.16,25.63,81.66,3027.88,Lua mi,0,0
2022,Ca Mau,27.52,30.16,25.63,81.66,3027.88,Lua mua,166,40.5
2022,Ca Mau,27.52,30.16,25.63,81.66,3027.88,Ngo,3.1,0.6
2023,Ca Mau,27.81,30.43,25.95,81.97,2408.17,Khoai,0.7,139.6
2023,Ca Mau,27.81,30.43,25.95,81.97,2408.17,Lua dong xuan,218.7,35.2
2023,Ca Mau,27.81,30.43,25.95,81.97,2408.17,Lua he thu,174.5,35.2
2023,Ca Mau,27.81,30.43,25.95,81.97,2408.17,Lua mi,1.14E-13,0
2023,Ca Mau,27.81,30.43,25.95,81.97,2408.17,Lua mua,175.2,40.9
2023,Ca Mau,27.81,30.43,25.95,81.97,2408.17,Ngo,3.3,0.7
2024,Ca Mau,28.32,31.01,26.33,80.7,2551.5,Khoai,0.7,141.4
2024,Ca Mau,28.32,31.01,26.33,80.7,2551.5,Lua dong xuan,217.4,35.2
2024,Ca Mau,28.32,31.01,26.33,80.7,2551.5,Lua he thu,177,35.2
2024,Ca Mau,28.32,31.01,26.33,80.7,2551.5,Lua mi,0.1,-0.1
2024,Ca Mau,28.32,31.01,26.33,80.7,2551.5,Lua mua,179.3,42.9
2024,Ca Mau,28.32,31.01,26.33,80.7,2551.5,Ngo,3.5,0.7
1995,Can Tho,27.26,31.56,24.27,78.4,1769.84,Khoai,9.3,1.3
1995,Can Tho,27.26,31.56,24.27,78.4,1769.84,Lua dong xuan,865.3,165.6
1995,Can Tho,27.26,31.56,24.27,78.4,1769.84,Lua he thu,824.1,230
1995,Can Tho,27.26,31.56,24.27,78.4,1769.84,Lua mi,-2.27E-13,0
1995,Can Tho,27.26,31.56,24.27,78.4,1769.84,Lua mua,21.3,6.2
1995,Can Tho,27.26,31.56,24.27,78.4,1769.84,Ngo,3.4,1
1996,Can Tho,26.82,30.92,24.02,81.62,2228.88,Khoai,11.9,1.2
1996,Can Tho,26.82,30.92,24.02,81.62,2228.88,Lua dong xuan,924.3,163.6
1996,Can Tho,26.82,30.92,24.02,81.62,2228.88,Lua he thu,855.6,233.8
1996,Can Tho,26.82,30.92,24.02,81.62,2228.88,Lua mi,2.27E-13,0
1996,Can Tho,26.82,30.92,24.02,81.62,2228.88,Lua mua,23.2,8.4
1996,Can Tho,26.82,30.92,24.02,81.62,2228.88,Ngo,3.6,0.9
1997,Can Tho,27.22,31.35,24.34,79.91,1621.54,Khoai,7.4,0.6
1997,Can Tho,27.22,31.35,24.34,79.91,1621.54,Lua dong xuan,949.1,167.2
1997,Can Tho,27.22,31.35,24.34,79.91,1621.54,Lua he thu,741.3,214
1997,Can Tho,27.22,31.35,24.34,79.91,1621.54,Lua mi,0,0
1997,Can Tho,27.22,31.35,24.34,79.91,1621.54,Lua mua,22.6,8.2
1997,Can Tho,27.22,31.35,24.34,79.91,1621.54,Ngo,5.3,1.5
1998,Can Tho,27.92,32.19,25.06,78.64,1987.67,Khoai,8,1
1998,Can Tho,27.92,32.19,25.06,78.64,1987.67,Lua dong xuan,973.3,167.4
1998,Can Tho,27.92,32.19,25.06,78.64,1987.67,Lua he thu,898.8,257.8
1998,Can Tho,27.92,32.19,25.06,78.64,1987.67,Lua mi,-2.27E-13,0
1998,Can Tho,27.92,32.19,25.06,78.64,1987.67,Lua mua,22.6,8.5
1998,Can Tho,27.92,32.19,25.06,78.64,1987.67,Ngo,3.9,1.2
1999,Can Tho,26.72,30.5,24.19,83.03,2314.46,Khoai,6.9,0.6
1999,Can Tho,26.72,30.5,24.19,83.03,2314.46,Lua dong xuan,961.6,175.2
1999,Can Tho,26.72,30.5,24.19,83.03,2314.46,Lua he thu,1018,291.4
1999,Can Tho,26.72,30.5,24.19,83.03,2314.46,Lua mi,2.27E-13,0
1999,Can Tho,26.72,30.5,24.19,83.03,2314.46,Lua mua,,
1999,Can Tho,26.72,30.5,24.19,83.03,2314.46,Ngo,3.1,1
2000,Can Tho,27.05,30.92,24.46,82.07,2101.02,Khoai,6.3,0.5
2000,Can Tho,27.05,30.92,24.46,82.07,2101.02,Lua dong xuan,1029.1,180.3
2000,Can Tho,27.05,30.92,24.46,82.07,2101.02,Lua he thu,853.7,233.1
2000,Can Tho,27.05,30.92,24.46,82.07,2101.02,Lua mi,2.27E-13,0
2000,Can Tho,27.05,30.92,24.46,82.07,2101.02,Lua mua,,
2000,Can Tho,27.05,30.92,24.46,82.07,2101.02,Ngo,3.6,1.1
2001,Can Tho,27.23,31.08,24.62,81.45,1948.74,Khoai,7.7,0.6
2001,Can Tho,27.23,31.08,24.62,81.45,1948.74,Lua dong xuan,1018.8,181.9
2001,Can Tho,27.23,31.08,24.62,81.45,1948.74,Lua he thu,935.6,259.2
2001,Can Tho,27.23,31.08,24.62,81.45,1948.74,Lua mi,0,0
2001,Can Tho,27.23,31.08,24.62,81.45,1948.74,Lua mua,,
2001,Can Tho,27.23,31.08,24.62,81.45,1948.74,Ngo,3.3,1
2002,Can Tho,27.92,32.16,24.98,76.25,1535.5,Khoai,4.1,0.3
2002,Can Tho,27.92,32.16,24.98,76.25,1535.5,Lua dong xuan,1151.2,180.9
2002,Can Tho,27.92,32.16,24.98,76.25,1535.5,Lua he thu,1065,275.7
2002,Can Tho,27.92,32.16,24.98,76.25,1535.5,Lua mi,4.55E-13,0
2002,Can Tho,27.92,32.16,24.98,76.25,1535.5,Lua mua,,
2002,Can Tho,27.92,32.16,24.98,76.25,1535.5,Ngo,6.2,1.5
2003,Can Tho,27.52,31.56,24.74,78.5,1914.32,Khoai,4.7,0.4
2003,Can Tho,27.52,31.56,24.74,78.5,1914.32,Lua dong xuan,1085.2,177.6
2003,Can Tho,27.52,31.56,24.74,78.5,1914.32,Lua he thu,1057.2,275.8
2003,Can Tho,27.52,31.56,24.74,78.5,1914.32,Lua mi,0,0
2003,Can Tho,27.52,31.56,24.74,78.5,1914.32,Lua mua,,
2003,Can Tho,27.52,31.56,24.74,78.5,1914.32,Ngo,9.6,2.3
2004,Can Tho,27.42,31.33,24.54,78.1,1459.01,Khoai,0.8,0.1
2004,Can Tho,27.42,31.33,24.54,78.1,1459.01,Lua dong xuan,638.5,93.9
2004,Can Tho,27.42,31.33,24.54,78.1,1459.01,Lua he thu,556.2,136
2004,Can Tho,27.42,31.33,24.54,78.1,1459.01,Lua mi,0,0
2004,Can Tho,27.42,31.33,24.54,78.1,1459.01,Lua mua,,
2004,Can Tho,27.42,31.33,24.54,78.1,1459.01,Ngo,3.3,0.7
2005,Can Tho,27.39,31.29,24.62,78.41,1815.05,Khoai,0.4,0
2005,Can Tho,27.39,31.29,24.62,78.41,1815.05,Lua dong xuan,651.3,93.4
2005,Can Tho,27.39,31.29,24.62,78.41,1815.05,Lua he thu,582.4,138.6
2005,Can Tho,27.39,31.29,24.62,78.41,1815.05,Lua mi,0,0
2005,Can Tho,27.39,31.29,24.62,78.41,1815.05,Lua mua,,
2005,Can Tho,27.39,31.29,24.62,78.41,1815.05,Ngo,4,0.8
2006,Can Tho,27.28,31.1,24.64,80.15,1906.1,Khoai,0.8,0.1
2006,Can Tho,27.28,31.1,24.64,80.15,1906.1,Lua dong xuan,622.1,93
2006,Can Tho,27.28,31.1,24.64,80.15,1906.1,Lua he thu,530.9,129.8
2006,Can Tho,27.28,31.1,24.64,80.15,1906.1,Lua mi,0,-2.84E-14
2006,Can Tho,27.28,31.1,24.64,80.15,1906.1,Lua mua,,
2006,Can Tho,27.28,31.1,24.64,80.15,1906.1,Ngo,3.8,0.8
2007,Can Tho,27.26,31.25,24.52,80.11,2036.19,Khoai,0.7,0.1
2007,Can Tho,27.26,31.25,24.52,80.11,2036.19,Lua dong xuan,626.3,92.1
2007,Can Tho,27.26,31.25,24.52,80.11,2036.19,Lua he thu,505.3,115.8
2007,Can Tho,27.26,31.25,24.52,80.11,2036.19,Lua mi,0,0
2007,Can Tho,27.26,31.25,24.52,80.11,2036.19,Lua mua,,
2007,Can Tho,27.26,31.25,24.52,80.11,2036.19,Ngo,4.4,0.9
2008,Can Tho,27.04,31.09,24.3,80.41,2148.08,Khoai,0.7,0.1
2008,Can Tho,27.04,31.09,24.3,80.41,2148.08,Lua dong xuan,620.9,90.6
2008,Can Tho,27.04,31.09,24.3,80.41,2148.08,Lua he thu,577.6,128
2008,Can Tho,27.04,31.09,24.3,80.41,2148.08,Lua mi,0,0
2008,Can Tho,27.04,31.09,24.3,80.41,2148.08,Lua mua,,
2008,Can Tho,27.04,31.09,24.3,80.41,2148.08,Ngo,5,1
2009,Can Tho,27.2,31.17,24.49,81.57,1769.54,Khoai,0.4,0
2009,Can Tho,27.2,31.17,24.49,81.57,1769.54,Lua dong xuan,606.4,90.1
2009,Can Tho,27.2,31.17,24.49,81.57,1769.54,Lua he thu,531.7,118.7
2009,Can Tho,27.2,31.17,24.49,81.57,1769.54,Lua mi,2.27E-13,0
2009,Can Tho,27.2,31.17,24.49,81.57,1769.54,Lua mua,,
2009,Can Tho,27.2,31.17,24.49,81.57,1769.54,Ngo,5.1,1.1
2010,Can Tho,27.81,32.12,24.97,79.27,2242.7,Khoai,,0
2010,Can Tho,27.81,32.12,24.97,79.27,2242.7,Lua dong xuan,634.1,89.8
2010,Can Tho,27.81,32.12,24.97,79.27,2242.7,Lua he thu,562.6,119.6
2010,Can Tho,27.81,32.12,24.97,79.27,2242.7,Lua mi,0,0
2010,Can Tho,27.81,32.12,24.97,79.27,2242.7,Lua mua,,
2010,Can Tho,27.81,32.12,24.97,79.27,2242.7,Ngo,5,1
2011,Can Tho,27.04,30.9,24.44,81.39,2029.18,Khoai,,0.2
2011,Can Tho,27.04,30.9,24.44,81.39,2029.18,Lua dong xuan,635.1,88.7
2011,Can Tho,27.04,30.9,24.44,81.39,2029.18,Lua he thu,654.6,136
2011,Can Tho,27.04,30.9,24.44,81.39,2029.18,Lua mi,0,2.84E-14
2011,Can Tho,27.04,30.9,24.44,81.39,2029.18,Lua mua,,
2011,Can Tho,27.04,30.9,24.44,81.39,2029.18,Ngo,5.5,1.1
2012,Can Tho,27.5,31.54,24.86,81.23,2063.6,Khoai,,0.9
2012,Can Tho,27.5,31.54,24.86,81.23,2063.6,Lua dong xuan,640,87.8
2012,Can Tho,27.5,31.54,24.86,81.23,2063.6,Lua he thu,679.8,140.4
2012,Can Tho,27.5,31.54,24.86,81.23,2063.6,Lua mi,0,2.84E-14
2012,Can Tho,27.5,31.54,24.86,81.23,2063.6,Lua mua,,
2012,Can Tho,27.5,31.54,24.86,81.23,2063.6,Ngo,5.5,1.1
2013,Can Tho,27.57,31.49,24.94,79.97,2046.95,Khoai,,0.1
2013,Can Tho,27.57,31.49,24.94,79.97,2046.95,Lua dong xuan,637.2,88
2013,Can Tho,27.57,31.49,24.94,79.97,2046.95,Lua he thu,733.1,148.6
2013,Can Tho,27.57,31.49,24.94,79.97,2046.95,Lua mi,0,2.84E-14
2013,Can Tho,27.57,31.49,24.94,79.97,2046.95,Lua mua,,
2013,Can Tho,27.57,31.49,24.94,79.97,2046.95,Ngo,6.2,1.2
2014,Can Tho,27.48,31.64,24.69,79.85,1872.33,Khoai,,0
2014,Can Tho,27.48,31.64,24.69,79.85,1872.33,Lua dong xuan,646.1,88
2014,Can Tho,27.48,31.64,24.69,79.85,1872.33,Lua he thu,721.6,144.3
2014,Can Tho,27.48,31.64,24.69,79.85,1872.33,Lua mi,0,0
2014,Can Tho,27.48,31.64,24.69,79.85,1872.33,Lua mua,,
2014,Can Tho,27.48,31.64,24.69,79.85,1872.33,Ngo,5.5,1
2015,Can Tho,27.92,32.18,24.99,77.46,1573.99,Khoai,,0
2015,Can Tho,27.92,32.18,24.99,77.46,1573.99,Lua dong xuan,645.3,87.3
2015,Can Tho,27.92,32.18,24.99,77.46,1573.99,Lua he thu,762.8,150.6
2015,Can Tho,27.92,32.18,24.99,77.46,1573.99,Lua mi,0.1,0
2015,Can Tho,27.92,32.18,24.99,77.46,1573.99,Lua mua,,
2015,Can Tho,27.92,32.18,24.99,77.46,1573.99,Ngo,5.5,1.1
2016,Can Tho,28.11,32.13,25.37,78.61,1988.38,Khoai,,0
2016,Can Tho,28.11,32.13,25.37,78.61,1988.38,Lua dong xuan,615.8,86.7
2016,Can Tho,28.11,32.13,25.37,78.61,1988.38,Lua he thu,782,153.3
2016,Can Tho,28.11,32.13,25.37,78.61,1988.38,Lua mi,0,0
2016,Can Tho,28.11,32.13,25.37,78.61,1988.38,Lua mua,,
2016,Can Tho,28.11,32.13,25.37,78.61,1988.38,Ngo,5.8,1.1
2017,Can Tho,27.49,31.22,25,82.3,2380.99,Khoai,,0
2017,Can Tho,27.49,31.22,25,82.3,2380.99,Lua dong xuan,556.7,85.4
2017,Can Tho,27.49,31.22,25,82.3,2380.99,Lua he thu,830.5,154.7
2017,Can Tho,27.49,31.22,25,82.3,2380.99,Lua mi,0,0
2017,Can Tho,27.49,31.22,25,82.3,2380.99,Lua mua,,
2017,Can Tho,27.49,31.22,25,82.3,2380.99,Ngo,5.6,1.1
2018,Can Tho,27.59,31.42,25.01,80.88,2003.66,Khoai,0.4,40
2018,Can Tho,27.59,31.42,25.01,80.88,2003.66,Lua dong xuan,590.9,82.5
2018,Can Tho,27.59,31.42,25.01,80.88,2003.66,Lua he thu,835.4,154.8
2018,Can Tho,27.59,31.42,25.01,80.88,2003.66,Lua mi,0,0
2018,Can Tho,27.59,31.42,25.01,80.88,2003.66,Lua mua,,
2018,Can Tho,27.59,31.42,25.01,80.88,2003.66,Ngo,6,1.1
2019,Can Tho,27.78,31.77,24.97,78.96,1729.36,Khoai,0.3,23
2019,Can Tho,27.78,31.77,24.97,78.96,1729.36,Lua dong xuan,565.6,81.3
2019,Can Tho,27.78,31.77,24.97,78.96,1729.36,Lua he thu,800.3,143.8
2019,Can Tho,27.78,31.77,24.97,78.96,1729.36,Lua mi,0,0
2019,Can Tho,27.78,31.77,24.97,78.96,1729.36,Lua mua,,
2019,Can Tho,27.78,31.77,24.97,78.96,1729.36,Ngo,5,0.9
2020,Can Tho,27.89,31.86,25.11,78.83,1900.39,Khoai,0.2,17
2020,Can Tho,27.89,31.86,25.11,78.83,1900.39,Lua dong xuan,572.6,79.3
2020,Can Tho,27.89,31.86,25.11,78.83,1900.39,Lua he thu,820.6,143.7
2020,Can Tho,27.89,31.86,25.11,78.83,1900.39,Lua mi,0,0
2020,Can Tho,27.89,31.86,25.11,78.83,1900.39,Lua mua,,
2020,Can Tho,27.89,31.86,25.11,78.83,1900.39,Ngo,5.5,0.9
2021,Can Tho,27.36,31.06,24.78,80.72,2144.34,Khoai,0.4,35
2021,Can Tho,27.36,31.06,24.78,80.72,2144.34,Lua dong xuan,575.2,77.2
2021,Can Tho,27.36,31.06,24.78,80.72,2144.34,Lua he thu,838.9,145.2
2021,Can Tho,27.36,31.06,24.78,80.72,2144.34,Lua mi,-0.1,-0.1
2021,Can Tho,27.36,31.06,24.78,80.72,2144.34,Lua mua,,
2021,Can Tho,27.36,31.06,24.78,80.72,2144.34,Ngo,6.9,1.2
2022,Can Tho,27.52,31.22,25.01,80.96,2295.37,Khoai,0.7,53.7
2022,Can Tho,27.52,31.22,25.01,80.96,2295.37,Lua dong xuan,564,76
2022,Can Tho,27.52,31.22,25.01,80.96,2295.37,Lua he thu,802.7,140.3
2022,Can Tho,27.52,31.22,25.01,80.96,2295.37,Lua mi,0,0
2022,Can Tho,27.52,31.22,25.01,80.96,2295.37,Lua mua,,
2022,Can Tho,27.52,31.22,25.01,80.96,2295.37,Ngo,6.2,1
2023,Can Tho,27.9,31.53,25.28,80.92,1907.03,Khoai,0.6,48.3
2023,Can Tho,27.9,31.53,25.28,80.92,1907.03,Lua dong xuan,559.8,75
2023,Can Tho,27.9,31.53,25.28,80.92,1907.03,Lua he thu,802.4,141.2
2023,Can Tho,27.9,31.53,25.28,80.92,1907.03,Lua mi,-2.27E-13,0
2023,Can Tho,27.9,31.53,25.28,80.92,1907.03,Lua mua,,
2023,Can Tho,27.9,31.53,25.28,80.92,1907.03,Ngo,5.9,1
2024,Can Tho,28.42,32.11,25.74,80.09,2086.7,Khoai,0.6,45.3
2024,Can Tho,28.42,32.11,25.74,80.09,2086.7,Lua dong xuan,545.9,72.8
2024,Can Tho,28.42,32.11,25.74,80.09,2086.7,Lua he thu,793.2,139.8
2024,Can Tho,28.42,32.11,25.74,80.09,2086.7,Lua mi,0,0
2024,Can Tho,28.42,32.11,25.74,80.09,2086.7,Lua mua,,
2024,Can Tho,28.42,32.11,25.74,80.09,2086.7,Ngo,5.8,1
1995,Cao Bang,20.04,23.37,17.23,81.86,2035.06,Khoai,10.3,2.9
1995,Cao Bang,20.04,23.37,17.23,81.86,2035.06,Lua dong xuan,11.4,3.3
1995,Cao Bang,20.04,23.37,17.23,81.86,2035.06,Lua mi,0,0
1995,Cao Bang,20.04,23.37,17.23,81.86,2035.06,Lua mua,81,30.1
1995,Cao Bang,20.04,23.37,17.23,81.86,2035.06,Ngo,55.3,32.5
1995,Cao Bang,20.04,23.37,17.23,81.86,2035.06,San,14.5,2.5
1996,Cao Bang,19.85,23.56,16.78,80.93,1891.89,Khoai,10,2.9
1996,Cao Bang,19.85,23.56,16.78,80.93,1891.89,Lua dong xuan,11,2.6
1996,Cao Bang,19.85,23.56,16.78,80.93,1891.89,Lua mi,0,0
1996,Cao Bang,19.85,23.56,16.78,80.93,1891.89,Lua mua,73.1,25.1
1996,Cao Bang,19.85,23.56,16.78,80.93,1891.89,Ngo,59.1,33
1996,Cao Bang,19.85,23.56,16.78,80.93,1891.89,San,9.2,2.6
1997,Cao Bang,20.44,23.81,17.74,83.45,2121.53,Khoai,12.8,2.4
1997,Cao Bang,20.44,23.81,17.74,83.45,2121.53,Lua dong xuan,12.2,2.8
1997,Cao Bang,20.44,23.81,17.74,83.45,2121.53,Lua mi,0,0
1997,Cao Bang,20.44,23.81,17.74,83.45,2121.53,Lua mua,79.6,25.8
1997,Cao Bang,20.44,23.81,17.74,83.45,2121.53,Ngo,63.8,31.2
1997,Cao Bang,20.44,23.81,17.74,83.45,2121.53,San,13.1,1.6
1998,Cao Bang,21.06,24.91,17.91,80.73,1556.13,Khoai,11.1,2.3
1998,Cao Bang,21.06,24.91,17.91,80.73,1556.13,Lua dong xuan,12.1,2.8
1998,Cao Bang,21.06,24.91,17.91,80.73,1556.13,Lua mi,0,7.11E-15
1998,Cao Bang,21.06,24.91,17.91,80.73,1556.13,Lua mua,79.2,25.6
1998,Cao Bang,21.06,24.91,17.91,80.73,1556.13,Ngo,60.6,30.2
1998,Cao Bang,21.06,24.91,17.91,80.73,1556.13,San,12.2,1.5
1999,Cao Bang,20.49,24.16,17.45,81.57,1858.29,Khoai,10.4,2.2
1999,Cao Bang,20.49,24.16,17.45,81.57,1858.29,Lua dong xuan,14.7,3.2
1999,Cao Bang,20.49,24.16,17.45,81.57,1858.29,Lua mi,0,0
1999,Cao Bang,20.49,24.16,17.45,81.57,1858.29,Lua mua,83.7,26.3
1999,Cao Bang,20.49,24.16,17.45,81.57,1858.29,Ngo,63.1,30.4
1999,Cao Bang,20.49,24.16,17.45,81.57,1858.29,San,11.7,1.4
2000,Cao Bang,20.31,23.9,17.34,81.59,1665.17,Khoai,8.9,2.1
2000,Cao Bang,20.31,23.9,17.34,81.59,1665.17,Lua dong xuan,16.4,3.4
2000,Cao Bang,20.31,23.9,17.34,81.59,1665.17,Lua mi,0.4,0.5
2000,Cao Bang,20.31,23.9,17.34,81.59,1665.17,Lua mua,71.6,25.3
2000,Cao Bang,20.31,23.9,17.34,81.59,1665.17,Ngo,75.8,31.5
2000,Cao Bang,20.31,23.9,17.34,81.59,1665.17,San,13,1.6
2001,Cao Bang,20.46,23.96,17.51,81.95,1859.52,Khoai,9.2,2.1
2001,Cao Bang,20.46,23.96,17.51,81.95,1859.52,Lua dong xuan,15.6,3.4
2001,Cao Bang,20.46,23.96,17.51,81.95,1859.52,Lua mi,0.5,0.7
2001,Cao Bang,20.46,23.96,17.51,81.95,1859.52,Lua mua,84.2,25.8
2001,Cao Bang,20.46,23.96,17.51,81.95,1859.52,Ngo,78.8,32.3
2001,Cao Bang,20.46,23.96,17.51,81.95,1859.52,San,13,1.6
2002,Cao Bang,20.78,24.38,17.82,82.2,1816.58,Khoai,9.2,2
2002,Cao Bang,20.78,24.38,17.82,82.2,1816.58,Lua dong xuan,15.1,3.1
2002,Cao Bang,20.78,24.38,17.82,82.2,1816.58,Lua mi,0.3,0.6
2002,Cao Bang,20.78,24.38,17.82,82.2,1816.58,Lua mua,83.5,25.9
2002,Cao Bang,20.78,24.38,17.82,82.2,1816.58,Ngo,80.5,32.3
2002,Cao Bang,20.78,24.38,17.82,82.2,1816.58,San,12.8,1.6
2003,Cao Bang,21.04,24.94,17.79,81.2,1634.11,Khoai,8.8,1.9
2003,Cao Bang,21.04,24.94,17.79,81.2,1634.11,Lua dong xuan,16.4,3.4
2003,Cao Bang,21.04,24.94,17.79,81.2,1634.11,Lua mi,0.4,0.5
2003,Cao Bang,21.04,24.94,17.79,81.2,1634.11,Lua mua,88.2,26.1
2003,Cao Bang,21.04,24.94,17.79,81.2,1634.11,Ngo,86.2,33.2
2003,Cao Bang,21.04,24.94,17.79,81.2,1634.11,San,14.4,1.7
2004,Cao Bang,20.23,24.17,16.93,80.3,1451.99,Khoai,8,1.8
2004,Cao Bang,20.23,24.17,16.93,80.3,1451.99,Lua dong xuan,16.1,3.5
2004,Cao Bang,20.23,24.17,16.93,80.3,1451.99,Lua mi,0.3,0.4
2004,Cao Bang,20.23,24.17,16.93,80.3,1451.99,Lua mua,87.9,26.1
2004,Cao Bang,20.23,24.17,16.93,80.3,1451.99,Ngo,88.9,34.4
2004,Cao Bang,20.23,24.17,16.93,80.3,1451.99,San,20.6,2.3
2005,Cao Bang,20.25,23.85,17.32,82.01,1642.79,Khoai,9.2,1.9
2005,Cao Bang,20.25,23.85,17.32,82.01,1642.79,Lua dong xuan,17.3,3.6
2005,Cao Bang,20.25,23.85,17.32,82.01,1642.79,Lua mi,0.3,0.5
2005,Cao Bang,20.25,23.85,17.32,82.01,1642.79,Lua mua,93,26.5
2005,Cao Bang,20.25,23.85,17.32,82.01,1642.79,Ngo,96.1,35.2
2005,Cao Bang,20.25,23.85,17.32,82.01,1642.79,San,21.6,2.2
2006,Cao Bang,20.78,24.66,17.65,79.78,1837.57,Khoai,8.1,1.6
2006,Cao Bang,20.78,24.66,17.65,79.78,1837.57,Lua dong xuan,16.9,3.5
2006,Cao Bang,20.78,24.66,17.65,79.78,1837.57,Lua mi,0.2,0.4
2006,Cao Bang,20.78,24.66,17.65,79.78,1837.57,Lua mua,100.4,27.1
2006,Cao Bang,20.78,24.66,17.65,79.78,1837.57,Ngo,80.3,35.4
2006,Cao Bang,20.78,24.66,17.65,79.78,1837.57,San,19.4,2
2007,Cao Bang,20.53,24.45,17.27,79.6,1622.15,Khoai,9.7,1.8
2007,Cao Bang,20.53,24.45,17.27,79.6,1622.15,Lua dong xuan,17.8,3.7
2007,Cao Bang,20.53,24.45,17.27,79.6,1622.15,Lua mi,0.2,-0.2
2007,Cao Bang,20.53,24.45,17.27,79.6,1622.15,Lua mua,102,26.9
2007,Cao Bang,20.53,24.45,17.27,79.6,1622.15,Ngo,109.1,37.2
2007,Cao Bang,20.53,24.45,17.27,79.6,1622.15,San,20.7,2.1
2008,Cao Bang,19.85,23.57,16.79,80.67,1891.6,Khoai,9.1,1.7
2008,Cao Bang,19.85,23.57,16.79,80.67,1891.6,Lua dong xuan,18.8,3.7
2008,Cao Bang,19.85,23.57,16.79,80.67,1891.6,Lua mi,0.2,1.3
2008,Cao Bang,19.85,23.57,16.79,80.67,1891.6,Lua mua,105.8,27.5
2008,Cao Bang,19.85,23.57,16.79,80.67,1891.6,Ngo,112.7,38.4
2008,Cao Bang,19.85,23.57,16.79,80.67,1891.6,San,21.6,2.1
2009,Cao Bang,20.98,24.89,17.76,78.28,1447.29,Khoai,8.3,1.6
2009,Cao Bang,20.98,24.89,17.76,78.28,1447.29,Lua dong xuan,19.2,3.8
2009,Cao Bang,20.98,24.89,17.76,78.28,1447.29,Lua mi,0.1,0.2
2009,Cao Bang,20.98,24.89,17.76,78.28,1447.29,Lua mua,99.7,26.6
2009,Cao Bang,20.98,24.89,17.76,78.28,1447.29,Ngo,109.7,37.2
2009,Cao Bang,20.98,24.89,17.76,78.28,1447.29,San,20.6,2.1
2010,Cao Bang,21.02,24.88,17.82,79.11,1799.59,Khoai,8.4,1.6
2010,Cao Bang,21.02,24.88,17.82,79.11,1799.59,Lua dong xuan,15.2,3
2010,Cao Bang,21.02,24.88,17.82,79.11,1799.59,Lua mi,0.1,0.2
2010,Cao Bang,21.02,24.88,17.82,79.11,1799.59,Lua mua,110.6,27.5
2010,Cao Bang,21.02,24.88,17.82,79.11,1799.59,Ngo,116.2,38.5
2010,Cao Bang,21.02,24.88,17.82,79.11,1799.59,San,22.7,2.3
2011,Cao Bang,19.45,22.94,16.55,81.12,1424.83,Khoai,8.4,1.5
2011,Cao Bang,19.45,22.94,16.55,81.12,1424.83,Lua dong xuan,16.9,3.3
2011,Cao Bang,19.45,22.94,16.55,81.12,1424.83,Lua mi,0.1,0.2
2011,Cao Bang,19.45,22.94,16.55,81.12,1424.83,Lua mua,100.3,26.8
2011,Cao Bang,19.45,22.94,16.55,81.12,1424.83,Ngo,124.8,39
2011,Cao Bang,19.45,22.94,16.55,81.12,1424.83,San,33.6,2.6
2012,Cao Bang,20.43,23.81,17.68,83.1,1813.03,Khoai,8.3,1.5
2012,Cao Bang,20.43,23.81,17.68,83.1,1813.03,Lua dong xuan,16.3,3.2
2012,Cao Bang,20.43,23.81,17.68,83.1,1813.03,Lua mi,0.1,0.2
2012,Cao Bang,20.43,23.81,17.68,83.1,1813.03,Lua mua,106.8,27.5
2012,Cao Bang,20.43,23.81,17.68,83.1,1813.03,Ngo,127,39.3
2012,Cao Bang,20.43,23.81,17.68,83.1,1813.03,San,32.2,2.7
2013,Cao Bang,20.49,24.21,17.48,81.83,1799.52,Khoai,7.8,1.5
2013,Cao Bang,20.49,24.21,17.48,81.83,1799.52,Lua dong xuan,17.7,3.4
2013,Cao Bang,20.49,24.21,17.48,81.83,1799.52,Lua mi,0.1,0.2
2013,Cao Bang,20.49,24.21,17.48,81.83,1799.52,Lua mua,107.9,27
2013,Cao Bang,20.49,24.21,17.48,81.83,1799.52,Ngo,131.3,38.8
2013,Cao Bang,20.49,24.21,17.48,81.83,1799.52,San,40.8,3
2014,Cao Bang,20.61,24.23,17.63,82.49,1898.1,Khoai,8.8,1.5
2014,Cao Bang,20.61,24.23,17.63,82.49,1898.1,Lua dong xuan,16.8,3.3
2014,Cao Bang,20.61,24.23,17.63,82.49,1898.1,Lua mi,0.1,0.1
2014,Cao Bang,20.61,24.23,17.63,82.49,1898.1,Lua mua,110.1,27.1
2014,Cao Bang,20.61,24.23,17.63,82.49,1898.1,Ngo,128.1,39
2014,Cao Bang,20.61,24.23,17.63,82.49,1898.1,San,45.1,3.2
2015,Cao Bang,21.3,24.89,18.37,82.83,1854.73,Khoai,8.4,1.5
2015,Cao Bang,21.3,24.89,18.37,82.83,1854.73,Lua dong xuan,17,3.3
2015,Cao Bang,21.3,24.89,18.37,82.83,1854.73,Lua mi,0.1,0.1
2015,Cao Bang,21.3,24.89,18.37,82.83,1854.73,Lua mua,112.5,27.2
2015,Cao Bang,21.3,24.89,18.37,82.83,1854.73,Ngo,133.5,39.9
2015,Cao Bang,21.3,24.89,18.37,82.83,1854.73,San,59.9,4
2016,Cao Bang,21.16,25,17.98,80.2,1602.86,Khoai,7.8,1.4
2016,Cao Bang,21.16,25,17.98,80.2,1602.86,Lua dong xuan,18.4,3.6
2016,Cao Bang,21.16,25,17.98,80.2,1602.86,Lua mi,0.1,0.2
2016,Cao Bang,21.16,25,17.98,80.2,1602.86,Lua mua,106.4,25.3
2016,Cao Bang,21.16,25,17.98,80.2,1602.86,Ngo,137.5,40.1
2016,Cao Bang,21.16,25,17.98,80.2,1602.86,San,51.9,3.5
2017,Cao Bang,20.85,24.26,18.08,82.57,1990.93,Khoai,7.8,1.4
2017,Cao Bang,20.85,24.26,18.08,82.57,1990.93,Lua dong xuan,18.2,3.6
2017,Cao Bang,20.85,24.26,18.08,82.57,1990.93,Lua mi,0,0.1
2017,Cao Bang,20.85,24.26,18.08,82.57,1990.93,Lua mua,114.5,26.8
2017,Cao Bang,20.85,24.26,18.08,82.57,1990.93,Ngo,143.8,40.2
2017,Cao Bang,20.85,24.26,18.08,82.57,1990.93,San,43.1,2.9
2018,Cao Bang,20.82,24.4,17.96,83.38,1968.51,Khoai,7.6,1319
2018,Cao Bang,20.82,24.4,17.96,83.38,1968.51,Lua dong xuan,18.3,3.6
2018,Cao Bang,20.82,24.4,17.96,83.38,1968.51,Lua mi,0,0.1
2018,Cao Bang,20.82,24.4,17.96,83.38,1968.51,Lua mua,114.2,26.7
2018,Cao Bang,20.82,24.4,17.96,83.38,1968.51,Ngo,142.9,39.9
2018,Cao Bang,20.82,24.4,17.96,83.38,1968.51,San,37.2,2.7
2019,Cao Bang,21.19,24.77,18.25,84.06,2058.44,Khoai,9.8,1304
2019,Cao Bang,21.19,24.77,18.25,84.06,2058.44,Lua dong xuan,18.3,3.6
2019,Cao Bang,21.19,24.77,18.25,84.06,2058.44,Lua mi,0,0.1
2019,Cao Bang,21.19,24.77,18.25,84.06,2058.44,Lua mua,117.6,26.6
2019,Cao Bang,21.19,24.77,18.25,84.06,2058.44,Ngo,143,39.4
2019,Cao Bang,21.19,24.77,18.25,84.06,2058.44,San,44.5,2.8
2020,Cao Bang,20.83,24.22,18.05,83.13,1940.66,Khoai,9.5,1239
2020,Cao Bang,20.83,24.22,18.05,83.13,1940.66,Lua dong xuan,18.7,3.6
2020,Cao Bang,20.83,24.22,18.05,83.13,1940.66,Lua mi,0,0.1
2020,Cao Bang,20.83,24.22,18.05,83.13,1940.66,Lua mua,112.6,25.4
2020,Cao Bang,20.83,24.22,18.05,83.13,1940.66,Ngo,150.1,40.7
2020,Cao Bang,20.83,24.22,18.05,83.13,1940.66,San,33.7,2.2
2021,Cao Bang,21.07,24.74,18.02,81.8,1753.28,Khoai,9.9,1271
2021,Cao Bang,21.07,24.74,18.02,81.8,1753.28,Lua dong xuan,18.8,3.6
2021,Cao Bang,21.07,24.74,18.02,81.8,1753.28,Lua mi,0,0
2021,Cao Bang,21.07,24.74,18.02,81.8,1753.28,Lua mua,114.9,25.6
2021,Cao Bang,21.07,24.74,18.02,81.8,1753.28,Ngo,156.5,41.3
2021,Cao Bang,21.07,24.74,18.02,81.8,1753.28,San,44.8,2.9
2022,Cao Bang,20.61,24.2,17.62,82.01,1847.17,Khoai,7.9,1059.2
2022,Cao Bang,20.61,24.2,17.62,82.01,1847.17,Lua dong xuan,19.1,3.7
2022,Cao Bang,20.61,24.2,17.62,82.01,1847.17,Lua mi,0,0
2022,Cao Bang,20.61,24.2,17.62,82.01,1847.17,Lua mua,123.3,26.6
2022,Cao Bang,20.61,24.2,17.62,82.01,1847.17,Ngo,156.6,41.2
2022,Cao Bang,20.61,24.2,17.62,82.01,1847.17,San,51.9,3.4
2023,Cao Bang,21.44,25.09,18.28,80.6,1618.13,Khoai,7.2,946.7
2023,Cao Bang,21.44,25.09,18.28,80.6,1618.13,Lua dong xuan,17.3,3.6
2023,Cao Bang,21.44,25.09,18.28,80.6,1618.13,Lua mi,0,0.1
2023,Cao Bang,21.44,25.09,18.28,80.6,1618.13,Lua mua,120.9,26.1
2023,Cao Bang,21.44,25.09,18.28,80.6,1618.13,Ngo,149.9,41.6
2023,Cao Bang,21.44,25.09,18.28,80.6,1618.13,San,45.7,3.4
2024,Cao Bang,21.46,25.01,18.54,82.11,2111.29,Khoai,6.4,795.1
2024,Cao Bang,21.46,25.01,18.54,82.11,2111.29,Lua dong xuan,18.8,3.7
2024,Cao Bang,21.46,25.01,18.54,82.11,2111.29,Lua mi,-0.1,0.1
2024,Cao Bang,21.46,25.01,18.54,82.11,2111.29,Lua mua,117.1,26.6
2024,Cao Bang,21.46,25.01,18.54,82.11,2111.29,Ngo,147.8,40.6
2024,Cao Bang,21.46,25.01,18.54,82.11,2111.29,San,59.3,4
1995,Da Nang,24.62,27.48,22.5,84.9,3056.24,Khoai,20.6,4.4
1995,Da Nang,24.62,27.48,22.5,84.9,3056.24,Lua dong xuan,21.6,5.8
1995,Da Nang,24.62,27.48,22.5,84.9,3056.24,Lua he thu,9.7,2
1995,Da Nang,24.62,27.48,22.5,84.9,3056.24,Lua mi,7.11E-15,0
1995,Da Nang,24.62,27.48,22.5,84.9,3056.24,Lua mua,22.5,5.6
1995,Da Nang,24.62,27.48,22.5,84.9,3056.24,Ngo,0.3,0.1
1996,Da Nang,24.55,27.39,22.42,85.06,2918.29,Khoai,19,4.4
1996,Da Nang,24.55,27.39,22.42,85.06,2918.29,Lua dong xuan,25.4,5.8
1996,Da Nang,24.55,27.39,22.42,85.06,2918.29,Lua he thu,9.8,2
1996,Da Nang,24.55,27.39,22.42,85.06,2918.29,Lua mi,0,0
1996,Da Nang,24.55,27.39,22.42,85.06,2918.29,Lua mua,23.3,5.6
1996,Da Nang,24.55,27.39,22.42,85.06,2918.29,Ngo,0.3,0.1
1997,Da Nang,25.04,28.04,22.88,84.43,2962.55,Khoai,19.3,3.4
1997,Da Nang,25.04,28.04,22.88,84.43,2962.55,Lua dong xuan,25.8,5.7
1997,Da Nang,25.04,28.04,22.88,84.43,2962.55,Lua he thu,9.1,1.9
1997,Da Nang,25.04,28.04,22.88,84.43,2962.55,Lua mi,7.11E-15,0
1997,Da Nang,25.04,28.04,22.88,84.43,2962.55,Lua mua,22.4,5.9
1997,Da Nang,25.04,28.04,22.88,84.43,2962.55,Ngo,0.4,0.1
1998,Da Nang,25.73,28.73,23.57,84.86,3199.75,Khoai,12.4,2.1
1998,Da Nang,25.73,28.73,23.57,84.86,3199.75,Lua dong xuan,24.4,5.5
1998,Da Nang,25.73,28.73,23.57,84.86,3199.75,Lua he thu,8,1.8
1998,Da Nang,25.73,28.73,23.57,84.86,3199.75,Lua mi,0,-1.78E-15
1998,Da Nang,25.73,28.73,23.57,84.86,3199.75,Lua mua,19.2,5
1998,Da Nang,25.73,28.73,23.57,84.86,3199.75,Ngo,0.3,0.3
1999,Da Nang,24.85,27.55,22.86,84.88,3689.2,Khoai,10.4,1.8
1999,Da Nang,24.85,27.55,22.86,84.88,3689.2,Lua dong xuan,26.1,5.5
1999,Da Nang,24.85,27.55,22.86,84.88,3689.2,Lua he thu,7,1.5
1999,Da Nang,24.85,27.55,22.86,84.88,3689.2,Lua mi,7.11E-15,1.78E-15
1999,Da Nang,24.85,27.55,22.86,84.88,3689.2,Lua mua,20.8,5.2
1999,Da Nang,24.85,27.55,22.86,84.88,3689.2,Ngo,0.3,0.1
2000,Da Nang,24.68,27.37,22.73,85.63,3931.57,Khoai,8.6,1.4
2000,Da Nang,24.68,27.37,22.73,85.63,3931.57,Lua dong xuan,26.2,5.5
2000,Da Nang,24.68,27.37,22.73,85.63,3931.57,Lua he thu,3.1,0.7
2000,Da Nang,24.68,27.37,22.73,85.63,3931.57,Lua mi,-7.11E-15,1.78E-15
2000,Da Nang,24.68,27.37,22.73,85.63,3931.57,Lua mua,22.9,5
2000,Da Nang,24.68,27.37,22.73,85.63,3931.57,Ngo,0.6,0.1
2001,Da Nang,25.09,27.92,23.05,84.92,2813.28,Khoai,9.6,1.5
2001,Da Nang,25.09,27.92,23.05,84.92,2813.28,Lua dong xuan,24.7,5.4
2001,Da Nang,25.09,27.92,23.05,84.92,2813.28,Lua he thu,1.7,0.4
2001,Da Nang,25.09,27.92,23.05,84.92,2813.28,Lua mi,0,0
2001,Da Nang,25.09,27.92,23.05,84.92,2813.28,Lua mua,25.8,5.3
2001,Da Nang,25.09,27.92,23.05,84.92,2813.28,Ngo,2.4,0.4
2002,Da Nang,25.11,28.03,23.06,84.92,2688.06,Khoai,9.4,1.5
2002,Da Nang,25.11,28.03,23.06,84.92,2688.06,Lua dong xuan,27.6,5.3
2002,Da Nang,25.11,28.03,23.06,84.92,2688.06,Lua he thu,2.5,0.6
2002,Da Nang,25.11,28.03,23.06,84.92,2688.06,Lua mi,-7.11E-15,0
2002,Da Nang,25.11,28.03,23.06,84.92,2688.06,Lua mua,19.1,4.3
2002,Da Nang,25.11,28.03,23.06,84.92,2688.06,Ngo,4.6,0.8
2003,Da Nang,25.1,28.14,22.91,84.54,2847.95,Khoai,8.1,1.3
2003,Da Nang,25.1,28.14,22.91,84.54,2847.95,Lua dong xuan,27.2,5
2003,Da Nang,25.1,28.14,22.91,84.54,2847.95,Lua he thu,0.4,0.1
2003,Da Nang,25.1,28.14,22.91,84.54,2847.95,Lua mi,7.11E-15,0
2003,Da Nang,25.1,28.14,22.91,84.54,2847.95,Lua mua,22.2,4.4
2003,Da Nang,25.1,28.14,22.91,84.54,2847.95,Ngo,4.8,0.8
2004,Da Nang,24.75,27.77,22.49,84.13,2487.51,Khoai,6,0.9
2004,Da Nang,24.75,27.77,22.49,84.13,2487.51,Lua dong xuan,24.3,4.7
2004,Da Nang,24.75,27.77,22.49,84.13,2487.51,Lua he thu,,
2004,Da Nang,24.75,27.77,22.49,84.13,2487.51,Lua mi,0,0
2004,Da Nang,24.75,27.77,22.49,84.13,2487.51,Lua mua,23.5,4.3
2004,Da Nang,24.75,27.77,22.49,84.13,2487.51,Ngo,4.6,0.8
2005,Da Nang,24.99,27.91,22.86,84.87,2919.13,Khoai,2.8,0.4
2005,Da Nang,24.99,27.91,22.86,84.87,2919.13,Lua dong xuan,22,4.4
2005,Da Nang,24.99,27.91,22.86,84.87,2919.13,Lua he thu,,
2005,Da Nang,24.99,27.91,22.86,84.87,2919.13,Lua mi,0,0
2005,Da Nang,24.99,27.91,22.86,84.87,2919.13,Lua mua,19.8,3.6
2005,Da Nang,24.99,27.91,22.86,84.87,2919.13,Ngo,4.2,0.8
2006,Da Nang,25.21,28.17,23.04,84.17,2638.14,Khoai,4.7,0.7
2006,Da Nang,25.21,28.17,23.04,84.17,2638.14,Lua dong xuan,24.7,4.3
2006,Da Nang,25.21,28.17,23.04,84.17,2638.14,Lua he thu,,
2006,Da Nang,25.21,28.17,23.04,84.17,2638.14,Lua mi,0,0
2006,Da Nang,25.21,28.17,23.04,84.17,2638.14,Lua mua,21.6,3.8
2006,Da Nang,25.21,28.17,23.04,84.17,2638.14,Ngo,4.7,0.8
2007,Da Nang,24.94,27.78,22.85,85.22,3520.06,Khoai,3.7,0.5
2007,Da Nang,24.94,27.78,22.85,85.22,3520.06,Lua dong xuan,24.1,4.2
2007,Da Nang,24.94,27.78,22.85,85.22,3520.06,Lua he thu,,
2007,Da Nang,24.94,27.78,22.85,85.22,3520.06,Lua mi,-7.11E-15,0
2007,Da Nang,24.94,27.78,22.85,85.22,3520.06,Lua mua,21.1,3.8
2007,Da Nang,24.94,27.78,22.85,85.22,3520.06,Ngo,4.6,0.8
2008,Da Nang,24.52,27.39,22.49,85.12,3582.39,Khoai,3,0.5
2008,Da Nang,24.52,27.39,22.49,85.12,3582.39,Lua dong xuan,20.8,4.1
2008,Da Nang,24.52,27.39,22.49,85.12,3582.39,Lua he thu,,
2008,Da Nang,24.52,27.39,22.49,85.12,3582.39,Lua mi,-7.11E-15,0
2008,Da Nang,24.52,27.39,22.49,85.12,3582.39,Lua mua,21.8,3.9
2008,Da Nang,24.52,27.39,22.49,85.12,3582.39,Ngo,4.7,0.9
2009,Da Nang,25.14,28.1,22.95,84.49,3323.55,Khoai,3.3,0.5
2009,Da Nang,25.14,28.1,22.95,84.49,3323.55,Lua dong xuan,24,4
2009,Da Nang,25.14,28.1,22.95,84.49,3323.55,Lua he thu,,
2009,Da Nang,25.14,28.1,22.95,84.49,3323.55,Lua mi,0,0
2009,Da Nang,25.14,28.1,22.95,84.49,3323.55,Lua mua,18,3.8
2009,Da Nang,25.14,28.1,22.95,84.49,3323.55,Ngo,4.9,0.9
2010,Da Nang,25.58,28.61,23.4,85.05,3088.88,Khoai,3.1,0.5
2010,Da Nang,25.58,28.61,23.4,85.05,3088.88,Lua dong xuan,23,4
2010,Da Nang,25.58,28.61,23.4,85.05,3088.88,Lua he thu,,
2010,Da Nang,25.58,28.61,23.4,85.05,3088.88,Lua mi,-7.11E-15,0
2010,Da Nang,25.58,28.61,23.4,85.05,3088.88,Lua mua,18.1,3.3
2010,Da Nang,25.58,28.61,23.4,85.05,3088.88,Ngo,4.7,0.8
2011,Da Nang,24.33,26.98,22.31,85.47,3807.72,Khoai,2.6,0.4
2011,Da Nang,24.33,26.98,22.31,85.47,3807.72,Lua dong xuan,18.2,3.5
2011,Da Nang,24.33,26.98,22.31,85.47,3807.72,Lua he thu,,
2011,Da Nang,24.33,26.98,22.31,85.47,3807.72,Lua mi,0,0
2011,Da Nang,24.33,26.98,22.31,85.47,3807.72,Lua mua,16.2,3
2011,Da Nang,24.33,26.98,22.31,85.47,3807.72,Ngo,4.4,0.8
2012,Da Nang,25.51,28.41,23.36,84.78,2352.79,Khoai,2,0.3
2012,Da Nang,25.51,28.41,23.36,84.78,2352.79,Lua dong xuan,19.7,3.2
2012,Da Nang,25.51,28.41,23.36,84.78,2352.79,Lua he thu,,
2012,Da Nang,25.51,28.41,23.36,84.78,2352.79,Lua mi,0,0
2012,Da Nang,25.51,28.41,23.36,84.78,2352.79,Lua mua,15.6,2.7
2012,Da Nang,25.51,28.41,23.36,84.78,2352.79,Ngo,3.5,0.6
2013,Da Nang,25.15,27.93,23.05,84.83,3284.43,Khoai,2,0.3
2013,Da Nang,25.15,27.93,23.05,84.83,3284.43,Lua dong xuan,17.9,2.9
2013,Da Nang,25.15,27.93,23.05,84.83,3284.43,Lua he thu,,
2013,Da Nang,25.15,27.93,23.05,84.83,3284.43,Lua mi,0,0
2013,Da Nang,25.15,27.93,23.05,84.83,3284.43,Lua mua,13.4,2.5
2013,Da Nang,25.15,27.93,23.05,84.83,3284.43,Ngo,3,0.5
2014,Da Nang,25.28,28.18,23.09,84.39,2512.75,Khoai,2.1,0.3
2014,Da Nang,25.28,28.18,23.09,84.39,2512.75,Lua dong xuan,18.9,3
2014,Da Nang,25.28,28.18,23.09,84.39,2512.75,Lua he thu,,
2014,Da Nang,25.28,28.18,23.09,84.39,2512.75,Lua mi,0,0
2014,Da Nang,25.28,28.18,23.09,84.39,2512.75,Lua mua,15,2.5
2014,Da Nang,25.28,28.18,23.09,84.39,2512.75,Ngo,2,0.4
2015,Da Nang,25.77,28.92,23.39,84.13,2585.95,Khoai,2.1,0.3
2015,Da Nang,25.77,28.92,23.39,84.13,2585.95,Lua dong xuan,17.1,2.9
2015,Da Nang,25.77,28.92,23.39,84.13,2585.95,Lua he thu,,
2015,Da Nang,25.77,28.92,23.39,84.13,2585.95,Lua mi,0.1,-8.88E-16
2015,Da Nang,25.77,28.92,23.39,84.13,2585.95,Lua mua,14.5,2.5
2015,Da Nang,25.77,28.92,23.39,84.13,2585.95,Ngo,2.1,0.4
2016,Da Nang,25.79,28.8,23.56,84.66,3507.96,Khoai,2.1,0.3
2016,Da Nang,25.79,28.8,23.56,84.66,3507.96,Lua dong xuan,17.2,2.9
2016,Da Nang,25.79,28.8,23.56,84.66,3507.96,Lua he thu,,
2016,Da Nang,25.79,28.8,23.56,84.66,3507.96,Lua mi,-7.11E-15,0
2016,Da Nang,25.79,28.8,23.56,84.66,3507.96,Lua mua,15,2.5
2016,Da Nang,25.79,28.8,23.56,84.66,3507.96,Ngo,2.6,0.5
2017,Da Nang,25.56,28.39,23.39,85.24,3906,Khoai,2.1,0.3
2017,Da Nang,25.56,28.39,23.39,85.24,3906,Lua dong xuan,17.5,2.8
2017,Da Nang,25.56,28.39,23.39,85.24,3906,Lua he thu,,
2017,Da Nang,25.56,28.39,23.39,85.24,3906,Lua mi,0,-8.88E-16
2017,Da Nang,25.56,28.39,23.39,85.24,3906,Lua mua,13.9,2.4
2017,Da Nang,25.56,28.39,23.39,85.24,3906,Ngo,2.4,0.4
2018,Da Nang,25.55,28.5,23.28,84.23,2336.07,Khoai,1.8,273
2018,Da Nang,25.55,28.5,23.28,84.23,2336.07,Lua dong xuan,17.9,2.8
2018,Da Nang,25.55,28.5,23.28,84.23,2336.07,Lua he thu,,
2018,Da Nang,25.55,28.5,23.28,84.23,2336.07,Lua mi,7.11E-15,0
2018,Da Nang,25.55,28.5,23.28,84.23,2336.07,Lua mua,14.1,2.4
2018,Da Nang,25.55,28.5,23.28,84.23,2336.07,Ngo,1.8,0.3
2019,Da Nang,26.36,29.45,23.97,82.79,2239.77,Khoai,1.8,273
2019,Da Nang,26.36,29.45,23.97,82.79,2239.77,Lua dong xuan,16.6,2.7
2019,Da Nang,26.36,29.45,23.97,82.79,2239.77,Lua he thu,,
2019,Da Nang,26.36,29.45,23.97,82.79,2239.77,Lua mi,-3.55E-15,0
2019,Da Nang,26.36,29.45,23.97,82.79,2239.77,Lua mua,14.2,2.4
2019,Da Nang,26.36,29.45,23.97,82.79,2239.77,Ngo,1.1,0.2
2020,Da Nang,25.82,28.76,23.57,84.39,3629.56,Khoai,2,264
2020,Da Nang,25.82,28.76,23.57,84.39,3629.56,Lua dong xuan,16.6,2.6
2020,Da Nang,25.82,28.76,23.57,84.39,3629.56,Lua he thu,,
2020,Da Nang,25.82,28.76,23.57,84.39,3629.56,Lua mi,0,0.1
2020,Da Nang,25.82,28.76,23.57,84.39,3629.56,Lua mua,13.8,2.2
2020,Da Nang,25.82,28.76,23.57,84.39,3629.56,Ngo,1.1,0.2
2021,Da Nang,25.55,28.45,23.35,82.41,3289.97,Khoai,1.7,255
2021,Da Nang,25.55,28.45,23.35,82.41,3289.97,Lua dong xuan,17.6,2.5
2021,Da Nang,25.55,28.45,23.35,82.41,3289.97,Lua he thu,,
2021,Da Nang,25.55,28.45,23.35,82.41,3289.97,Lua mi,-0.1,0
2021,Da Nang,25.55,28.45,23.35,82.41,3289.97,Lua mua,14.3,2.2
2021,Da Nang,25.55,28.45,23.35,82.41,3289.97,Ngo,1,0.2
2022,Da Nang,25.28,28,23.16,84.27,3473.26,Khoai,1.6,230.8
2022,Da Nang,25.28,28,23.16,84.27,3473.26,Lua dong xuan,14.9,2.5
2022,Da Nang,25.28,28,23.16,84.27,3473.26,Lua he thu,,
2022,Da Nang,25.28,28,23.16,84.27,3473.26,Lua mi,0,-0.1
2022,Da Nang,25.28,28,23.16,84.27,3473.26,Lua mua,13.2,2.3
2022,Da Nang,25.28,28,23.16,84.27,3473.26,Ngo,0.9,0.2
2023,Da Nang,25.87,28.7,23.75,83.86,3247.04,Khoai,1,111.6
2023,Da Nang,25.87,28.7,23.75,83.86,3247.04,Lua dong xuan,15.5,2.4
2023,Da Nang,25.87,28.7,23.75,83.86,3247.04,Lua he thu,,
2023,Da Nang,25.87,28.7,23.75,83.86,3247.04,Lua mi,0,8.88E-16
2023,Da Nang,25.87,28.7,23.75,83.86,3247.04,Lua mua,13,2.2
2023,Da Nang,25.87,28.7,23.75,83.86,3247.04,Ngo,0.7,0.1
2024,Da Nang,26.16,29.04,23.99,82.99,3075.53,Khoai,0.9,102
2024,Da Nang,26.16,29.04,23.99,82.99,3075.53,Lua dong xuan,16.7,2.4
2024,Da Nang,26.16,29.04,23.99,82.99,3075.53,Lua he thu,,
2024,Da Nang,26.16,29.04,23.99,82.99,3075.53,Lua mi,0,8.88E-16
2024,Da Nang,26.16,29.04,23.99,82.99,3075.53,Lua mua,14.5,2.1
2024,Da Nang,26.16,29.04,23.99,82.99,3075.53,Ngo,0.7,0.1
1995,Dac Lac,24.69,29.41,21.14,75.77,1385.38,Khoai,36.3,4.9
1995,Dac Lac,24.69,29.41,21.14,75.77,1385.38,Lua dong xuan,49.4,14.6
1995,Dac Lac,24.69,29.41,21.14,75.77,1385.38,Lua mi,0,0
1995,Dac Lac,24.69,29.41,21.14,75.77,1385.38,Lua mua,142.5,54.4
1995,Dac Lac,24.69,29.41,21.14,75.77,1385.38,Ngo,50.6,19.5
1995,Dac Lac,24.69,29.41,21.14,75.77,1385.38,San,49.5,4.8
1996,Dac Lac,24.33,28.8,21.03,78.62,1794.52,Khoai,26,4
1996,Dac Lac,24.33,28.8,21.03,78.62,1794.52,Lua dong xuan,55.7,13.9
1996,Dac Lac,24.33,28.8,21.03,78.62,1794.52,Lua mi,0,0
1996,Dac Lac,24.33,28.8,21.03,78.62,1794.52,Lua mua,141.6,47.6
1996,Dac Lac,24.33,28.8,21.03,78.62,1794.52,Ngo,71,22.4
1996,Dac Lac,24.33,28.8,21.03,78.62,1794.52,San,48.6,5.4
1997,Dac Lac,24.63,29.23,21.22,76.78,1373.21,Khoai,25.8,3.9
1997,Dac Lac,24.63,29.23,21.22,76.78,1373.21,Lua dong xuan,73.3,15.4
1997,Dac Lac,24.63,29.23,21.22,76.78,1373.21,Lua mi,0,-1.42E-14
1997,Dac Lac,24.63,29.23,21.22,76.78,1373.21,Lua mua,141.8,46.3
1997,Dac Lac,24.63,29.23,21.22,76.78,1373.21,Ngo,99.6,32.6
1997,Dac Lac,24.63,29.23,21.22,76.78,1373.21,San,46.6,4.5
1998,Dac Lac,25.73,30.55,22.18,75.21,1881.35,Khoai,24.5,3.7
1998,Dac Lac,25.73,30.55,22.18,75.21,1881.35,Lua dong xuan,50.8,15.2
1998,Dac Lac,25.73,30.55,22.18,75.21,1881.35,Lua mi,0,0
1998,Dac Lac,25.73,30.55,22.18,75.21,1881.35,Lua mua,121.7,43.7
1998,Dac Lac,25.73,30.55,22.18,75.21,1881.35,Ngo,112.5,32.7
1998,Dac Lac,25.73,30.55,22.18,75.21,1881.35,San,37,4.2
1999,Dac Lac,24.44,28.64,21.42,79.37,1724.76,Khoai,25.5,3.5
1999,Dac Lac,24.44,28.64,21.42,79.37,1724.76,Lua dong xuan,81.1,16.8
1999,Dac Lac,24.44,28.64,21.42,79.37,1724.76,Lua mi,0,0
1999,Dac Lac,24.44,28.64,21.42,79.37,1724.76,Lua mua,139.3,42.3
1999,Dac Lac,24.44,28.64,21.42,79.37,1724.76,Ngo,119,35.4
1999,Dac Lac,24.44,28.64,21.42,79.37,1724.76,San,33.2,3.6
2000,Dac Lac,24.46,28.65,21.47,79.36,1711.34,Khoai,26.9,3.6
2000,Dac Lac,24.46,28.65,21.47,79.36,1711.34,Lua dong xuan,96.1,18.8
2000,Dac Lac,24.46,28.65,21.47,79.36,1711.34,Lua mi,0,0
2000,Dac Lac,24.46,28.65,21.47,79.36,1711.34,Lua mua,161.7,45.2
2000,Dac Lac,24.46,28.65,21.47,79.36,1711.34,Ngo,193.5,46.5
2000,Dac Lac,24.46,28.65,21.47,79.36,1711.34,San,37.2,4
2001,Dac Lac,24.97,29.53,21.7,76.14,1372.68,Khoai,25,3.1
2001,Dac Lac,24.97,29.53,21.7,76.14,1372.68,Lua dong xuan,117.9,21.6
2001,Dac Lac,24.97,29.53,21.7,76.14,1372.68,Lua mi,0,1.42E-14
2001,Dac Lac,24.97,29.53,21.7,76.14,1372.68,Lua mua,154.9,44.2
2001,Dac Lac,24.97,29.53,21.7,76.14,1372.68,Ngo,219.8,56.9
2001,Dac Lac,24.97,29.53,21.7,76.14,1372.68,San,50.5,4.4
2002,Dac Lac,25.26,29.92,21.9,73.86,1380.59,Khoai,34.2,4
2002,Dac Lac,25.26,29.92,21.9,73.86,1380.59,Lua dong xuan,108.3,23.6
2002,Dac Lac,25.26,29.92,21.9,73.86,1380.59,Lua mi,0,0
2002,Dac Lac,25.26,29.92,21.9,73.86,1380.59,Lua mua,140.2,45.8
2002,Dac Lac,25.26,29.92,21.9,73.86,1380.59,Ngo,337.9,90
2002,Dac Lac,25.26,29.92,21.9,73.86,1380.59,San,266.4,12.6
2003,Dac Lac,25.05,29.85,21.58,74.39,1260.56,Khoai,36.8,4.4
2003,Dac Lac,25.05,29.85,21.58,74.39,1260.56,Lua dong xuan,125.7,24.9
2003,Dac Lac,25.05,29.85,21.58,74.39,1260.56,Lua mi,0,0
2003,Dac Lac,25.05,29.85,21.58,74.39,1260.56,Lua mua,204.5,49.3
2003,Dac Lac,25.05,29.85,21.58,74.39,1260.56,Ngo,531,113.7
2003,Dac Lac,25.05,29.85,21.58,74.39,1260.56,San,374.9,16.5
2004,Dac Lac,25.08,30,21.43,72.22,1009.12,Khoai,25,3.5
2004,Dac Lac,25.08,30,21.43,72.22,1009.12,Lua dong xuan,121.9,22.7
2004,Dac Lac,25.08,30,21.43,72.22,1009.12,Lua mi,-1.14E-13,0
2004,Dac Lac,25.08,30,21.43,72.22,1009.12,Lua mua,185.2,41.9
2004,Dac Lac,25.08,30,21.43,72.22,1009.12,Ngo,422.3,113.5
2004,Dac Lac,25.08,30,21.43,72.22,1009.12,San,202.8,9.3
2005,Dac Lac,25.07,29.64,21.72,74.43,1534.63,Khoai,23.5,3
2005,Dac Lac,25.07,29.64,21.72,74.43,1534.63,Lua dong xuan,63.6,17
2005,Dac Lac,25.07,29.64,21.72,74.43,1534.63,Lua mi,-1.14E-13,0
2005,Dac Lac,25.07,29.64,21.72,74.43,1534.63,Lua mua,172.7,40.4
2005,Dac Lac,25.07,29.64,21.72,74.43,1534.63,Ngo,510.1,126.5
2005,Dac Lac,25.07,29.64,21.72,74.43,1534.63,San,296.2,13.2
2006,Dac Lac,25.03,29.53,21.71,75.55,1556.09,Khoai,30.1,3.1
2006,Dac Lac,25.03,29.53,21.71,75.55,1556.09,Lua dong xuan,158,25.1
2006,Dac Lac,25.03,29.53,21.71,75.55,1556.09,Lua mi,0,0
2006,Dac Lac,25.03,29.53,21.71,75.55,1556.09,Lua mua,214.5,44.7
2006,Dac Lac,25.03,29.53,21.71,75.55,1556.09,Ngo,544,117.2
2006,Dac Lac,25.03,29.53,21.71,75.55,1556.09,San,460.4,20.8
2007,Dac Lac,24.8,29.36,21.52,76.6,2053.64,Khoai,39.8,3.6
2007,Dac Lac,24.8,29.36,21.52,76.6,2053.64,Lua dong xuan,141.3,24.3
2007,Dac Lac,24.8,29.36,21.52,76.6,2053.64,Lua mi,0,-2.84E-14
2007,Dac Lac,24.8,29.36,21.52,76.6,2053.64,Lua mua,182.2,45.9
2007,Dac Lac,24.8,29.36,21.52,76.6,2053.64,Ngo,558.1,118.4
2007,Dac Lac,24.8,29.36,21.52,76.6,2053.64,San,421,20.1
2008,Dac Lac,24.27,28.66,21.16,78.89,1625.58,Khoai,31.1,3.6
2008,Dac Lac,24.27,28.66,21.16,78.89,1625.58,Lua dong xuan,139,26.7
2008,Dac Lac,24.27,28.66,21.16,78.89,1625.58,Lua mi,-1.14E-13,0
2008,Dac Lac,24.27,28.66,21.16,78.89,1625.58,Lua mua,230.3,49.1
2008,Dac Lac,24.27,28.66,21.16,78.89,1625.58,Ngo,578.1,117.9
2008,Dac Lac,24.27,28.66,21.16,78.89,1625.58,San,509.8,25.6
2009,Dac Lac,24.49,28.89,21.32,78.97,1856.72,Khoai,34.6,3.7
2009,Dac Lac,24.49,28.89,21.32,78.97,1856.72,Lua dong xuan,180.5,28.2
2009,Dac Lac,24.49,28.89,21.32,78.97,1856.72,Lua mi,0.5,0.2
2009,Dac Lac,24.49,28.89,21.32,78.97,1856.72,Lua mua,241.1,48.5
2009,Dac Lac,24.49,28.89,21.32,78.97,1856.72,Ngo,565.9,121.8
2009,Dac Lac,24.49,28.89,21.32,78.97,1856.72,San,440.1,24.8
2010,Dac Lac,25.52,30.25,22.04,75.49,1767.33,Khoai,34.2,3.4
2010,Dac Lac,25.52,30.25,22.04,75.49,1767.33,Lua dong xuan,190.2,29.8
2010,Dac Lac,25.52,30.25,22.04,75.49,1767.33,Lua mi,0,0
2010,Dac Lac,25.52,30.25,22.04,75.49,1767.33,Lua mua,260.5,50.3
2010,Dac Lac,25.52,30.25,22.04,75.49,1767.33,Ngo,618.1,115.7
2010,Dac Lac,25.52,30.25,22.04,75.49,1767.33,San,479,25.9
2011,Dac Lac,24.39,28.54,21.43,77.8,1634.63,Khoai,33,3.2
2011,Dac Lac,24.39,28.54,21.43,77.8,1634.63,Lua dong xuan,187.5,31.2
2011,Dac Lac,24.39,28.54,21.43,77.8,1634.63,Lua mi,0,0
2011,Dac Lac,24.39,28.54,21.43,77.8,1634.63,Lua mua,286.8,53.3
2011,Dac Lac,24.39,28.54,21.43,77.8,1634.63,Ngo,642.3,116
2011,Dac Lac,24.39,28.54,21.43,77.8,1634.63,San,610,32
2012,Dac Lac,25.16,29.59,22,77.15,1491.45,Khoai,36.5,3.3
2012,Dac Lac,25.16,29.59,22,77.15,1491.45,Lua dong xuan,209.3,33
2012,Dac Lac,25.16,29.59,22,77.15,1491.45,Lua mi,0,0
2012,Dac Lac,25.16,29.59,22,77.15,1491.45,Lua mua,281.3,54.4
2012,Dac Lac,25.16,29.59,22,77.15,1491.45,Ngo,619.5,119.6
2012,Dac Lac,25.16,29.59,22,77.15,1491.45,San,472.8,25.7
2013,Dac Lac,25.03,29.42,21.87,76.66,1720.46,Khoai,35.3,3
2013,Dac Lac,25.03,29.42,21.87,76.66,1720.46,Lua dong xuan,202.6,32.4
2013,Dac Lac,25.03,29.42,21.87,76.66,1720.46,Lua mi,0,0
2013,Dac Lac,25.03,29.42,21.87,76.66,1720.46,Lua mua,311.5,57.9
2013,Dac Lac,25.03,29.42,21.87,76.66,1720.46,Ngo,660.5,123
2013,Dac Lac,25.03,29.42,21.87,76.66,1720.46,San,571.3,29.3
2014,Dac Lac,24.98,29.49,21.64,75.72,1457.8,Khoai,30.7,2.8
2014,Dac Lac,24.98,29.49,21.64,75.72,1457.8,Lua dong xuan,256.2,36.9
2014,Dac Lac,24.98,29.49,21.64,75.72,1457.8,Lua mi,2.27E-13,0
2014,Dac Lac,24.98,29.49,21.64,75.72,1457.8,Lua mua,321.6,57.5
2014,Dac Lac,24.98,29.49,21.64,75.72,1457.8,Ngo,671.4,122.3
2014,Dac Lac,24.98,29.49,21.64,75.72,1457.8,San,617.6,32.2
2015,Dac Lac,25.42,30.08,21.94,74.93,1204.42,Khoai,39.3,3.2
2015,Dac Lac,25.42,30.08,21.94,74.93,1204.42,Lua dong xuan,230.2,35.7
2015,Dac Lac,25.42,30.08,21.94,74.93,1204.42,Lua mi,2.27E-13,0
2015,Dac Lac,25.42,30.08,21.94,74.93,1204.42,Lua mua,325.6,57.7
2015,Dac Lac,25.42,30.08,21.94,74.93,1204.42,Ngo,653.4,118.4
2015,Dac Lac,25.42,30.08,21.94,74.93,1204.42,San,720.7,35.2
2016,Dac Lac,25.81,30.24,22.56,76.06,1696.35,Khoai,56.1,4.8
2016,Dac Lac,25.81,30.24,22.56,76.06,1696.35,Lua dong xuan,209.5,34.2
2016,Dac Lac,25.81,30.24,22.56,76.06,1696.35,Lua mi,0.1,0
2016,Dac Lac,25.81,30.24,22.56,76.06,1696.35,Lua mua,340.7,59.7
2016,Dac Lac,25.81,30.24,22.56,76.06,1696.35,Ngo,619.2,112.4
2016,Dac Lac,25.81,30.24,22.56,76.06,1696.35,San,709.4,35.9
2017,Dac Lac,25.32,29.64,22.19,78.48,1839.79,Khoai,69.7,5.8
2017,Dac Lac,25.32,29.64,22.19,78.48,1839.79,Lua dong xuan,275.9,39.6
2017,Dac Lac,25.32,29.64,22.19,78.48,1839.79,Lua mi,0,0
2017,Dac Lac,25.32,29.64,22.19,78.48,1839.79,Lua mua,367.6,61.9
2017,Dac Lac,25.32,29.64,22.19,78.48,1839.79,Ngo,595,100.3
2017,Dac Lac,25.32,29.64,22.19,78.48,1839.79,San,684.7,36.3
2018,Dac Lac,25.47,29.99,22.21,75.95,1376.46,Khoai,99.5,6895
2018,Dac Lac,25.47,29.99,22.21,75.95,1376.46,Lua dong xuan,308.7,41.1
2018,Dac Lac,25.47,29.99,22.21,75.95,1376.46,Lua mi,0,0
2018,Dac Lac,25.47,29.99,22.21,75.95,1376.46,Lua mua,388.8,64.2
2018,Dac Lac,25.47,29.99,22.21,75.95,1376.46,Ngo,567.6,94.5
2018,Dac Lac,25.47,29.99,22.21,75.95,1376.46,San,716.4,38.7
2019,Dac Lac,25.86,30.52,22.36,73.85,1328.06,Khoai,119.8,7669
2019,Dac Lac,25.86,30.52,22.36,73.85,1328.06,Lua dong xuan,308.7,41.2
2019,Dac Lac,25.86,30.52,22.36,73.85,1328.06,Lua mi,0,0.1
2019,Dac Lac,25.86,30.52,22.36,73.85,1328.06,Lua mua,395.1,63.8
2019,Dac Lac,25.86,30.52,22.36,73.85,1328.06,Ngo,559.7,90.1
2019,Dac Lac,25.86,30.52,22.36,73.85,1328.06,San,860.9,41
2020,Dac Lac,25.42,30.02,22.03,76.4,1640.24,Khoai,146.4,8507
2020,Dac Lac,25.42,30.02,22.03,76.4,1640.24,Lua dong xuan,313.3,42.5
2020,Dac Lac,25.42,30.02,22.03,76.4,1640.24,Lua mi,0,2.84E-14
2020,Dac Lac,25.42,30.02,22.03,76.4,1640.24,Lua mua,403.1,65.1
2020,Dac Lac,25.42,30.02,22.03,76.4,1640.24,Ngo,514.1,87.3
2020,Dac Lac,25.42,30.02,22.03,76.4,1640.24,San,897.2,44.2
2021,Dac Lac,24.75,29.03,21.61,77.35,1693.09,Khoai,139.8,7074
2021,Dac Lac,24.75,29.03,21.61,77.35,1693.09,Lua dong xuan,330.4,44.7
2021,Dac Lac,24.75,29.03,21.61,77.35,1693.09,Lua mi,0,-2.84E-14
2021,Dac Lac,24.75,29.03,21.61,77.35,1693.09,Lua mua,425.8,67
2021,Dac Lac,24.75,29.03,21.61,77.35,1693.09,Ngo,497.4,80.9
2021,Dac Lac,24.75,29.03,21.61,77.35,1693.09,San,1089.6,45
2022,Dac Lac,24.81,29.1,21.68,78.12,1729.83,Khoai,144.5,7358.3
2022,Dac Lac,24.81,29.1,21.68,78.12,1729.83,Lua dong xuan,342,45.8
2022,Dac Lac,24.81,29.1,21.68,78.12,1729.83,Lua mi,0,0.1
2022,Dac Lac,24.81,29.1,21.68,78.12,1729.83,Lua mua,438.7,68.1
2022,Dac Lac,24.81,29.1,21.68,78.12,1729.83,Ngo,495.2,80.7
2022,Dac Lac,24.81,29.1,21.68,78.12,1729.83,San,1080.3,43.1
2023,Dac Lac,25.01,29.29,21.92,78.63,1521.44,Khoai,112.5,5570.9
2023,Dac Lac,25.01,29.29,21.92,78.63,1521.44,Lua dong xuan,352.5,47
2023,Dac Lac,25.01,29.29,21.92,78.63,1521.44,Lua mi,0.1,-2.84E-14
2023,Dac Lac,25.01,29.29,21.92,78.63,1521.44,Lua mua,458.4,69.4
2023,Dac Lac,25.01,29.29,21.92,78.63,1521.44,Ngo,511.1,80.7
2023,Dac Lac,25.01,29.29,21.92,78.63,1521.44,San,1080.9,43.1
2024,Dac Lac,25.59,30.07,22.28,76.09,1548.86,Khoai,117.9,5880.9
2024,Dac Lac,25.59,30.07,22.28,76.09,1548.86,Lua dong xuan,369.7,47.5
2024,Dac Lac,25.59,30.07,22.28,76.09,1548.86,Lua mi,0,0
2024,Dac Lac,25.59,30.07,22.28,76.09,1548.86,Lua mua,475,70.2
2024,Dac Lac,25.59,30.07,22.28,76.09,1548.86,Ngo,513.3,78.6
2024,Dac Lac,25.59,30.07,22.28,76.09,1548.86,San,1081.8,42.2
1995,Dac Nong,23.81,28.86,20.09,77.66,1560.16,Khoai,,
1995,Dac Nong,23.81,28.86,20.09,77.66,1560.16,Lua dong xuan,,
1995,Dac Nong,23.81,28.86,20.09,77.66,1560.16,Lua mi,,
1995,Dac Nong,23.81,28.86,20.09,77.66,1560.16,Lua mua,,
1995,Dac Nong,23.81,28.86,20.09,77.66,1560.16,Ngo,,
1995,Dac Nong,23.81,28.86,20.09,77.66,1560.16,San,,
1996,Dac Nong,23.51,28.49,19.95,79.75,1963.42,Khoai,,
1996,Dac Nong,23.51,28.49,19.95,79.75,1963.42,Lua dong xuan,,
1996,Dac Nong,23.51,28.49,19.95,79.75,1963.42,Lua mi,,
1996,Dac Nong,23.51,28.49,19.95,79.75,1963.42,Lua mua,,
1996,Dac Nong,23.51,28.49,19.95,79.75,1963.42,Ngo,,
1996,Dac Nong,23.51,28.49,19.95,79.75,1963.42,San,,
1997,Dac Nong,23.7,28.77,19.99,78.43,1719.61,Khoai,,
1997,Dac Nong,23.7,28.77,19.99,78.43,1719.61,Lua dong xuan,,
1997,Dac Nong,23.7,28.77,19.99,78.43,1719.61,Lua mi,,
1997,Dac Nong,23.7,28.77,19.99,78.43,1719.61,Lua mua,,
1997,Dac Nong,23.7,28.77,19.99,78.43,1719.61,Ngo,,
1997,Dac Nong,23.7,28.77,19.99,78.43,1719.61,San,,
1998,Dac Nong,24.84,30.05,21.03,76.4,1859.19,Khoai,,
1998,Dac Nong,24.84,30.05,21.03,76.4,1859.19,Lua dong xuan,,
1998,Dac Nong,24.84,30.05,21.03,76.4,1859.19,Lua mi,,
1998,Dac Nong,24.84,30.05,21.03,76.4,1859.19,Lua mua,,
1998,Dac Nong,24.84,30.05,21.03,76.4,1859.19,Ngo,,
1998,Dac Nong,24.84,30.05,21.03,76.4,1859.19,San,,
1999,Dac Nong,23.45,28.05,20.3,81.79,1983.34,Khoai,,
1999,Dac Nong,23.45,28.05,20.3,81.79,1983.34,Lua dong xuan,,
1999,Dac Nong,23.45,28.05,20.3,81.79,1983.34,Lua mi,,
1999,Dac Nong,23.45,28.05,20.3,81.79,1983.34,Lua mua,,
1999,Dac Nong,23.45,28.05,20.3,81.79,1983.34,Ngo,,
1999,Dac Nong,23.45,28.05,20.3,81.79,1983.34,San,,
2000,Dac Nong,23.54,28.13,20.39,81.57,1881.52,Khoai,,
2000,Dac Nong,23.54,28.13,20.39,81.57,1881.52,Lua dong xuan,,
2000,Dac Nong,23.54,28.13,20.39,81.57,1881.52,Lua mi,,
2000,Dac Nong,23.54,28.13,20.39,81.57,1881.52,Lua mua,,
2000,Dac Nong,23.54,28.13,20.39,81.57,1881.52,Ngo,,
2000,Dac Nong,23.54,28.13,20.39,81.57,1881.52,San,,
2001,Dac Nong,24.02,29.07,20.5,78.19,1753.96,Khoai,,
2001,Dac Nong,24.02,29.07,20.5,78.19,1753.96,Lua dong xuan,,
2001,Dac Nong,24.02,29.07,20.5,78.19,1753.96,Lua mi,,
2001,Dac Nong,24.02,29.07,20.5,78.19,1753.96,Lua mua,,
2001,Dac Nong,24.02,29.07,20.5,78.19,1753.96,Ngo,,
2001,Dac Nong,24.02,29.07,20.5,78.19,1753.96,San,,
2002,Dac Nong,24.43,29.56,20.71,74.97,1644.31,Khoai,,
2002,Dac Nong,24.43,29.56,20.71,74.97,1644.31,Lua dong xuan,,
2002,Dac Nong,24.43,29.56,20.71,74.97,1644.31,Lua mi,,
2002,Dac Nong,24.43,29.56,20.71,74.97,1644.31,Lua mua,,
2002,Dac Nong,24.43,29.56,20.71,74.97,1644.31,Ngo,,
2002,Dac Nong,24.43,29.56,20.71,74.97,1644.31,San,,
2003,Dac Nong,24.12,29.28,20.41,76.39,1584.07,Khoai,,
2003,Dac Nong,24.12,29.28,20.41,76.39,1584.07,Lua dong xuan,,
2003,Dac Nong,24.12,29.28,20.41,76.39,1584.07,Lua mi,,
2003,Dac Nong,24.12,29.28,20.41,76.39,1584.07,Lua mua,,
2003,Dac Nong,24.12,29.28,20.41,76.39,1584.07,Ngo,,
2003,Dac Nong,24.12,29.28,20.41,76.39,1584.07,San,,
2004,Dac Nong,24.21,29.48,20.26,74.12,1374.58,Khoai,9.2,1.2
2004,Dac Nong,24.21,29.48,20.26,74.12,1374.58,Lua dong xuan,17.1,3.5
2004,Dac Nong,24.21,29.48,20.26,74.12,1374.58,Lua mi,0,3.55E-15
2004,Dac Nong,24.21,29.48,20.26,74.12,1374.58,Lua mua,29.2,8.4
2004,Dac Nong,24.21,29.48,20.26,74.12,1374.58,Ngo,74.8,18.4
2004,Dac Nong,24.21,29.48,20.26,74.12,1374.58,San,216.9,8.4
2005,Dac Nong,24.12,29,20.53,76.57,1690.11,Khoai,19,2.4
2005,Dac Nong,24.12,29,20.53,76.57,1690.11,Lua dong xuan,14.6,3.2
2005,Dac Nong,24.12,29,20.53,76.57,1690.11,Lua mi,-2.84E-14,-7.11E-15
2005,Dac Nong,24.12,29,20.53,76.57,1690.11,Lua mua,37.2,10.1
2005,Dac Nong,24.12,29,20.53,76.57,1690.11,Ngo,143.8,26.1
2005,Dac Nong,24.12,29,20.53,76.57,1690.11,San,381,15.4
2006,Dac Nong,24.04,28.93,20.52,77.77,1792.71,Khoai,50.3,4.5
2006,Dac Nong,24.04,28.93,20.52,77.77,1792.71,Lua dong xuan,18.6,3.5
2006,Dac Nong,24.04,28.93,20.52,77.77,1792.71,Lua mi,0,0
2006,Dac Nong,24.04,28.93,20.52,77.77,1792.71,Lua mua,33.5,8.6
2006,Dac Nong,24.04,28.93,20.52,77.77,1792.71,Ngo,160.4,27.5
2006,Dac Nong,24.04,28.93,20.52,77.77,1792.71,San,526.4,23.7
2007,Dac Nong,23.89,28.88,20.39,78.52,2353.03,Khoai,45.7,4.1
2007,Dac Nong,23.89,28.88,20.39,78.52,2353.03,Lua dong xuan,20,3.6
2007,Dac Nong,23.89,28.88,20.39,78.52,2353.03,Lua mi,0,0
2007,Dac Nong,23.89,28.88,20.39,78.52,2353.03,Lua mua,29.7,7.8
2007,Dac Nong,23.89,28.88,20.39,78.52,2353.03,Ngo,176.8,31
2007,Dac Nong,23.89,28.88,20.39,78.52,2353.03,San,454.6,20.9
2008,Dac Nong,23.4,28.33,20.07,80.67,1936.57,Khoai,56.7,4.8
2008,Dac Nong,23.4,28.33,20.07,80.67,1936.57,Lua dong xuan,22,3.9
2008,Dac Nong,23.4,28.33,20.07,80.67,1936.57,Lua mi,0,0.1
2008,Dac Nong,23.4,28.33,20.07,80.67,1936.57,Lua mua,30.1,7.6
2008,Dac Nong,23.4,28.33,20.07,80.67,1936.57,Ngo,205,33.9
2008,Dac Nong,23.4,28.33,20.07,80.67,1936.57,San,440.8,21.5
2009,Dac Nong,23.52,28.34,20.12,81.23,2066.34,Khoai,71.7,6
2009,Dac Nong,23.52,28.34,20.12,81.23,2066.34,Lua dong xuan,24.8,4.2
2009,Dac Nong,23.52,28.34,20.12,81.23,2066.34,Lua mi,0,0
2009,Dac Nong,23.52,28.34,20.12,81.23,2066.34,Lua mua,36.4,7.6
2009,Dac Nong,23.52,28.34,20.12,81.23,2066.34,Ngo,236.7,38.5
2009,Dac Nong,23.52,28.34,20.12,81.23,2066.34,San,305.7,16.5
2010,Dac Nong,24.59,29.7,20.92,77.31,1938.46,Khoai,76.9,6.6
2010,Dac Nong,24.59,29.7,20.92,77.31,1938.46,Lua dong xuan,24.2,4.1
2010,Dac Nong,24.59,29.7,20.92,77.31,1938.46,Lua mi,0,0
2010,Dac Nong,24.59,29.7,20.92,77.31,1938.46,Lua mua,37.6,7
2010,Dac Nong,24.59,29.7,20.92,77.31,1938.46,Ngo,247.8,40
2010,Dac Nong,24.59,29.7,20.92,77.31,1938.46,San,280.6,14.7
2011,Dac Nong,23.56,28.2,20.34,79.28,1915.54,Khoai,80.8,7.1
2011,Dac Nong,23.56,28.2,20.34,79.28,1915.54,Lua dong xuan,24.9,4.5
2011,Dac Nong,23.56,28.2,20.34,79.28,1915.54,Lua mi,0.1,7.11E-15
2011,Dac Nong,23.56,28.2,20.34,79.28,1915.54,Lua mua,40,7.8
2011,Dac Nong,23.56,28.2,20.34,79.28,1915.54,Ngo,255.8,41.8
2011,Dac Nong,23.56,28.2,20.34,79.28,1915.54,San,326.2,17.7
2012,Dac Nong,24.18,29.06,20.81,79.42,1885.92,Khoai,84.7,7.1
2012,Dac Nong,24.18,29.06,20.81,79.42,1885.92,Lua dong xuan,26.5,4.5
2012,Dac Nong,24.18,29.06,20.81,79.42,1885.92,Lua mi,0.1,0.1
2012,Dac Nong,24.18,29.06,20.81,79.42,1885.92,Lua mua,42.1,7.8
2012,Dac Nong,24.18,29.06,20.81,79.42,1885.92,Ngo,297.8,49.1
2012,Dac Nong,24.18,29.06,20.81,79.42,1885.92,San,395.1,22.8
2013,Dac Nong,24.25,29.18,20.78,77.62,1990.77,Khoai,99.2,7.9
2013,Dac Nong,24.25,29.18,20.78,77.62,1990.77,Lua dong xuan,24.8,4.4
2013,Dac Nong,24.25,29.18,20.78,77.62,1990.77,Lua mi,0.1,0.1
2013,Dac Nong,24.25,29.18,20.78,77.62,1990.77,Lua mua,41.8,7.9
2013,Dac Nong,24.25,29.18,20.78,77.62,1990.77,Ngo,319.3,52.3
2013,Dac Nong,24.25,29.18,20.78,77.62,1990.77,San,347.5,21.1
2014,Dac Nong,24.08,29.06,20.47,77.47,1868.27,Khoai,92.7,7.4
2014,Dac Nong,24.08,29.06,20.47,77.47,1868.27,Lua dong xuan,28.6,4.6
2014,Dac Nong,24.08,29.06,20.47,77.47,1868.27,Lua mi,0.4,0.1
2014,Dac Nong,24.08,29.06,20.47,77.47,1868.27,Lua mua,44.9,8
2014,Dac Nong,24.08,29.06,20.47,77.47,1868.27,Ngo,334.4,52.6
2014,Dac Nong,24.08,29.06,20.47,77.47,1868.27,San,315.4,19.4
2015,Dac Nong,24.49,29.66,20.71,76.5,1475.66,Khoai,96.6,8.1
2015,Dac Nong,24.49,29.66,20.71,76.5,1475.66,Lua dong xuan,28.9,4.7
2015,Dac Nong,24.49,29.66,20.71,76.5,1475.66,Lua mi,0.1,0
2015,Dac Nong,24.49,29.66,20.71,76.5,1475.66,Lua mua,44.2,7.9
2015,Dac Nong,24.49,29.66,20.71,76.5,1475.66,Ngo,324.3,51
2015,Dac Nong,24.49,29.66,20.71,76.5,1475.66,San,291.2,18.4
2016,Dac Nong,24.8,29.6,21.39,78.83,1951.54,Khoai,97.9,8
2016,Dac Nong,24.8,29.6,21.39,78.83,1951.54,Lua dong xuan,25.9,4.4
2016,Dac Nong,24.8,29.6,21.39,78.83,1951.54,Lua mi,0.2,0.1
2016,Dac Nong,24.8,29.6,21.39,78.83,1951.54,Lua mua,46.5,8
2016,Dac Nong,24.8,29.6,21.39,78.83,1951.54,Ngo,328.7,51.7
2016,Dac Nong,24.8,29.6,21.39,78.83,1951.54,San,244.6,15.4
2017,Dac Nong,24.3,29.01,21.08,81.11,2116,Khoai,87.1,7
2017,Dac Nong,24.3,29.01,21.08,81.11,2116,Lua dong xuan,29.4,4.9
2017,Dac Nong,24.3,29.01,21.08,81.11,2116,Lua mi,0.3,0.1
2017,Dac Nong,24.3,29.01,21.08,81.11,2116,Lua mua,45.2,8.1
2017,Dac Nong,24.3,29.01,21.08,81.11,2116,Ngo,325,50.5
2017,Dac Nong,24.3,29.01,21.08,81.11,2116,San,222.3,13.1
2018,Dac Nong,24.5,29.41,21.02,78.4,1876.04,Khoai,87.1,7037
2018,Dac Nong,24.5,29.41,21.02,78.4,1876.04,Lua dong xuan,29.3,4.6
2018,Dac Nong,24.5,29.41,21.02,78.4,1876.04,Lua mi,0.2,0
2018,Dac Nong,24.5,29.41,21.02,78.4,1876.04,Lua mua,49.4,8.6
2018,Dac Nong,24.5,29.41,21.02,78.4,1876.04,Ngo,350.9,56.5
2018,Dac Nong,24.5,29.41,21.02,78.4,1876.04,San,209.8,12.2
2019,Dac Nong,24.77,29.82,21.01,76.36,1759.34,Khoai,89.8,6844
2019,Dac Nong,24.77,29.82,21.01,76.36,1759.34,Lua dong xuan,29.8,4.8
2019,Dac Nong,24.77,29.82,21.01,76.36,1759.34,Lua mi,0.2,-0.1
2019,Dac Nong,24.77,29.82,21.01,76.36,1759.34,Lua mua,47.2,8
2019,Dac Nong,24.77,29.82,21.01,76.36,1759.34,Ngo,353.4,54
2019,Dac Nong,24.77,29.82,21.01,76.36,1759.34,San,164,9.5
2020,Dac Nong,24.32,29.26,20.76,79.34,1780.45,Khoai,93.4,7000
2020,Dac Nong,24.32,29.26,20.76,79.34,1780.45,Lua dong xuan,30.9,4.9
2020,Dac Nong,24.32,29.26,20.76,79.34,1780.45,Lua mi,0,0
2020,Dac Nong,24.32,29.26,20.76,79.34,1780.45,Lua mua,46.6,7.8
2020,Dac Nong,24.32,29.26,20.76,79.34,1780.45,Ngo,309,48
2020,Dac Nong,24.32,29.26,20.76,79.34,1780.45,San,143.5,8.2
2021,Dac Nong,23.78,28.45,20.48,80.11,1925.67,Khoai,96.2,6619
2021,Dac Nong,23.78,28.45,20.48,80.11,1925.67,Lua dong xuan,32.8,5
2021,Dac Nong,23.78,28.45,20.48,80.11,1925.67,Lua mi,0,0
2021,Dac Nong,23.78,28.45,20.48,80.11,1925.67,Lua mua,48.9,8
2021,Dac Nong,23.78,28.45,20.48,80.11,1925.67,Ngo,269.5,41
2021,Dac Nong,23.78,28.45,20.48,80.11,1925.67,San,108.4,6.2
2022,Dac Nong,23.9,28.62,20.59,80.5,2021.3,Khoai,98.3,6607.8
2022,Dac Nong,23.9,28.62,20.59,80.5,2021.3,Lua dong xuan,33.3,5
2022,Dac Nong,23.9,28.62,20.59,80.5,2021.3,Lua mi,0,-0.1
2022,Dac Nong,23.9,28.62,20.59,80.5,2021.3,Lua mua,49.6,7.9
2022,Dac Nong,23.9,28.62,20.59,80.5,2021.3,Ngo,263.5,40.2
2022,Dac Nong,23.9,28.62,20.59,80.5,2021.3,San,83.1,3.5
2023,Dac Nong,24.03,28.67,20.74,81.3,1780.24,Khoai,81.6,5474.6
2023,Dac Nong,24.03,28.67,20.74,81.3,1780.24,Lua dong xuan,31.4,5.1
2023,Dac Nong,24.03,28.67,20.74,81.3,1780.24,Lua mi,0,0
2023,Dac Nong,24.03,28.67,20.74,81.3,1780.24,Lua mua,49.3,7.9
2023,Dac Nong,24.03,28.67,20.74,81.3,1780.24,Ngo,270.1,40
2023,Dac Nong,24.03,28.67,20.74,81.3,1780.24,San,66.4,3.5
2024,Dac Nong,24.68,29.46,21.15,78.91,1819.56,Khoai,80.5,5209
2024,Dac Nong,24.68,29.46,21.15,78.91,1819.56,Lua dong xuan,32.5,5.1
2024,Dac Nong,24.68,29.46,21.15,78.91,1819.56,Lua mi,0,0
2024,Dac Nong,24.68,29.46,21.15,78.91,1819.56,Lua mua,51.2,8
2024,Dac Nong,24.68,29.46,21.15,78.91,1819.56,Ngo,261.6,38.2
2024,Dac Nong,24.68,29.46,21.15,78.91,1819.56,San,70.5,3.7
1995,Dien Bien,20.67,25.31,16.96,82.81,2481.69,Khoai,,
1995,Dien Bien,20.67,25.31,16.96,82.81,2481.69,Lua dong xuan,,
1995,Dien Bien,20.67,25.31,16.96,82.81,2481.69,Lua mi,,
1995,Dien Bien,20.67,25.31,16.96,82.81,2481.69,Lua mua,,
1995,Dien Bien,20.67,25.31,16.96,82.81,2481.69,Ngo,,
1995,Dien Bien,20.67,25.31,16.96,82.81,2481.69,San,,
1996,Dien Bien,20.57,25.18,16.8,82.32,2439.33,Khoai,,
1996,Dien Bien,20.57,25.18,16.8,82.32,2439.33,Lua dong xuan,,
1996,Dien Bien,20.57,25.18,16.8,82.32,2439.33,Lua mi,,
1996,Dien Bien,20.57,25.18,16.8,82.32,2439.33,Lua mua,,
1996,Dien Bien,20.57,25.18,16.8,82.32,2439.33,Ngo,,
1996,Dien Bien,20.57,25.18,16.8,82.32,2439.33,San,,
1997,Dien Bien,20.85,25.69,17.02,82.09,2599.9,Khoai,,
1997,Dien Bien,20.85,25.69,17.02,82.09,2599.9,Lua dong xuan,,
1997,Dien Bien,20.85,25.69,17.02,82.09,2599.9,Lua mi,,
1997,Dien Bien,20.85,25.69,17.02,82.09,2599.9,Lua mua,,
1997,Dien Bien,20.85,25.69,17.02,82.09,2599.9,Ngo,,
1997,Dien Bien,20.85,25.69,17.02,82.09,2599.9,San,,
1998,Dien Bien,21.69,26.75,17.52,79.67,2257.23,Khoai,,
1998,Dien Bien,21.69,26.75,17.52,79.67,2257.23,Lua dong xuan,,
1998,Dien Bien,21.69,26.75,17.52,79.67,2257.23,Lua mi,,
1998,Dien Bien,21.69,26.75,17.52,79.67,2257.23,Lua mua,,
1998,Dien Bien,21.69,26.75,17.52,79.67,2257.23,Ngo,,
1998,Dien Bien,21.69,26.75,17.52,79.67,2257.23,San,,
1999,Dien Bien,21.05,25.65,17.3,81.29,1969.77,Khoai,,
1999,Dien Bien,21.05,25.65,17.3,81.29,1969.77,Lua dong xuan,,
1999,Dien Bien,21.05,25.65,17.3,81.29,1969.77,Lua mi,,
1999,Dien Bien,21.05,25.65,17.3,81.29,1969.77,Lua mua,,
1999,Dien Bien,21.05,25.65,17.3,81.29,1969.77,Ngo,,
1999,Dien Bien,21.05,25.65,17.3,81.29,1969.77,San,,
2000,Dien Bien,20.96,25.64,17.15,81.32,2193.33,Khoai,,
2000,Dien Bien,20.96,25.64,17.15,81.32,2193.33,Lua dong xuan,,
2000,Dien Bien,20.96,25.64,17.15,81.32,2193.33,Lua mi,,
2000,Dien Bien,20.96,25.64,17.15,81.32,2193.33,Lua mua,,
2000,Dien Bien,20.96,25.64,17.15,81.32,2193.33,Ngo,,
2000,Dien Bien,20.96,25.64,17.15,81.32,2193.33,San,,
2001,Dien Bien,21.16,25.76,17.54,82.62,2210.93,Khoai,,
2001,Dien Bien,21.16,25.76,17.54,82.62,2210.93,Lua dong xuan,,
2001,Dien Bien,21.16,25.76,17.54,82.62,2210.93,Lua mi,,
2001,Dien Bien,21.16,25.76,17.54,82.62,2210.93,Lua mua,,
2001,Dien Bien,21.16,25.76,17.54,82.62,2210.93,Ngo,,
2001,Dien Bien,21.16,25.76,17.54,82.62,2210.93,San,,
2002,Dien Bien,21.21,25.92,17.47,81.9,2508.54,Khoai,,
2002,Dien Bien,21.21,25.92,17.47,81.9,2508.54,Lua dong xuan,,
2002,Dien Bien,21.21,25.92,17.47,81.9,2508.54,Lua mi,,
2002,Dien Bien,21.21,25.92,17.47,81.9,2508.54,Lua mua,,
2002,Dien Bien,21.21,25.92,17.47,81.9,2508.54,Ngo,,
2002,Dien Bien,21.21,25.92,17.47,81.9,2508.54,San,,
2003,Dien Bien,21.41,26.25,17.47,81.02,1961.28,Khoai,,
2003,Dien Bien,21.41,26.25,17.47,81.02,1961.28,Lua dong xuan,,
2003,Dien Bien,21.41,26.25,17.47,81.02,1961.28,Lua mi,,
2003,Dien Bien,21.41,26.25,17.47,81.02,1961.28,Lua mua,,
2003,Dien Bien,21.41,26.25,17.47,81.02,1961.28,Ngo,,
2003,Dien Bien,21.41,26.25,17.47,81.02,1961.28,San,,
2004,Dien Bien,20.76,25.71,16.8,80.84,2301.55,Khoai,1.9,0.4
2004,Dien Bien,20.76,25.71,16.8,80.84,2301.55,Lua dong xuan,40.7,7.1
2004,Dien Bien,20.76,25.71,16.8,80.84,2301.55,Lua mi,0,0
2004,Dien Bien,20.76,25.71,16.8,80.84,2301.55,Lua mua,82.1,32.5
2004,Dien Bien,20.76,25.71,16.8,80.84,2301.55,Ngo,47.5,24.6
2004,Dien Bien,20.76,25.71,16.8,80.84,2301.55,San,48.8,6.8
2005,Dien Bien,21.24,26.15,17.3,79.58,2241.89,Khoai,1.9,0.5
2005,Dien Bien,21.24,26.15,17.3,79.58,2241.89,Lua dong xuan,42.5,7.3
2005,Dien Bien,21.24,26.15,17.3,79.58,2241.89,Lua mi,0,0
2005,Dien Bien,21.24,26.15,17.3,79.58,2241.89,Lua mua,85,32.7
2005,Dien Bien,21.24,26.15,17.3,79.58,2241.89,Ngo,49.1,25.5
2005,Dien Bien,21.24,26.15,17.3,79.58,2241.89,San,51.8,7.2
2006,Dien Bien,21.46,26.53,17.45,79.23,2052.17,Khoai,2.9,0.5
2006,Dien Bien,21.46,26.53,17.45,79.23,2052.17,Lua dong xuan,43.4,7.5
2006,Dien Bien,21.46,26.53,17.45,79.23,2052.17,Lua mi,-2.84E-14,0
2006,Dien Bien,21.46,26.53,17.45,79.23,2052.17,Lua mua,89.9,33.6
2006,Dien Bien,21.46,26.53,17.45,79.23,2052.17,Ngo,52.3,26.4
2006,Dien Bien,21.46,26.53,17.45,79.23,2052.17,San,52.9,7.3
2007,Dien Bien,21.19,26.24,17.01,78.37,2137.72,Khoai,2.7,0.4
2007,Dien Bien,21.19,26.24,17.01,78.37,2137.72,Lua dong xuan,41.6,7.5
2007,Dien Bien,21.19,26.24,17.01,78.37,2137.72,Lua mi,0,-1
2007,Dien Bien,21.19,26.24,17.01,78.37,2137.72,Lua mua,89.9,34.7
2007,Dien Bien,21.19,26.24,17.01,78.37,2137.72,Ngo,56.5,27.3
2007,Dien Bien,21.19,26.24,17.01,78.37,2137.72,San,54.6,7.4
2008,Dien Bien,20.6,25.17,17.06,82.67,2766.13,Khoai,2.5,0.4
2008,Dien Bien,20.6,25.17,17.06,82.67,2766.13,Lua dong xuan,43.7,7.6
2008,Dien Bien,20.6,25.17,17.06,82.67,2766.13,Lua mi,0,-1.7
2008,Dien Bien,20.6,25.17,17.06,82.67,2766.13,Lua mua,94.7,35.6
2008,Dien Bien,20.6,25.17,17.06,82.67,2766.13,Ngo,64.3,28.9
2008,Dien Bien,20.6,25.17,17.06,82.67,2766.13,San,55.4,7.5
2009,Dien Bien,21.61,26.8,17.51,77.86,1934.09,Khoai,3,0.5
2009,Dien Bien,21.61,26.8,17.51,77.86,1934.09,Lua dong xuan,42.4,7.9
2009,Dien Bien,21.61,26.8,17.51,77.86,1934.09,Lua mi,2.84E-14,0
2009,Dien Bien,21.61,26.8,17.51,77.86,1934.09,Lua mua,104.2,37
2009,Dien Bien,21.61,26.8,17.51,77.86,1934.09,Ngo,66.8,29.5
2009,Dien Bien,21.61,26.8,17.51,77.86,1934.09,San,54.3,7.3
2010,Dien Bien,21.83,27.07,17.79,78.43,2034.34,Khoai,3.6,0.6
2010,Dien Bien,21.83,27.07,17.79,78.43,2034.34,Lua dong xuan,46.4,7.9
2010,Dien Bien,21.83,27.07,17.79,78.43,2034.34,Lua mi,0,0
2010,Dien Bien,21.83,27.07,17.79,78.43,2034.34,Lua mua,108.7,38.5
2010,Dien Bien,21.83,27.07,17.79,78.43,2034.34,Ngo,67.4,29.1
2010,Dien Bien,21.83,27.07,17.79,78.43,2034.34,San,54.7,7.2
2011,Dien Bien,20.53,25.05,17.08,83.19,1867.96,Khoai,4.8,0.5
2011,Dien Bien,20.53,25.05,17.08,83.19,1867.96,Lua dong xuan,46.4,7.9
2011,Dien Bien,20.53,25.05,17.08,83.19,1867.96,Lua mi,0,0
2011,Dien Bien,20.53,25.05,17.08,83.19,1867.96,Lua mua,108.4,39.6
2011,Dien Bien,20.53,25.05,17.08,83.19,1867.96,Ngo,71,29.8
2011,Dien Bien,20.53,25.05,17.08,83.19,1867.96,San,54.6,7.1
2012,Dien Bien,21.57,26.54,17.88,81.89,2233.01,Khoai,6.5,0.6
2012,Dien Bien,21.57,26.54,17.88,81.89,2233.01,Lua dong xuan,48,8.2
2012,Dien Bien,21.57,26.54,17.88,81.89,2233.01,Lua mi,0,0
2012,Dien Bien,21.57,26.54,17.88,81.89,2233.01,Lua mua,109.9,40.1
2012,Dien Bien,21.57,26.54,17.88,81.89,2233.01,Ngo,71.6,29.2
2012,Dien Bien,21.57,26.54,17.88,81.89,2233.01,San,54.4,7
2013,Dien Bien,21.28,26.42,17.41,80.7,2347.45,Khoai,7,0.6
2013,Dien Bien,21.28,26.42,17.41,80.7,2347.45,Lua dong xuan,45.5,8.3
2013,Dien Bien,21.28,26.42,17.41,80.7,2347.45,Lua mi,0,0
2013,Dien Bien,21.28,26.42,17.41,80.7,2347.45,Lua mua,116.1,40.7
2013,Dien Bien,21.28,26.42,17.41,80.7,2347.45,Ngo,74.2,29.3
2013,Dien Bien,21.28,26.42,17.41,80.7,2347.45,San,57.3,7.2
2014,Dien Bien,21.59,26.93,17.61,80.22,2085.5,Khoai,7.8,0.7
2014,Dien Bien,21.59,26.93,17.61,80.22,2085.5,Lua dong xuan,51.3,8.5
2014,Dien Bien,21.59,26.93,17.61,80.22,2085.5,Lua mi,0,0
2014,Dien Bien,21.59,26.93,17.61,80.22,2085.5,Lua mua,119.3,40.9
2014,Dien Bien,21.59,26.93,17.61,80.22,2085.5,Ngo,76.1,29.9
2014,Dien Bien,21.59,26.93,17.61,80.22,2085.5,San,57,7.2
2015,Dien Bien,21.87,27.01,18.01,80.54,2270.53,Khoai,6.8,0.6
2015,Dien Bien,21.87,27.01,18.01,80.54,2270.53,Lua dong xuan,53.6,8.8
2015,Dien Bien,21.87,27.01,18.01,80.54,2270.53,Lua mi,0,0.1
2015,Dien Bien,21.87,27.01,18.01,80.54,2270.53,Lua mua,121.2,40.6
2015,Dien Bien,21.87,27.01,18.01,80.54,2270.53,Ngo,76.2,29.7
2015,Dien Bien,21.87,27.01,18.01,80.54,2270.53,San,61.7,7.7
2016,Dien Bien,21.63,26.87,17.73,81.32,1954.96,Khoai,6.9,0.6
2016,Dien Bien,21.63,26.87,17.73,81.32,1954.96,Lua dong xuan,52.4,9
2016,Dien Bien,21.63,26.87,17.73,81.32,1954.96,Lua mi,0,0
2016,Dien Bien,21.63,26.87,17.73,81.32,1954.96,Lua mua,123,41.1
2016,Dien Bien,21.63,26.87,17.73,81.32,1954.96,Ngo,78.5,30
2016,Dien Bien,21.63,26.87,17.73,81.32,1954.96,San,60,7.4
2017,Dien Bien,21.4,26.1,17.92,83.19,2351.79,Khoai,6.9,0.6
2017,Dien Bien,21.4,26.1,17.92,83.19,2351.79,Lua dong xuan,53.2,9.1
2017,Dien Bien,21.4,26.1,17.92,83.19,2351.79,Lua mi,0,-1.42E-14
2017,Dien Bien,21.4,26.1,17.92,83.19,2351.79,Lua mua,124.9,41.1
2017,Dien Bien,21.4,26.1,17.92,83.19,2351.79,Ngo,80.1,30.6
2017,Dien Bien,21.4,26.1,17.92,83.19,2351.79,San,62,7.6
2018,Dien Bien,21.17,25.91,17.68,83.75,2561.37,Khoai,7,633
2018,Dien Bien,21.17,25.91,17.68,83.75,2561.37,Lua dong xuan,55.3,9.3
2018,Dien Bien,21.17,25.91,17.68,83.75,2561.37,Lua mi,0,0
2018,Dien Bien,21.17,25.91,17.68,83.75,2561.37,Lua mua,130,42
2018,Dien Bien,21.17,25.91,17.68,83.75,2561.37,Ngo,79.3,29.8
2018,Dien Bien,21.17,25.91,17.68,83.75,2561.37,San,63.9,7.7
2019,Dien Bien,22.25,28.06,17.91,78.08,1767.67,Khoai,5.3,490
2019,Dien Bien,22.25,28.06,17.91,78.08,1767.67,Lua dong xuan,57,9.6
2019,Dien Bien,22.25,28.06,17.91,78.08,1767.67,Lua mi,0,0.1
2019,Dien Bien,22.25,28.06,17.91,78.08,1767.67,Lua mua,130,42.1
2019,Dien Bien,22.25,28.06,17.91,78.08,1767.67,Ngo,78.2,28.8
2019,Dien Bien,22.25,28.06,17.91,78.08,1767.67,San,68,7.7
2020,Dien Bien,21.57,27.05,17.64,80.45,2080.45,Khoai,5,446
2020,Dien Bien,21.57,27.05,17.64,80.45,2080.45,Lua dong xuan,52.5,9.6
2020,Dien Bien,21.57,27.05,17.64,80.45,2080.45,Lua mi,0,0
2020,Dien Bien,21.57,27.05,17.64,80.45,2080.45,Lua mua,138.3,42.8
2020,Dien Bien,21.57,27.05,17.64,80.45,2080.45,Ngo,77.3,27.9
2020,Dien Bien,21.57,27.05,17.64,80.45,2080.45,San,78.7,8.3
2021,Dien Bien,21.38,26.47,17.72,82.17,2089.72,Khoai,4.4,388
2021,Dien Bien,21.38,26.47,17.72,82.17,2089.72,Lua dong xuan,60,9.9
2021,Dien Bien,21.38,26.47,17.72,82.17,2089.72,Lua mi,0,0
2021,Dien Bien,21.38,26.47,17.72,82.17,2089.72,Lua mua,140.2,43.9
2021,Dien Bien,21.38,26.47,17.72,82.17,2089.72,Ngo,76.9,27.2
2021,Dien Bien,21.38,26.47,17.72,82.17,2089.72,San,91.6,8.9
2022,Dien Bien,21.33,26.23,17.85,83.07,2231.24,Khoai,4.1,358.5
2022,Dien Bien,21.33,26.23,17.85,83.07,2231.24,Lua dong xuan,58.9,9.8
2022,Dien Bien,21.33,26.23,17.85,83.07,2231.24,Lua mi,-0.1,0
2022,Dien Bien,21.33,26.23,17.85,83.07,2231.24,Lua mua,147.7,45.3
2022,Dien Bien,21.33,26.23,17.85,83.07,2231.24,Ngo,76.3,25.6
2022,Dien Bien,21.33,26.23,17.85,83.07,2231.24,San,105.5,12.7
2023,Dien Bien,22.08,27.45,18.17,79.6,1800.85,Khoai,4.1,361
2023,Dien Bien,22.08,27.45,18.17,79.6,1800.85,Lua dong xuan,61,9.9
2023,Dien Bien,22.08,27.45,18.17,79.6,1800.85,Lua mi,0,0
2023,Dien Bien,22.08,27.45,18.17,79.6,1800.85,Lua mua,150.5,45.7
2023,Dien Bien,22.08,27.45,18.17,79.6,1800.85,Ngo,74,24.4
2023,Dien Bien,22.08,27.45,18.17,79.6,1800.85,San,123.5,12.7
2024,Dien Bien,22.28,27.57,18.42,79.67,2466.65,Khoai,4.2,360.7
2024,Dien Bien,22.28,27.57,18.42,79.67,2466.65,Lua dong xuan,58.4,9.8
2024,Dien Bien,22.28,27.57,18.42,79.67,2466.65,Lua mi,0,0
2024,Dien Bien,22.28,27.57,18.42,79.67,2466.65,Lua mua,150.9,44.8
2024,Dien Bien,22.28,27.57,18.42,79.67,2466.65,Ngo,77.7,24.9
2024,Dien Bien,22.28,27.57,18.42,79.67,2466.65,San,157.4,16.8
1995,Dong Nai,26.63,30.88,23.55,79.61,2047.07,Khoai,3,1
1995,Dong Nai,26.63,30.88,23.55,79.61,2047.07,Lua dong xuan,46.6,12.9
1995,Dong Nai,26.63,30.88,23.55,79.61,2047.07,Lua he thu,74.2,21.8
1995,Dong Nai,26.63,30.88,23.55,79.61,2047.07,Lua mi,0,0
1995,Dong Nai,26.63,30.88,23.55,79.61,2047.07,Lua mua,97.1,32.8
1995,Dong Nai,26.63,30.88,23.55,79.61,2047.07,Ngo,182.6,62
1995,Dong Nai,26.63,30.88,23.55,79.61,2047.07,San,125.3,13
1996,Dong Nai,26.34,30.46,23.43,82.17,2260.07,Khoai,,
1996,Dong Nai,26.34,30.46,23.43,82.17,2260.07,Lua dong xuan,52.8,13.2
1996,Dong Nai,26.34,30.46,23.43,82.17,2260.07,Lua he thu,77.3,22.6
1996,Dong Nai,26.34,30.46,23.43,82.17,2260.07,Lua mi,0,0
1996,Dong Nai,26.34,30.46,23.43,82.17,2260.07,Lua mua,93.3,34.1
1996,Dong Nai,26.34,30.46,23.43,82.17,2260.07,Ngo,232.2,64.5
1996,Dong Nai,26.34,30.46,23.43,82.17,2260.07,San,119.4,12.7
1997,Dong Nai,26.67,30.92,23.63,80.14,2008.82,Khoai,6.6,1.2
1997,Dong Nai,26.67,30.92,23.63,80.14,2008.82,Lua dong xuan,54.3,13.5
1997,Dong Nai,26.67,30.92,23.63,80.14,2008.82,Lua he thu,63.5,21.7
1997,Dong Nai,26.67,30.92,23.63,80.14,2008.82,Lua mi,0,2.84E-14
1997,Dong Nai,26.67,30.92,23.63,80.14,2008.82,Lua mua,114.5,35.9
1997,Dong Nai,26.67,30.92,23.63,80.14,2008.82,Ngo,210,66.8
1997,Dong Nai,26.67,30.92,23.63,80.14,2008.82,San,82.2,5.2
1998,Dong Nai,27.36,31.62,24.46,79.42,2190.31,Khoai,5.7,1.2
1998,Dong Nai,27.36,31.62,24.46,79.42,2190.31,Lua dong xuan,51.5,13.5
1998,Dong Nai,27.36,31.62,24.46,79.42,2190.31,Lua he thu,62.5,22.3
1998,Dong Nai,27.36,31.62,24.46,79.42,2190.31,Lua mi,0,0
1998,Dong Nai,27.36,31.62,24.46,79.42,2190.31,Lua mua,122.1,38
1998,Dong Nai,27.36,31.62,24.46,79.42,2190.31,Ngo,184.9,59.4
1998,Dong Nai,27.36,31.62,24.46,79.42,2190.31,San,63,12.6
1999,Dong Nai,26.29,30.2,23.68,83.83,2469.7,Khoai,6.9,1.3
1999,Dong Nai,26.29,30.2,23.68,83.83,2469.7,Lua dong xuan,53.4,13.9
1999,Dong Nai,26.29,30.2,23.68,83.83,2469.7,Lua he thu,68.3,24.6
1999,Dong Nai,26.29,30.2,23.68,83.83,2469.7,Lua mi,0,-2.84E-14
1999,Dong Nai,26.29,30.2,23.68,83.83,2469.7,Lua mua,112.8,39.4
1999,Dong Nai,26.29,30.2,23.68,83.83,2469.7,Ngo,202.5,61.7
1999,Dong Nai,26.29,30.2,23.68,83.83,2469.7,San,61.5,8
2000,Dong Nai,26.49,30.47,23.8,83.09,2350.14,Khoai,5,0.9
2000,Dong Nai,26.49,30.47,23.8,83.09,2350.14,Lua dong xuan,61.4,15.3
2000,Dong Nai,26.49,30.47,23.8,83.09,2350.14,Lua he thu,88.7,26.4
2000,Dong Nai,26.49,30.47,23.8,83.09,2350.14,Lua mi,-5.68E-14,0
2000,Dong Nai,26.49,30.47,23.8,83.09,2350.14,Lua mua,120.2,40.2
2000,Dong Nai,26.49,30.47,23.8,83.09,2350.14,Ngo,232.9,65.3
2000,Dong Nai,26.49,30.47,23.8,83.09,2350.14,San,63.8,8.4
2001,Dong Nai,26.8,31,23.95,81.24,2039.85,Khoai,4.9,0.8
2001,Dong Nai,26.8,31,23.95,81.24,2039.85,Lua dong xuan,66.1,16.2
2001,Dong Nai,26.8,31,23.95,81.24,2039.85,Lua he thu,82.1,26
2001,Dong Nai,26.8,31,23.95,81.24,2039.85,Lua mi,5.68E-14,0
2001,Dong Nai,26.8,31,23.95,81.24,2039.85,Lua mua,132.2,39
2001,Dong Nai,26.8,31,23.95,81.24,2039.85,Ngo,221.9,63.5
2001,Dong Nai,26.8,31,23.95,81.24,2039.85,San,312.5,15.9
2002,Dong Nai,27.32,31.86,24.2,76.7,1961.96,Khoai,4,0.7
2002,Dong Nai,27.32,31.86,24.2,76.7,1961.96,Lua dong xuan,65.3,16
2002,Dong Nai,27.32,31.86,24.2,76.7,1961.96,Lua he thu,86.5,27
2002,Dong Nai,27.32,31.86,24.2,76.7,1961.96,Lua mi,0,0
2002,Dong Nai,27.32,31.86,24.2,76.7,1961.96,Lua mua,132.5,37.4
2002,Dong Nai,27.32,31.86,24.2,76.7,1961.96,Ngo,246.1,68.5
2002,Dong Nai,27.32,31.86,24.2,76.7,1961.96,San,306.3,16
2003,Dong Nai,26.89,31.12,23.95,79.17,2080.4,Khoai,3.4,0.5
2003,Dong Nai,26.89,31.12,23.95,79.17,2080.4,Lua dong xuan,69,16.2
2003,Dong Nai,26.89,31.12,23.95,79.17,2080.4,Lua he thu,97.5,27.4
2003,Dong Nai,26.89,31.12,23.95,79.17,2080.4,Lua mi,1.14E-13,0
2003,Dong Nai,26.89,31.12,23.95,79.17,2080.4,Lua mua,135.7,36.5
2003,Dong Nai,26.89,31.12,23.95,79.17,2080.4,Ngo,269.9,68.9
2003,Dong Nai,26.89,31.12,23.95,79.17,2080.4,San,341.7,17.3
2004,Dong Nai,26.94,31.23,23.84,77.72,1837.98,Khoai,2.6,0.4
2004,Dong Nai,26.94,31.23,23.84,77.72,1837.98,Lua dong xuan,74.1,16.7
2004,Dong Nai,26.94,31.23,23.84,77.72,1837.98,Lua he thu,104,27.3
2004,Dong Nai,26.94,31.23,23.84,77.72,1837.98,Lua mi,-1.14E-13,0
2004,Dong Nai,26.94,31.23,23.84,77.72,1837.98,Lua mua,118.5,36.9
2004,Dong Nai,26.94,31.23,23.84,77.72,1837.98,Ngo,256.3,65.5
2004,Dong Nai,26.94,31.23,23.84,77.72,1837.98,San,382.7,18.1
2005,Dong Nai,26.72,30.81,23.87,79.65,2205.81,Khoai,2.7,0.3
2005,Dong Nai,26.72,30.81,23.87,79.65,2205.81,Lua dong xuan,73.6,15.7
2005,Dong Nai,26.72,30.81,23.87,79.65,2205.81,Lua he thu,110.9,27.4
2005,Dong Nai,26.72,30.81,23.87,79.65,2205.81,Lua mi,0,0
2005,Dong Nai,26.72,30.81,23.87,79.65,2205.81,Lua mua,140.7,36.4
2005,Dong Nai,26.72,30.81,23.87,79.65,2205.81,Ngo,294.3,59.8
2005,Dong Nai,26.72,30.81,23.87,79.65,2205.81,San,442.2,19
2006,Dong Nai,26.81,30.95,23.94,80.27,2152.82,Khoai,1.3,0.2
2006,Dong Nai,26.81,30.95,23.94,80.27,2152.82,Lua dong xuan,76.2,16
2006,Dong Nai,26.81,30.95,23.94,80.27,2152.82,Lua he thu,104.2,27.6
2006,Dong Nai,26.81,30.95,23.94,80.27,2152.82,Lua mi,0,0
2006,Dong Nai,26.81,30.95,23.94,80.27,2152.82,Lua mua,125.4,33.9
2006,Dong Nai,26.81,30.95,23.94,80.27,2152.82,Ngo,288,56.7
2006,Dong Nai,26.81,30.95,23.94,80.27,2152.82,San,425,18.6
2007,Dong Nai,26.72,30.89,23.85,80.52,2536.71,Khoai,1.7,0.3
2007,Dong Nai,26.72,30.89,23.85,80.52,2536.71,Lua dong xuan,83.3,15.9
2007,Dong Nai,26.72,30.89,23.85,80.52,2536.71,Lua he thu,109.3,26.2
2007,Dong Nai,26.72,30.89,23.85,80.52,2536.71,Lua mi,0,0
2007,Dong Nai,26.72,30.89,23.85,80.52,2536.71,Lua mua,132,33.4
2007,Dong Nai,26.72,30.89,23.85,80.52,2536.71,Ngo,308.9,58.2
2007,Dong Nai,26.72,30.89,23.85,80.52,2536.71,San,481,19.7
2008,Dong Nai,26.56,30.82,23.69,81.03,2319.99,Khoai,2.9,0.3
2008,Dong Nai,26.56,30.82,23.69,81.03,2319.99,Lua dong xuan,87.1,16
2008,Dong Nai,26.56,30.82,23.69,81.03,2319.99,Lua he thu,113.9,26.9
2008,Dong Nai,26.56,30.82,23.69,81.03,2319.99,Lua mi,0,0
2008,Dong Nai,26.56,30.82,23.69,81.03,2319.99,Lua mua,132.1,32.1
2008,Dong Nai,26.56,30.82,23.69,81.03,2319.99,Ngo,314.5,56.7
2008,Dong Nai,26.56,30.82,23.69,81.03,2319.99,San,563.7,23.1
2009,Dong Nai,26.63,30.81,23.76,82.09,2245.53,Khoai,4.7,0.5
2009,Dong Nai,26.63,30.81,23.76,82.09,2245.53,Lua dong xuan,87.5,15.9
2009,Dong Nai,26.63,30.81,23.76,82.09,2245.53,Lua he thu,113.6,26.3
2009,Dong Nai,26.63,30.81,23.76,82.09,2245.53,Lua mi,0,0
2009,Dong Nai,26.63,30.81,23.76,82.09,2245.53,Lua mua,136.8,31
2009,Dong Nai,26.63,30.81,23.76,82.09,2245.53,Ngo,313.9,54.4
2009,Dong Nai,26.63,30.81,23.76,82.09,2245.53,San,382,16.3
2010,Dong Nai,27.27,31.51,24.39,79.75,2176.18,Khoai,4,0.4
2010,Dong Nai,27.27,31.51,24.39,79.75,2176.18,Lua dong xuan,87.7,15.8
2010,Dong Nai,27.27,31.51,24.39,79.75,2176.18,Lua he thu,107.8,25.4
2010,Dong Nai,27.27,31.51,24.39,79.75,2176.18,Lua mi,0,-1.42E-14
2010,Dong Nai,27.27,31.51,24.39,79.75,2176.18,Lua mua,127.4,28.2
2010,Dong Nai,27.27,31.51,24.39,79.75,2176.18,Ngo,282,47.7
2010,Dong Nai,27.27,31.51,24.39,79.75,2176.18,San,361.6,14.8
2011,Dong Nai,26.6,30.69,23.8,80.9,2275.57,Khoai,2.7,0.3
2011,Dong Nai,26.6,30.69,23.8,80.9,2275.57,Lua dong xuan,83.7,15
2011,Dong Nai,26.6,30.69,23.8,80.9,2275.57,Lua he thu,120.8,25.5
2011,Dong Nai,26.6,30.69,23.8,80.9,2275.57,Lua mi,1.14E-13,0
2011,Dong Nai,26.6,30.69,23.8,80.9,2275.57,Lua mua,131.7,28.2
2011,Dong Nai,26.6,30.69,23.8,80.9,2275.57,Ngo,305.4,49.9
2011,Dong Nai,26.6,30.69,23.8,80.9,2275.57,San,114.4,16
2012,Dong Nai,26.99,31.16,24.21,81.09,2387.44,Khoai,3,0.3
2012,Dong Nai,26.99,31.16,24.21,81.09,2387.44,Lua dong xuan,84.1,14.7
2012,Dong Nai,26.99,31.16,24.21,81.09,2387.44,Lua he thu,124.7,25.7
2012,Dong Nai,26.99,31.16,24.21,81.09,2387.44,Lua mi,0,-1.42E-14
2012,Dong Nai,26.99,31.16,24.21,81.09,2387.44,Lua mua,133.9,28
2012,Dong Nai,26.99,31.16,24.21,81.09,2387.44,Ngo,328.1,51.2
2012,Dong Nai,26.99,31.16,24.21,81.09,2387.44,San,366.8,14.9
2013,Dong Nai,27.21,31.37,24.41,79.3,2299.45,Khoai,3.1,0.3
2013,Dong Nai,27.21,31.37,24.41,79.3,2299.45,Lua dong xuan,83.7,14.5
2013,Dong Nai,27.21,31.37,24.41,79.3,2299.45,Lua he thu,118.6,24.3
2013,Dong Nai,27.21,31.37,24.41,79.3,2299.45,Lua mi,0,0
2013,Dong Nai,27.21,31.37,24.41,79.3,2299.45,Lua mua,130.2,27.4
2013,Dong Nai,27.21,31.37,24.41,79.3,2299.45,Ngo,340.2,52
2013,Dong Nai,27.21,31.37,24.41,79.3,2299.45,San,373.6,15.2
2014,Dong Nai,26.92,31.11,24.05,79.83,2228.35,Khoai,2.9,0.3
2014,Dong Nai,26.92,31.11,24.05,79.83,2228.35,Lua dong xuan,84.9,14.5
2014,Dong Nai,26.92,31.11,24.05,79.83,2228.35,Lua he thu,120.3,24.3
2014,Dong Nai,26.92,31.11,24.05,79.83,2228.35,Lua mi,0,0
2014,Dong Nai,26.92,31.11,24.05,79.83,2228.35,Lua mua,132.1,26.5
2014,Dong Nai,26.92,31.11,24.05,79.83,2228.35,Ngo,354.3,52.2
2014,Dong Nai,26.92,31.11,24.05,79.83,2228.35,San,385.2,15.4
2015,Dong Nai,27.25,31.55,24.24,78.91,1805.98,Khoai,2.8,0.3
2015,Dong Nai,27.25,31.55,24.24,78.91,1805.98,Lua dong xuan,88.1,14.5
2015,Dong Nai,27.25,31.55,24.24,78.91,1805.98,Lua he thu,119.7,23.7
2015,Dong Nai,27.25,31.55,24.24,78.91,1805.98,Lua mi,-0.1,0.1
2015,Dong Nai,27.25,31.55,24.24,78.91,1805.98,Lua mua,129.4,25.4
2015,Dong Nai,27.25,31.55,24.24,78.91,1805.98,Ngo,369.9,52.2
2015,Dong Nai,27.25,31.55,24.24,78.91,1805.98,San,399.2,15.8
2016,Dong Nai,27.52,31.59,24.79,80.14,2258.62,Khoai,4.6,0.4
2016,Dong Nai,27.52,31.59,24.79,80.14,2258.62,Lua dong xuan,89.2,14.7
2016,Dong Nai,27.52,31.59,24.79,80.14,2258.62,Lua he thu,113.3,21.9
2016,Dong Nai,27.52,31.59,24.79,80.14,2258.62,Lua mi,0,-0.1
2016,Dong Nai,27.52,31.59,24.79,80.14,2258.62,Lua mua,129,25.1
2016,Dong Nai,27.52,31.59,24.79,80.14,2258.62,Ngo,369,51.5
2016,Dong Nai,27.52,31.59,24.79,80.14,2258.62,San,399.7,15.7
2017,Dong Nai,27.25,31.3,24.56,81.84,2499.33,Khoai,3.3,0.3
2017,Dong Nai,27.25,31.3,24.56,81.84,2499.33,Lua dong xuan,92.2,15
2017,Dong Nai,27.25,31.3,24.56,81.84,2499.33,Lua he thu,113.3,22
2017,Dong Nai,27.25,31.3,24.56,81.84,2499.33,Lua mi,0,0
2017,Dong Nai,27.25,31.3,24.56,81.84,2499.33,Lua mua,123.6,23.7
2017,Dong Nai,27.25,31.3,24.56,81.84,2499.33,Ngo,331.7,46.2
2017,Dong Nai,27.25,31.3,24.56,81.84,2499.33,San,415,14.6
2018,Dong Nai,27.35,31.49,24.58,80,2435.81,Khoai,4.7,445
2018,Dong Nai,27.35,31.49,24.58,80,2435.81,Lua dong xuan,92.4,16
2018,Dong Nai,27.35,31.49,24.58,80,2435.81,Lua he thu,118.4,22.2
2018,Dong Nai,27.35,31.49,24.58,80,2435.81,Lua mi,0,0
2018,Dong Nai,27.35,31.49,24.58,80,2435.81,Lua mua,114.4,21.6
2018,Dong Nai,27.35,31.49,24.58,80,2435.81,Ngo,318.5,44
2018,Dong Nai,27.35,31.49,24.58,80,2435.81,San,436.5,15.3
2019,Dong Nai,27.44,31.71,24.46,78.83,1897.4,Khoai,6.1,460
2019,Dong Nai,27.44,31.71,24.46,78.83,1897.4,Lua dong xuan,103.3,16.3
2019,Dong Nai,27.44,31.71,24.46,78.83,1897.4,Lua he thu,112.8,21.4
2019,Dong Nai,27.44,31.71,24.46,78.83,1897.4,Lua mi,0,0
2019,Dong Nai,27.44,31.71,24.46,78.83,1897.4,Lua mua,114.4,21.1
2019,Dong Nai,27.44,31.71,24.46,78.83,1897.4,Ngo,298.4,39.6
2019,Dong Nai,27.44,31.71,24.46,78.83,1897.4,San,363.7,15.2
2020,Dong Nai,27.31,31.41,24.46,80.12,1852.29,Khoai,4.1,285
2020,Dong Nai,27.31,31.41,24.46,80.12,1852.29,Lua dong xuan,102.2,16
2020,Dong Nai,27.31,31.41,24.46,80.12,1852.29,Lua he thu,112.6,20.4
2020,Dong Nai,27.31,31.41,24.46,80.12,1852.29,Lua mi,0.1,-0.1
2020,Dong Nai,27.31,31.41,24.46,80.12,1852.29,Lua mua,105.1,19.3
2020,Dong Nai,27.31,31.41,24.46,80.12,1852.29,Ngo,289.9,36.3
2020,Dong Nai,27.31,31.41,24.46,80.12,1852.29,San,438.7,16.5
2021,Dong Nai,26.79,30.81,24.05,81.45,2248,Khoai,3.3,216
2021,Dong Nai,26.79,30.81,24.05,81.45,2248,Lua dong xuan,100,15.4
2021,Dong Nai,26.79,30.81,24.05,81.45,2248,Lua he thu,111.2,19.8
2021,Dong Nai,26.79,30.81,24.05,81.45,2248,Lua mi,0,-0.1
2021,Dong Nai,26.79,30.81,24.05,81.45,2248,Lua mua,103.5,18.7
2021,Dong Nai,26.79,30.81,24.05,81.45,2248,Ngo,286.6,35.8
2021,Dong Nai,26.79,30.81,24.05,81.45,2248,San,434,16.8
2022,Dong Nai,27,30.96,24.29,81.08,2430.65,Khoai,3.6,229
2022,Dong Nai,27,30.96,24.29,81.08,2430.65,Lua dong xuan,100.6,15.3
2022,Dong Nai,27,30.96,24.29,81.08,2430.65,Lua he thu,110.3,19.2
2022,Dong Nai,27,30.96,24.29,81.08,2430.65,Lua mi,0,0
2022,Dong Nai,27,30.96,24.29,81.08,2430.65,Lua mua,101.4,18.1
2022,Dong Nai,27,30.96,24.29,81.08,2430.65,Ngo,286.6,35.2
2022,Dong Nai,27,30.96,24.29,81.08,2430.65,San,433.9,17.6
2023,Dong Nai,27.13,31.11,24.32,81.95,2200.53,Khoai,3.6,224.3
2023,Dong Nai,27.13,31.11,24.32,81.95,2200.53,Lua dong xuan,101.5,15.3
2023,Dong Nai,27.13,31.11,24.32,81.95,2200.53,Lua he thu,109.6,18.8
2023,Dong Nai,27.13,31.11,24.32,81.95,2200.53,Lua mi,0.1,-0.1
2023,Dong Nai,27.13,31.11,24.32,81.95,2200.53,Lua mua,99.3,17.3
2023,Dong Nai,27.13,31.11,24.32,81.95,2200.53,Ngo,286.6,35.1
2023,Dong Nai,27.13,31.11,24.32,81.95,2200.53,San,472.5,17.6
2024,Dong Nai,27.74,31.68,24.9,80.16,2195.37,Khoai,4,249.3
2024,Dong Nai,27.74,31.68,24.9,80.16,2195.37,Lua dong xuan,103.3,15.5
2024,Dong Nai,27.74,31.68,24.9,80.16,2195.37,Lua he thu,109.4,18.5
2024,Dong Nai,27.74,31.68,24.9,80.16,2195.37,Lua mi,0,-0.1
2024,Dong Nai,27.74,31.68,24.9,80.16,2195.37,Lua mua,98.2,16.8
2024,Dong Nai,27.74,31.68,24.9,80.16,2195.37,Ngo,284.6,33.9
2024,Dong Nai,27.74,31.68,24.9,80.16,2195.37,San,475.2,17.6
1995,Dong Thap,27.57,32.06,24.41,76.37,1722.38,Khoai,11.5,1
1995,Dong Thap,27.57,32.06,24.41,76.37,1722.38,Lua dong xuan,943.5,175
1995,Dong Thap,27.57,32.06,24.41,76.37,1722.38,Lua he thu,669.9,185
1995,Dong Thap,27.57,32.06,24.41,76.37,1722.38,Lua mi,0,0
1995,Dong Thap,27.57,32.06,24.41,76.37,1722.38,Lua mua,3.1,1
1995,Dong Thap,27.57,32.06,24.41,76.37,1722.38,Ngo,7.9,2.2
1996,Dong Thap,27.2,31.54,24.23,79.4,2133.31,Khoai,23.5,1.4
1996,Dong Thap,27.2,31.54,24.23,79.4,2133.31,Lua dong xuan,983.9,189.3
1996,Dong Thap,27.2,31.54,24.23,79.4,2133.31,Lua he thu,734.4,201
1996,Dong Thap,27.2,31.54,24.23,79.4,2133.31,Lua mi,0,0
1996,Dong Thap,27.2,31.54,24.23,79.4,2133.31,Lua mua,1.7,0.5
1996,Dong Thap,27.2,31.54,24.23,79.4,2133.31,Ngo,13.5,2.4
1997,Dong Thap,27.6,31.98,24.52,77.68,1527.59,Khoai,9.9,0.8
1997,Dong Thap,27.6,31.98,24.52,77.68,1527.59,Lua dong xuan,1121.3,196.6
1997,Dong Thap,27.6,31.98,24.52,77.68,1527.59,Lua he thu,627.6,175.3
1997,Dong Thap,27.6,31.98,24.52,77.68,1527.59,Lua mi,0,0
1997,Dong Thap,27.6,31.98,24.52,77.68,1527.59,Lua mua,,
1997,Dong Thap,27.6,31.98,24.52,77.68,1527.59,Ngo,8.3,2
1998,Dong Thap,28.22,32.68,25.21,76.85,1940.72,Khoai,6,0.8
1998,Dong Thap,28.22,32.68,25.21,76.85,1940.72,Lua dong xuan,1151.8,198.2
1998,Dong Thap,28.22,32.68,25.21,76.85,1940.72,Lua he thu,778.2,224.4
1998,Dong Thap,28.22,32.68,25.21,76.85,1940.72,Lua mi,0,0
1998,Dong Thap,28.22,32.68,25.21,76.85,1940.72,Lua mua,,
1998,Dong Thap,28.22,32.68,25.21,76.85,1940.72,Ngo,9,2.2
1999,Dong Thap,27.04,31.07,24.34,81.05,2194.3,Khoai,7.7,0.6
1999,Dong Thap,27.04,31.07,24.34,81.05,2194.3,Lua dong xuan,1140.8,202.6
1999,Dong Thap,27.04,31.07,24.34,81.05,2194.3,Lua he thu,935.4,240.1
1999,Dong Thap,27.04,31.07,24.34,81.05,2194.3,Lua mi,4.55E-13,0
1999,Dong Thap,27.04,31.07,24.34,81.05,2194.3,Lua mua,,
1999,Dong Thap,27.04,31.07,24.34,81.05,2194.3,Ngo,12.1,2.5
2000,Dong Thap,27.39,31.52,24.61,80.05,1952.48,Khoai,2.7,0.3
2000,Dong Thap,27.39,31.52,24.61,80.05,1952.48,Lua dong xuan,1196.3,203.7
2000,Dong Thap,27.39,31.52,24.61,80.05,1952.48,Lua he thu,682.2,204.7
2000,Dong Thap,27.39,31.52,24.61,80.05,1952.48,Lua mi,0,0
2000,Dong Thap,27.39,31.52,24.61,80.05,1952.48,Lua mua,,
2000,Dong Thap,27.39,31.52,24.61,80.05,1952.48,Ngo,10.5,2.6
2001,Dong Thap,27.61,31.75,24.79,79.04,1768.78,Khoai,2.6,0.2
2001,Dong Thap,27.61,31.75,24.79,79.04,1768.78,Lua dong xuan,1235.3,206
2001,Dong Thap,27.61,31.75,24.79,79.04,1768.78,Lua he thu,728.3,202.3
2001,Dong Thap,27.61,31.75,24.79,79.04,1768.78,Lua mi,2.27E-13,0
2001,Dong Thap,27.61,31.75,24.79,79.04,1768.78,Lua mua,,
2001,Dong Thap,27.61,31.75,24.79,79.04,1768.78,Ngo,12.3,2.7
2002,Dong Thap,28.35,32.89,25.17,73.65,1375.85,Khoai,5,0.4
2002,Dong Thap,28.35,32.89,25.17,73.65,1375.85,Lua dong xuan,1298.7,204.5
2002,Dong Thap,28.35,32.89,25.17,73.65,1375.85,Lua he thu,880,221.9
2002,Dong Thap,28.35,32.89,25.17,73.65,1375.85,Lua mi,0,0
2002,Dong Thap,28.35,32.89,25.17,73.65,1375.85,Lua mua,,
2002,Dong Thap,28.35,32.89,25.17,73.65,1375.85,Ngo,18,3.8
2003,Dong Thap,27.95,32.3,24.93,75.8,1801.16,Khoai,7.2,0.4
2003,Dong Thap,27.95,32.3,24.93,75.8,1801.16,Lua dong xuan,1281.9,203.1
2003,Dong Thap,27.95,32.3,24.93,75.8,1801.16,Lua he thu,933,233.3
2003,Dong Thap,27.95,32.3,24.93,75.8,1801.16,Lua mi,0,5.68E-14
2003,Dong Thap,27.95,32.3,24.93,75.8,1801.16,Lua mua,,
2003,Dong Thap,27.95,32.3,24.93,75.8,1801.16,Ngo,24.1,4.9
2004,Dong Thap,27.83,32,24.72,75.69,1413.81,Khoai,7.8,0.5
2004,Dong Thap,27.83,32,24.72,75.69,1413.81,Lua dong xuan,1292.1,202.5
2004,Dong Thap,27.83,32,24.72,75.69,1413.81,Lua he thu,1128.8,250.5
2004,Dong Thap,27.83,32,24.72,75.69,1413.81,Lua mi,0,0
2004,Dong Thap,27.83,32,24.72,75.69,1413.81,Lua mua,,
2004,Dong Thap,27.83,32,24.72,75.69,1413.81,Ngo,29.4,4.7
2005,Dong Thap,27.7,31.79,24.76,76.47,1667.81,Khoai,6.4,0.4
2005,Dong Thap,27.7,31.79,24.76,76.47,1667.81,Lua dong xuan,1362.8,203.3
2005,Dong Thap,27.7,31.79,24.76,76.47,1667.81,Lua he thu,1243.7,264.4
2005,Dong Thap,27.7,31.79,24.76,76.47,1667.81,Lua mi,0,0
2005,Dong Thap,27.7,31.79,24.76,76.47,1667.81,Lua mua,,
2005,Dong Thap,27.7,31.79,24.76,76.47,1667.81,Ngo,35.8,5.6
2006,Dong Thap,27.66,31.73,24.8,77.78,1806.89,Khoai,12.4,0.7
2006,Dong Thap,27.66,31.73,24.8,77.78,1806.89,Lua dong xuan,1343.9,205.6
2006,Dong Thap,27.66,31.73,24.8,77.78,1806.89,Lua he thu,1061,248.4
2006,Dong Thap,27.66,31.73,24.8,77.78,1806.89,Lua mi,0,0
2006,Dong Thap,27.66,31.73,24.8,77.78,1806.89,Lua mua,,
2006,Dong Thap,27.66,31.73,24.8,77.78,1806.89,Ngo,36.1,5
2007,Dong Thap,27.57,31.8,24.65,78.09,1963.52,Khoai,15.8,0.7
2007,Dong Thap,27.57,31.8,24.65,78.09,1963.52,Lua dong xuan,1422.6,208.4
2007,Dong Thap,27.57,31.8,24.65,78.09,1963.52,Lua he thu,1121.8,238.7
2007,Dong Thap,27.57,31.8,24.65,78.09,1963.52,Lua mi,0,0
2007,Dong Thap,27.57,31.8,24.65,78.09,1963.52,Lua mua,,
2007,Dong Thap,27.57,31.8,24.65,78.09,1963.52,Ngo,32.4,4.5
2008,Dong Thap,27.4,31.77,24.45,78.16,2027.5,Khoai,11.6,0.5
2008,Dong Thap,27.4,31.77,24.45,78.16,2027.5,Lua dong xuan,1453.9,208
2008,Dong Thap,27.4,31.77,24.45,78.16,2027.5,Lua he thu,1266.3,260.1
2008,Dong Thap,27.4,31.77,24.45,78.16,2027.5,Lua mi,0,-5.68E-14
2008,Dong Thap,27.4,31.77,24.45,78.16,2027.5,Lua mua,,
2008,Dong Thap,27.4,31.77,24.45,78.16,2027.5,Ngo,38.8,5.1
2009,Dong Thap,27.58,31.91,24.63,79.13,1722.55,Khoai,30,1.2
2009,Dong Thap,27.58,31.91,24.63,79.13,1722.55,Lua dong xuan,1428.4,207.2
2009,Dong Thap,27.58,31.91,24.63,79.13,1722.55,Lua he thu,1222,243.6
2009,Dong Thap,27.58,31.91,24.63,79.13,1722.55,Lua mi,0,0
2009,Dong Thap,27.58,31.91,24.63,79.13,1722.55,Lua mua,,
2009,Dong Thap,27.58,31.91,24.63,79.13,1722.55,Ngo,31.1,4.2
2010,Dong Thap,28.15,32.68,25.14,77.32,2065.36,Khoai,24,1
2010,Dong Thap,28.15,32.68,25.14,77.32,2065.36,Lua dong xuan,1472.7,207.7
2010,Dong Thap,28.15,32.68,25.14,77.32,2065.36,Lua he thu,1334.3,257.4
2010,Dong Thap,28.15,32.68,25.14,77.32,2065.36,Lua mi,0,0
2010,Dong Thap,28.15,32.68,25.14,77.32,2065.36,Lua mua,,
2010,Dong Thap,28.15,32.68,25.14,77.32,2065.36,Ngo,25,3.7
2011,Dong Thap,27.46,31.74,24.61,78.56,1918.46,Khoai,39.5,1.7
2011,Dong Thap,27.46,31.74,24.61,78.56,1918.46,Lua dong xuan,1482,206.9
2011,Dong Thap,27.46,31.74,24.61,78.56,1918.46,Lua he thu,1618.2,294.2
2011,Dong Thap,27.46,31.74,24.61,78.56,1918.46,Lua mi,4.55E-13,0
2011,Dong Thap,27.46,31.74,24.61,78.56,1918.46,Lua mua,,
2011,Dong Thap,27.46,31.74,24.61,78.56,1918.46,Ngo,31.6,4.9
2012,Dong Thap,27.96,32.39,25.04,78.55,1968.28,Khoai,58.3,2.4
2012,Dong Thap,27.96,32.39,25.04,78.55,1968.28,Lua dong xuan,1504.8,208.3
2012,Dong Thap,27.96,32.39,25.04,78.55,1968.28,Lua he thu,1547,279.3
2012,Dong Thap,27.96,32.39,25.04,78.55,1968.28,Lua mi,-4.55E-13,-5.68E-14
2012,Dong Thap,27.96,32.39,25.04,78.55,1968.28,Lua mua,,
2012,Dong Thap,27.96,32.39,25.04,78.55,1968.28,Ngo,33.4,4.6
2013,Dong Thap,28.01,32.36,25.12,77.17,1918.05,Khoai,68.6,2.9
2013,Dong Thap,28.01,32.36,25.12,77.17,1918.05,Lua dong xuan,1472.8,208.2
2013,Dong Thap,28.01,32.36,25.12,77.17,1918.05,Lua he thu,1854.2,333.6
2013,Dong Thap,28.01,32.36,25.12,77.17,1918.05,Lua mi,0,0
2013,Dong Thap,28.01,32.36,25.12,77.17,1918.05,Lua mua,,
2013,Dong Thap,28.01,32.36,25.12,77.17,1918.05,Ngo,39,5.1
2014,Dong Thap,27.9,32.34,24.88,77.06,1719.97,Khoai,107.8,4.5
2014,Dong Thap,27.9,32.34,24.88,77.06,1719.97,Lua dong xuan,1497,207.4
2014,Dong Thap,27.9,32.34,24.88,77.06,1719.97,Lua he thu,1803,321.2
2014,Dong Thap,27.9,32.34,24.88,77.06,1719.97,Lua mi,0,-1.14E-13
2014,Dong Thap,27.9,32.34,24.88,77.06,1719.97,Lua mua,,
2014,Dong Thap,27.9,32.34,24.88,77.06,1719.97,Ngo,36.4,4.7
2015,Dong Thap,28.35,32.94,25.19,74.95,1507.2,Khoai,87.6,3.6
2015,Dong Thap,28.35,32.94,25.19,74.95,1507.2,Lua dong xuan,1443.2,204.9
2015,Dong Thap,28.35,32.94,25.19,74.95,1507.2,Lua he thu,1941.3,341.1
2015,Dong Thap,28.35,32.94,25.19,74.95,1507.2,Lua mi,0,-0.1
2015,Dong Thap,28.35,32.94,25.19,74.95,1507.2,Lua mua,,
2015,Dong Thap,28.35,32.94,25.19,74.95,1507.2,Ngo,35.3,4.6
2016,Dong Thap,28.44,32.72,25.52,76.63,1899.42,Khoai,66.3,2.7
2016,Dong Thap,28.44,32.72,25.52,76.63,1899.42,Lua dong xuan,1420.3,208.8
2016,Dong Thap,28.44,32.72,25.52,76.63,1899.42,Lua he thu,1976.5,342.6
2016,Dong Thap,28.44,32.72,25.52,76.63,1899.42,Lua mi,-0.1,-0.1
2016,Dong Thap,28.44,32.72,25.52,76.63,1899.42,Lua mua,,
2016,Dong Thap,28.44,32.72,25.52,76.63,1899.42,Ngo,37.4,4.8
2017,Dong Thap,27.82,31.82,25.13,80.37,2224.61,Khoai,94.3,3.8
2017,Dong Thap,27.82,31.82,25.13,80.37,2224.61,Lua dong xuan,1254.4,208.9
2017,Dong Thap,27.82,31.82,25.13,80.37,2224.61,Lua he thu,1952.4,329.4
2017,Dong Thap,27.82,31.82,25.13,80.37,2224.61,Lua mi,-4.55E-13,0
2017,Dong Thap,27.82,31.82,25.13,80.37,2224.61,Lua mua,,
2017,Dong Thap,27.82,31.82,25.13,80.37,2224.61,Ngo,41.9,5.2
2018,Dong Thap,27.97,32.08,25.2,78.77,2033.26,Khoai,91.4,3639
2018,Dong Thap,27.97,32.08,25.2,78.77,2033.26,Lua dong xuan,1438.2,205.7
2018,Dong Thap,27.97,32.08,25.2,78.77,2033.26,Lua he thu,1892,314.7
2018,Dong Thap,27.97,32.08,25.2,78.77,2033.26,Lua mi,0,1.14E-13
2018,Dong Thap,27.97,32.08,25.2,78.77,2033.26,Lua mua,,
2018,Dong Thap,27.97,32.08,25.2,78.77,2033.26,Ngo,35.5,4.3
2019,Dong Thap,28.17,32.44,25.13,76.62,1520.83,Khoai,98.4,3737
2019,Dong Thap,28.17,32.44,25.13,76.62,1520.83,Lua dong xuan,1437.4,205.4
2019,Dong Thap,28.17,32.44,25.13,76.62,1520.83,Lua he thu,1912.4,316.2
2019,Dong Thap,28.17,32.44,25.13,76.62,1520.83,Lua mi,0,-1.14E-13
2019,Dong Thap,28.17,32.44,25.13,76.62,1520.83,Lua mua,,
2019,Dong Thap,28.17,32.44,25.13,76.62,1520.83,Ngo,43.5,5.2
2020,Dong Thap,28.1,32.3,25.13,77.75,1781.51,Khoai,87.4,3452
2020,Dong Thap,28.1,32.3,25.13,77.75,1781.51,Lua dong xuan,1452,200.6
2020,Dong Thap,28.1,32.3,25.13,77.75,1781.51,Lua he thu,1922.5,313.6
2020,Dong Thap,28.1,32.3,25.13,77.75,1781.51,Lua mi,0,0
2020,Dong Thap,28.1,32.3,25.13,77.75,1781.51,Lua mua,,
2020,Dong Thap,28.1,32.3,25.13,77.75,1781.51,Ngo,44.2,4.9
2021,Dong Thap,27.64,31.63,24.87,78.84,2017.2,Khoai,91.8,3561
2021,Dong Thap,27.64,31.63,24.87,78.84,2017.2,Lua dong xuan,1435,196.1
2021,Dong Thap,27.64,31.63,24.87,78.84,2017.2,Lua he thu,1904.7,308.3
2021,Dong Thap,27.64,31.63,24.87,78.84,2017.2,Lua mi,0,5.68E-14
2021,Dong Thap,27.64,31.63,24.87,78.84,2017.2,Lua mua,,
2021,Dong Thap,27.64,31.63,24.87,78.84,2017.2,Ngo,35,3.9
2022,Dong Thap,27.86,31.87,25.16,78.99,2115.65,Khoai,18.3,713.3
2022,Dong Thap,27.86,31.87,25.16,78.99,2115.65,Lua dong xuan,1384.8,189.3
2022,Dong Thap,27.86,31.87,25.16,78.99,2115.65,Lua he thu,1850.2,292.9
2022,Dong Thap,27.86,31.87,25.16,78.99,2115.65,Lua mi,-0.1,-0.1
2022,Dong Thap,27.86,31.87,25.16,78.99,2115.65,Lua mua,,
2022,Dong Thap,27.86,31.87,25.16,78.99,2115.65,Ngo,35.6,4
2023,Dong Thap,28.16,32.1,25.35,79.47,1887.6,Khoai,14,547.5
2023,Dong Thap,28.16,32.1,25.35,79.47,1887.6,Lua dong xuan,1390.1,190.2
2023,Dong Thap,28.16,32.1,25.35,79.47,1887.6,Lua he thu,1935.2,308.2
2023,Dong Thap,28.16,32.1,25.35,79.47,1887.6,Lua mi,-4.55E-13,0
2023,Dong Thap,28.16,32.1,25.35,79.47,1887.6,Lua mua,,
2023,Dong Thap,28.16,32.1,25.35,79.47,1887.6,Ngo,41.8,4.8
2024,Dong Thap,28.71,32.65,25.83,78.51,1940.38,Khoai,16.4,629.3
2024,Dong Thap,28.71,32.65,25.83,78.51,1940.38,Lua dong xuan,1361.4,188.9
2024,Dong Thap,28.71,32.65,25.83,78.51,1940.38,Lua he thu,1969.9,307.1
2024,Dong Thap,28.71,32.65,25.83,78.51,1940.38,Lua mi,4.55E-13,0
2024,Dong Thap,28.71,32.65,25.83,78.51,1940.38,Lua mua,,
2024,Dong Thap,28.71,32.65,25.83,78.51,1940.38,Ngo,44.2,5
1995,Gia Lai,24.27,28.99,20.79,76.54,1552.22,Khoai,23.4,3.7
1995,Gia Lai,24.27,28.99,20.79,76.54,1552.22,Lua dong xuan,35,7.4
1995,Gia Lai,24.27,28.99,20.79,76.54,1552.22,Lua mi,0,0
1995,Gia Lai,24.27,28.99,20.79,76.54,1552.22,Lua mua,80.9,47.4
1995,Gia Lai,24.27,28.99,20.79,76.54,1552.22,Ngo,14.6,14.4
1995,Gia Lai,24.27,28.99,20.79,76.54,1552.22,San,83.6,15.8
1996,Gia Lai,24.06,28.59,20.82,78.63,1868.85,Khoai,8.8,4.1
1996,Gia Lai,24.06,28.59,20.82,78.63,1868.85,Lua dong xuan,36.7,8.2
1996,Gia Lai,24.06,28.59,20.82,78.63,1868.85,Lua mi,0,0
1996,Gia Lai,24.06,28.59,20.82,78.63,1868.85,Lua mua,84.4,46.1
1996,Gia Lai,24.06,28.59,20.82,78.63,1868.85,Ngo,36.9,17
1996,Gia Lai,24.06,28.59,20.82,78.63,1868.85,San,78.7,24.3
1997,Gia Lai,24.3,28.87,21.02,77.69,1584.57,Khoai,24.7,3.9
1997,Gia Lai,24.3,28.87,21.02,77.69,1584.57,Lua dong xuan,48.7,10
1997,Gia Lai,24.3,28.87,21.02,77.69,1584.57,Lua mi,0,0
1997,Gia Lai,24.3,28.87,21.02,77.69,1584.57,Lua mua,80.5,47.6
1997,Gia Lai,24.3,28.87,21.02,77.69,1584.57,Ngo,39,18.7
1997,Gia Lai,24.3,28.87,21.02,77.69,1584.57,San,125.5,14.5
1998,Gia Lai,25.34,30.08,21.94,76.34,1726.64,Khoai,19.2,3.2
1998,Gia Lai,25.34,30.08,21.94,76.34,1726.64,Lua dong xuan,44.6,11.1
1998,Gia Lai,25.34,30.08,21.94,76.34,1726.64,Lua mi,0,0
1998,Gia Lai,25.34,30.08,21.94,76.34,1726.64,Lua mua,82.3,44.4
1998,Gia Lai,25.34,30.08,21.94,76.34,1726.64,Ngo,33.3,17.7
1998,Gia Lai,25.34,30.08,21.94,76.34,1726.64,San,114.7,13.8
1999,Gia Lai,24.13,28.36,21.18,79.89,1821.69,Khoai,16.9,3
1999,Gia Lai,24.13,28.36,21.18,79.89,1821.69,Lua dong xuan,60.4,13
1999,Gia Lai,24.13,28.36,21.18,79.89,1821.69,Lua mi,0,0
1999,Gia Lai,24.13,28.36,21.18,79.89,1821.69,Lua mua,88.1,42.8
1999,Gia Lai,24.13,28.36,21.18,79.89,1821.69,Ngo,43.4,20.7
1999,Gia Lai,24.13,28.36,21.18,79.89,1821.69,San,130.9,17.2
2000,Gia Lai,24.27,28.51,21.26,79.08,1774.65,Khoai,10.7,2.6
2000,Gia Lai,24.27,28.51,21.26,79.08,1774.65,Lua dong xuan,72,14.2
2000,Gia Lai,24.27,28.51,21.26,79.08,1774.65,Lua mi,0,0
2000,Gia Lai,24.27,28.51,21.26,79.08,1774.65,Lua mua,103.1,45
2000,Gia Lai,24.27,28.51,21.26,79.08,1774.65,Ngo,64.7,23.5
2000,Gia Lai,24.27,28.51,21.26,79.08,1774.65,San,157.1,17.7
2001,Gia Lai,24.61,29.13,21.39,76.93,1465.07,Khoai,15.3,2.6
2001,Gia Lai,24.61,29.13,21.39,76.93,1465.07,Lua dong xuan,77.5,15.3
2001,Gia Lai,24.61,29.13,21.39,76.93,1465.07,Lua mi,0,-1.42E-14
2001,Gia Lai,24.61,29.13,21.39,76.93,1465.07,Lua mua,122.7,45.9
2001,Gia Lai,24.61,29.13,21.39,76.93,1465.07,Ngo,81.5,27.1
2001,Gia Lai,24.61,29.13,21.39,76.93,1465.07,San,163.1,16.5
2002,Gia Lai,24.78,29.39,21.55,75.7,1519.39,Khoai,17.5,2.7
2002,Gia Lai,24.78,29.39,21.55,75.7,1519.39,Lua dong xuan,80.1,17
2002,Gia Lai,24.78,29.39,21.55,75.7,1519.39,Lua mi,0,0
2002,Gia Lai,24.78,29.39,21.55,75.7,1519.39,Lua mua,116.7,45.8
2002,Gia Lai,24.78,29.39,21.55,75.7,1519.39,Ngo,104.7,36.1
2002,Gia Lai,24.78,29.39,21.55,75.7,1519.39,San,199.6,19.6
2003,Gia Lai,24.72,29.54,21.34,75.13,1310.86,Khoai,17.2,2.4
2003,Gia Lai,24.72,29.54,21.34,75.13,1310.86,Lua dong xuan,94.5,18.5
2003,Gia Lai,24.72,29.54,21.34,75.13,1310.86,Lua mi,0,1.42E-14
2003,Gia Lai,24.72,29.54,21.34,75.13,1310.86,Lua mua,132.3,45.4
2003,Gia Lai,24.72,29.54,21.34,75.13,1310.86,Ngo,155,45.8
2003,Gia Lai,24.72,29.54,21.34,75.13,1310.86,San,260.1,24.3
2004,Gia Lai,24.67,29.63,21.07,73.4,1142.61,Khoai,14.2,2
2004,Gia Lai,24.67,29.63,21.07,73.4,1142.61,Lua dong xuan,100.7,19.5
2004,Gia Lai,24.67,29.63,21.07,73.4,1142.61,Lua mi,0,0
2004,Gia Lai,24.67,29.63,21.07,73.4,1142.61,Lua mua,121.3,44.2
2004,Gia Lai,24.67,29.63,21.07,73.4,1142.61,Ngo,155.5,52.4
2004,Gia Lai,24.67,29.63,21.07,73.4,1142.61,San,313,27.4
2005,Gia Lai,24.63,29.12,21.42,76.23,1566.45,Khoai,12.5,1.8
2005,Gia Lai,24.63,29.12,21.42,76.23,1566.45,Lua dong xuan,95.2,19.5
2005,Gia Lai,24.63,29.12,21.42,76.23,1566.45,Lua mi,0,0
2005,Gia Lai,24.63,29.12,21.42,76.23,1566.45,Lua mua,138.5,44.9
2005,Gia Lai,24.63,29.12,21.42,76.23,1566.45,Ngo,190.7,56
2005,Gia Lai,24.63,29.12,21.42,76.23,1566.45,San,383.4,31.9
2006,Gia Lai,24.77,29.35,21.47,76.09,1714.59,Khoai,9.2,1.5
2006,Gia Lai,24.77,29.35,21.47,76.09,1714.59,Lua dong xuan,117.5,20.9
2006,Gia Lai,24.77,29.35,21.47,76.09,1714.59,Lua mi,0,0
2006,Gia Lai,24.77,29.35,21.47,76.09,1714.59,Lua mua,163.7,47.8
2006,Gia Lai,24.77,29.35,21.47,76.09,1714.59,Ngo,196.4,54.3
2006,Gia Lai,24.77,29.35,21.47,76.09,1714.59,San,605.7,47.7
2007,Gia Lai,24.53,29.13,21.32,77.05,1984.91,Khoai,9.4,1.5
2007,Gia Lai,24.53,29.13,21.32,77.05,1984.91,Lua dong xuan,120.1,21.5
2007,Gia Lai,24.53,29.13,21.32,77.05,1984.91,Lua mi,0,1.42E-14
2007,Gia Lai,24.53,29.13,21.32,77.05,1984.91,Lua mua,159.1,46.1
2007,Gia Lai,24.53,29.13,21.32,77.05,1984.91,Ngo,204.3,57.6
2007,Gia Lai,24.53,29.13,21.32,77.05,1984.91,San,679.9,51.1
2008,Gia Lai,23.99,28.4,20.97,79.13,1607.41,Khoai,9.3,1.5
2008,Gia Lai,23.99,28.4,20.97,79.13,1607.41,Lua dong xuan,125.9,22.3
2008,Gia Lai,23.99,28.4,20.97,79.13,1607.41,Lua mi,0,-1.42E-14
2008,Gia Lai,23.99,28.4,20.97,79.13,1607.41,Lua mua,166.9,46.1
2008,Gia Lai,23.99,28.4,20.97,79.13,1607.41,Ngo,194.2,55.4
2008,Gia Lai,23.99,28.4,20.97,79.13,1607.41,San,821,60.8
2009,Gia Lai,24.28,28.72,21.17,79.24,2374.19,Khoai,11.4,1.6
2009,Gia Lai,24.28,28.72,21.17,79.24,2374.19,Lua dong xuan,128.7,23.1
2009,Gia Lai,24.28,28.72,21.17,79.24,2374.19,Lua mi,0,-1.42E-14
2009,Gia Lai,24.28,28.72,21.17,79.24,2374.19,Lua mua,159.5,46.8
2009,Gia Lai,24.28,28.72,21.17,79.24,2374.19,Ngo,208.4,57.2
2009,Gia Lai,24.28,28.72,21.17,79.24,2374.19,San,816.2,56.4
2010,Gia Lai,25.25,30.01,21.87,76.15,1688.36,Khoai,12.4,1.7
2010,Gia Lai,25.25,30.01,21.87,76.15,1688.36,Lua dong xuan,135,24
2010,Gia Lai,25.25,30.01,21.87,76.15,1688.36,Lua mi,0,-1.42E-14
2010,Gia Lai,25.25,30.01,21.87,76.15,1688.36,Lua mua,175.1,46.4
2010,Gia Lai,25.25,30.01,21.87,76.15,1688.36,Ngo,218.7,56.9
2010,Gia Lai,25.25,30.01,21.87,76.15,1688.36,San,833.3,52.7
2011,Gia Lai,24.11,28.39,21.13,78.11,1919.89,Khoai,10.1,1.4
2011,Gia Lai,24.11,28.39,21.13,78.11,1919.89,Lua dong xuan,112.6,24.4
2011,Gia Lai,24.11,28.39,21.13,78.11,1919.89,Lua mi,0,0
2011,Gia Lai,24.11,28.39,21.13,78.11,1919.89,Lua mua,180.7,46.1
2011,Gia Lai,24.11,28.39,21.13,78.11,1919.89,Ngo,207.7,50.7
2011,Gia Lai,24.11,28.39,21.13,78.11,1919.89,San,1016.7,63.4
2012,Gia Lai,24.88,29.31,21.79,78.21,1703.18,Khoai,11.1,1.5
2012,Gia Lai,24.88,29.31,21.79,78.21,1703.18,Lua dong xuan,146.2,25.4
2012,Gia Lai,24.88,29.31,21.79,78.21,1703.18,Lua mi,-1.14E-13,0
2012,Gia Lai,24.88,29.31,21.79,78.21,1703.18,Lua mua,186.4,48
2012,Gia Lai,24.88,29.31,21.79,78.21,1703.18,Ngo,208.3,53.3
2012,Gia Lai,24.88,29.31,21.79,78.21,1703.18,San,985,58.6
2013,Gia Lai,24.68,29.1,21.59,77.62,2111.9,Khoai,11.7,1.3
2013,Gia Lai,24.68,29.1,21.59,77.62,2111.9,Lua dong xuan,138.5,25.7
2013,Gia Lai,24.68,29.1,21.59,77.62,2111.9,Lua mi,0,0
2013,Gia Lai,24.68,29.1,21.59,77.62,2111.9,Lua mua,192,48.3
2013,Gia Lai,24.68,29.1,21.59,77.62,2111.9,Ngo,212.4,52.6
2013,Gia Lai,24.68,29.1,21.59,77.62,2111.9,San,960.2,55.2
2014,Gia Lai,24.64,29.13,21.39,77.09,1553.32,Khoai,16.8,1.9
2014,Gia Lai,24.64,29.13,21.39,77.09,1553.32,Lua dong xuan,152.2,26.3
2014,Gia Lai,24.64,29.13,21.39,77.09,1553.32,Lua mi,0,-1.42E-14
2014,Gia Lai,24.64,29.13,21.39,77.09,1553.32,Lua mua,197.9,48.9
2014,Gia Lai,24.64,29.13,21.39,77.09,1553.32,Ngo,216.6,52.6
2014,Gia Lai,24.64,29.13,21.39,77.09,1553.32,San,1114.2,61.6
2015,Gia Lai,25.15,29.88,21.69,75.96,1358.2,Khoai,14.8,1.7
2015,Gia Lai,25.15,29.88,21.69,75.96,1358.2,Lua dong xuan,133.4,26.3
2015,Gia Lai,25.15,29.88,21.69,75.96,1358.2,Lua mi,0.1,-1.42E-14
2015,Gia Lai,25.15,29.88,21.69,75.96,1358.2,Lua mua,199.7,48.9
2015,Gia Lai,25.15,29.88,21.69,75.96,1358.2,Ngo,219.3,51.6
2015,Gia Lai,25.15,29.88,21.69,75.96,1358.2,San,1180.9,63.7
2016,Gia Lai,25.49,30.02,22.26,76.78,1742.87,Khoai,16,1.9
2016,Gia Lai,25.49,30.02,22.26,76.78,1742.87,Lua dong xuan,111.1,23.4
2016,Gia Lai,25.49,30.02,22.26,76.78,1742.87,Lua mi,0.1,0
2016,Gia Lai,25.49,30.02,22.26,76.78,1742.87,Lua mua,207.8,49.4
2016,Gia Lai,25.49,30.02,22.26,76.78,1742.87,Ngo,217.9,52
2016,Gia Lai,25.49,30.02,22.26,76.78,1742.87,San,1207.1,64.8
2017,Gia Lai,25.11,29.55,21.95,78.29,1798.71,Khoai,22.7,2.6
2017,Gia Lai,25.11,29.55,21.95,78.29,1798.71,Lua dong xuan,140.9,25
2017,Gia Lai,25.11,29.55,21.95,78.29,1798.71,Lua mi,0,0
2017,Gia Lai,25.11,29.55,21.95,78.29,1798.71,Lua mua,214,49.6
2017,Gia Lai,25.11,29.55,21.95,78.29,1798.71,Ngo,211.5,47.4
2017,Gia Lai,25.11,29.55,21.95,78.29,1798.71,San,1249.9,65.8
2018,Gia Lai,25.27,30.01,21.91,75.79,1473.44,Khoai,23.2,2623
2018,Gia Lai,25.27,30.01,21.91,75.79,1473.44,Lua dong xuan,145.6,25.3
2018,Gia Lai,25.27,30.01,21.91,75.79,1473.44,Lua mi,0,0
2018,Gia Lai,25.27,30.01,21.91,75.79,1473.44,Lua mua,216.5,49.4
2018,Gia Lai,25.27,30.01,21.91,75.79,1473.44,Ngo,209.1,46.2
2018,Gia Lai,25.27,30.01,21.91,75.79,1473.44,San,1335.6,68.6
2019,Gia Lai,25.54,30.24,22.07,75.05,1443.11,Khoai,47.4,5232
2019,Gia Lai,25.54,30.24,22.07,75.05,1443.11,Lua dong xuan,153.1,25.6
2019,Gia Lai,25.54,30.24,22.07,75.05,1443.11,Lua mi,0,0.1
2019,Gia Lai,25.54,30.24,22.07,75.05,1443.11,Lua mua,220.1,48.4
2019,Gia Lai,25.54,30.24,22.07,75.05,1443.11,Ngo,220.2,46.7
2019,Gia Lai,25.54,30.24,22.07,75.05,1443.11,San,1488.3,73.9
2020,Gia Lai,25.21,29.93,21.81,76.49,1767.83,Khoai,44.7,4467
2020,Gia Lai,25.21,29.93,21.81,76.49,1767.83,Lua dong xuan,155.5,25.9
2020,Gia Lai,25.21,29.93,21.81,76.49,1767.83,Lua mi,0,0
2020,Gia Lai,25.21,29.93,21.81,76.49,1767.83,Lua mua,229.5,49.8
2020,Gia Lai,25.21,29.93,21.81,76.49,1767.83,Ngo,211.8,44.5
2020,Gia Lai,25.21,29.93,21.81,76.49,1767.83,San,1592.8,78.9
2021,Gia Lai,24.61,29.03,21.4,77.08,1774.52,Khoai,45,4490
2021,Gia Lai,24.61,29.03,21.4,77.08,1774.52,Lua dong xuan,159.1,26
2021,Gia Lai,24.61,29.03,21.4,77.08,1774.52,Lua mi,0,1.42E-14
2021,Gia Lai,24.61,29.03,21.4,77.08,1774.52,Lua mua,225.6,49.1
2021,Gia Lai,24.61,29.03,21.4,77.08,1774.52,Ngo,203.7,38.1
2021,Gia Lai,24.61,29.03,21.4,77.08,1774.52,San,1588.2,78.8
2022,Gia Lai,24.66,29.05,21.51,77.71,1878.38,Khoai,70.1,5200.8
2022,Gia Lai,24.66,29.05,21.51,77.71,1878.38,Lua dong xuan,165,26.7
2022,Gia Lai,24.66,29.05,21.51,77.71,1878.38,Lua mi,0,0
2022,Gia Lai,24.66,29.05,21.51,77.71,1878.38,Lua mua,237.2,49.2
2022,Gia Lai,24.66,29.05,21.51,77.71,1878.38,Ngo,205.1,37.3
2022,Gia Lai,24.66,29.05,21.51,77.71,1878.38,San,1596.4,80.2
2023,Gia Lai,24.89,29.29,21.81,78.32,1627.84,Khoai,79.1,5310.7
2023,Gia Lai,24.89,29.29,21.81,78.32,1627.84,Lua dong xuan,162.3,26.8
2023,Gia Lai,24.89,29.29,21.81,78.32,1627.84,Lua mi,0,0
2023,Gia Lai,24.89,29.29,21.81,78.32,1627.84,Lua mua,239.8,49.7
2023,Gia Lai,24.89,29.29,21.81,78.32,1627.84,Ngo,224.4,38.2
2023,Gia Lai,24.89,29.29,21.81,78.32,1627.84,San,1611.1,80.2
2024,Gia Lai,25.39,29.94,22.09,75.91,1663.42,Khoai,133.3,7705.3
2024,Gia Lai,25.39,29.94,22.09,75.91,1663.42,Lua dong xuan,155.2,25.5
2024,Gia Lai,25.39,29.94,22.09,75.91,1663.42,Lua mi,-0.1,0
2024,Gia Lai,25.39,29.94,22.09,75.91,1663.42,Lua mua,242.9,49.4
2024,Gia Lai,25.39,29.94,22.09,75.91,1663.42,Ngo,213.3,37.6
2024,Gia Lai,25.39,29.94,22.09,75.91,1663.42,San,1557.3,77.2
1995,Ha Giang,20.1,23.44,17.16,83.35,2448.3,Khoai,1.5,0.7
1995,Ha Giang,20.1,23.44,17.16,83.35,2448.3,Lua dong xuan,16,5.8
1995,Ha Giang,20.1,23.44,17.16,83.35,2448.3,Lua mi,-1.42E-14,0
1995,Ha Giang,20.1,23.44,17.16,83.35,2448.3,Lua mua,65.9,23.5
1995,Ha Giang,20.1,23.44,17.16,83.35,2448.3,Ngo,45.4,37.8
1995,Ha Giang,20.1,23.44,17.16,83.35,2448.3,San,26.5,5.1
1996,Ha Giang,19.98,23.56,16.81,82.43,2229.95,Khoai,2.5,1.2
1996,Ha Giang,19.98,23.56,16.81,82.43,2229.95,Lua dong xuan,17.6,6
1996,Ha Giang,19.98,23.56,16.81,82.43,2229.95,Lua mi,0,0
1996,Ha Giang,19.98,23.56,16.81,82.43,2229.95,Lua mua,71.4,23.9
1996,Ha Giang,19.98,23.56,16.81,82.43,2229.95,Ngo,53.7,38
1996,Ha Giang,19.98,23.56,16.81,82.43,2229.95,San,23,4.5
1997,Ha Giang,20.52,23.94,17.66,83.91,2474.31,Khoai,3.7,1.4
1997,Ha Giang,20.52,23.94,17.66,83.91,2474.31,Lua dong xuan,21.1,6.4
1997,Ha Giang,20.52,23.94,17.66,83.91,2474.31,Lua mi,0,0
1997,Ha Giang,20.52,23.94,17.66,83.91,2474.31,Lua mua,74.5,23.1
1997,Ha Giang,20.52,23.94,17.66,83.91,2474.31,Ngo,55.4,39.2
1997,Ha Giang,20.52,23.94,17.66,83.91,2474.31,San,27.3,4.2
1998,Ha Giang,21.12,25.04,17.7,81.77,1955.02,Khoai,3.5,1.4
1998,Ha Giang,21.12,25.04,17.7,81.77,1955.02,Lua dong xuan,22.4,6.6
1998,Ha Giang,21.12,25.04,17.7,81.77,1955.02,Lua mi,0,0
1998,Ha Giang,21.12,25.04,17.7,81.77,1955.02,Lua mua,77.5,23.1
1998,Ha Giang,21.12,25.04,17.7,81.77,1955.02,Ngo,62.1,40.4
1998,Ha Giang,21.12,25.04,17.7,81.77,1955.02,San,24.4,3.7
1999,Ha Giang,20.54,24.13,17.45,83.1,2226.6,Khoai,3.7,1.4
1999,Ha Giang,20.54,24.13,17.45,83.1,2226.6,Lua dong xuan,25.6,6.7
1999,Ha Giang,20.54,24.13,17.45,83.1,2226.6,Lua mi,0,0
1999,Ha Giang,20.54,24.13,17.45,83.1,2226.6,Lua mua,84.2,23
1999,Ha Giang,20.54,24.13,17.45,83.1,2226.6,Ngo,63.7,40.6
1999,Ha Giang,20.54,24.13,17.45,83.1,2226.6,San,24,3.6
2000,Ha Giang,20.45,23.96,17.37,82.65,2006.75,Khoai,4.2,1.2
2000,Ha Giang,20.45,23.96,17.37,82.65,2006.75,Lua dong xuan,31.5,7.5
2000,Ha Giang,20.45,23.96,17.37,82.65,2006.75,Lua mi,0.2,0.4
2000,Ha Giang,20.45,23.96,17.37,82.65,2006.75,Lua mua,89.9,23.7
2000,Ha Giang,20.45,23.96,17.37,82.65,2006.75,Ngo,71.7,41.8
2000,Ha Giang,20.45,23.96,17.37,82.65,2006.75,San,21.2,3.2
2001,Ha Giang,20.63,24.11,17.54,82.54,2105.74,Khoai,4.6,1.4
2001,Ha Giang,20.63,24.11,17.54,82.54,2105.74,Lua dong xuan,35.2,8
2001,Ha Giang,20.63,24.11,17.54,82.54,2105.74,Lua mi,0.2,0.3
2001,Ha Giang,20.63,24.11,17.54,82.54,2105.74,Lua mua,95.6,24
2001,Ha Giang,20.63,24.11,17.54,82.54,2105.74,Ngo,79.2,43.2
2001,Ha Giang,20.63,24.11,17.54,82.54,2105.74,San,24.7,3.2
2002,Ha Giang,20.92,24.59,17.72,82.47,2320.84,Khoai,5.1,1.3
2002,Ha Giang,20.92,24.59,17.72,82.47,2320.84,Lua dong xuan,38.7,8.8
2002,Ha Giang,20.92,24.59,17.72,82.47,2320.84,Lua mi,0.1,0.3
2002,Ha Giang,20.92,24.59,17.72,82.47,2320.84,Lua mua,98.4,24.3
2002,Ha Giang,20.92,24.59,17.72,82.47,2320.84,Ngo,85.6,43.8
2002,Ha Giang,20.92,24.59,17.72,82.47,2320.84,San,21.1,2.8
2003,Ha Giang,21.03,24.74,17.74,82.63,2172.44,Khoai,5.3,1.3
2003,Ha Giang,21.03,24.74,17.74,82.63,2172.44,Lua dong xuan,39.8,9.1
2003,Ha Giang,21.03,24.74,17.74,82.63,2172.44,Lua mi,0.1,0.3
2003,Ha Giang,21.03,24.74,17.74,82.63,2172.44,Lua mua,106.2,25.2
2003,Ha Giang,21.03,24.74,17.74,82.63,2172.44,Ngo,88,45.1
2003,Ha Giang,21.03,24.74,17.74,82.63,2172.44,San,19.9,2.6
2004,Ha Giang,20.3,24.05,16.94,81.7,1809.9,Khoai,5.9,1.3
2004,Ha Giang,20.3,24.05,16.94,81.7,1809.9,Lua dong xuan,41.1,9.4
2004,Ha Giang,20.3,24.05,16.94,81.7,1809.9,Lua mi,0.1,0.4
2004,Ha Giang,20.3,24.05,16.94,81.7,1809.9,Lua mua,108.9,25.6
2004,Ha Giang,20.3,24.05,16.94,81.7,1809.9,Ngo,89.5,43.7
2004,Ha Giang,20.3,24.05,16.94,81.7,1809.9,San,19.2,2.5
2005,Ha Giang,20.45,24.09,17.33,82.38,2035.92,Khoai,6.1,1.3
2005,Ha Giang,20.45,24.09,17.33,82.38,2035.92,Lua dong xuan,43.1,9.6
2005,Ha Giang,20.45,24.09,17.33,82.38,2035.92,Lua mi,0.1,0.3
2005,Ha Giang,20.45,24.09,17.33,82.38,2035.92,Lua mua,111.7,25.7
2005,Ha Giang,20.45,24.09,17.33,82.38,2035.92,Ngo,92.6,44
2005,Ha Giang,20.45,24.09,17.33,82.38,2035.92,San,19.8,2.6
2006,Ha Giang,20.8,24.56,17.6,81.91,2224.22,Khoai,6,1.2
2006,Ha Giang,20.8,24.56,17.6,81.91,2224.22,Lua dong xuan,42.5,9.6
2006,Ha Giang,20.8,24.56,17.6,81.91,2224.22,Lua mi,0.1,0.3
2006,Ha Giang,20.8,24.56,17.6,81.91,2224.22,Lua mua,115.7,26
2006,Ha Giang,20.8,24.56,17.6,81.91,2224.22,Ngo,90.7,43.3
2006,Ha Giang,20.8,24.56,17.6,81.91,2224.22,San,19.4,2.5
2007,Ha Giang,20.63,24.43,17.27,81.25,2209.19,Khoai,6,1.3
2007,Ha Giang,20.63,24.43,17.27,81.25,2209.19,Lua dong xuan,43.5,9.7
2007,Ha Giang,20.63,24.43,17.27,81.25,2209.19,Lua mi,0.1,-0.4
2007,Ha Giang,20.63,24.43,17.27,81.25,2209.19,Lua mua,118.2,26.2
2007,Ha Giang,20.63,24.43,17.27,81.25,2209.19,Ngo,90.7,43.3
2007,Ha Giang,20.63,24.43,17.27,81.25,2209.19,San,19.4,2.4
2008,Ha Giang,20.11,23.73,16.97,81.53,2442.52,Khoai,8,1.5
2008,Ha Giang,20.11,23.73,16.97,81.53,2442.52,Lua dong xuan,44.3,9.5
2008,Ha Giang,20.11,23.73,16.97,81.53,2442.52,Lua mi,0.2,-0.1
2008,Ha Giang,20.11,23.73,16.97,81.53,2442.52,Lua mua,123,27.1
2008,Ha Giang,20.11,23.73,16.97,81.53,2442.52,Ngo,111.7,46.4
2008,Ha Giang,20.11,23.73,16.97,81.53,2442.52,San,31.1,3.8
2009,Ha Giang,20.98,24.76,17.7,80.21,1850.41,Khoai,8.6,1.6
2009,Ha Giang,20.98,24.76,17.7,80.21,1850.41,Lua dong xuan,48.4,9.9
2009,Ha Giang,20.98,24.76,17.7,80.21,1850.41,Lua mi,0.2,0.3
2009,Ha Giang,20.98,24.76,17.7,80.21,1850.41,Lua mua,136.9,27.1
2009,Ha Giang,20.98,24.76,17.7,80.21,1850.41,Ngo,122.5,46.8
2009,Ha Giang,20.98,24.76,17.7,80.21,1850.41,San,32.9,4
2010,Ha Giang,21.21,25.1,17.86,79.73,2217.53,Khoai,6.8,1.4
2010,Ha Giang,21.21,25.1,17.86,79.73,2217.53,Lua dong xuan,48.7,9.3
2010,Ha Giang,21.21,25.1,17.86,79.73,2217.53,Lua mi,0.2,0.3
2010,Ha Giang,21.21,25.1,17.86,79.73,2217.53,Lua mua,145.5,27.2
2010,Ha Giang,21.21,25.1,17.86,79.73,2217.53,Ngo,136.3,47.6
2010,Ha Giang,21.21,25.1,17.86,79.73,2217.53,San,34.2,4.2
2011,Ha Giang,19.68,23.02,16.8,83.02,1694.73,Khoai,7.7,1.6
2011,Ha Giang,19.68,23.02,16.8,83.02,1694.73,Lua dong xuan,54.2,10
2011,Ha Giang,19.68,23.02,16.8,83.02,1694.73,Lua mi,0.2,0.3
2011,Ha Giang,19.68,23.02,16.8,83.02,1694.73,Lua mua,147.6,27.3
2011,Ha Giang,19.68,23.02,16.8,83.02,1694.73,Ngo,155.3,49.9
2011,Ha Giang,19.68,23.02,16.8,83.02,1694.73,San,4.7,0.7
2012,Ha Giang,20.69,24.16,17.81,83.69,2307.69,Khoai,7.7,1.6
2012,Ha Giang,20.69,24.16,17.81,83.69,2307.69,Lua dong xuan,52.4,9.9
2012,Ha Giang,20.69,24.16,17.81,83.69,2307.69,Lua mi,0.1,0.3
2012,Ha Giang,20.69,24.16,17.81,83.69,2307.69,Lua mua,150.5,27.5
2012,Ha Giang,20.69,24.16,17.81,83.69,2307.69,Ngo,168.7,52.5
2012,Ha Giang,20.69,24.16,17.81,83.69,2307.69,San,41.5,5.1
2013,Ha Giang,20.69,24.43,17.53,82.38,2269.53,Khoai,6.9,1.5
2013,Ha Giang,20.69,24.43,17.53,82.38,2269.53,Lua dong xuan,54.2,9.7
2013,Ha Giang,20.69,24.43,17.53,82.38,2269.53,Lua mi,0.1,0.3
2013,Ha Giang,20.69,24.43,17.53,82.38,2269.53,Lua mua,152.7,27.7
2013,Ha Giang,20.69,24.43,17.53,82.38,2269.53,Ngo,176.9,52.6
2013,Ha Giang,20.69,24.43,17.53,82.38,2269.53,San,40.3,5
2014,Ha Giang,20.79,24.43,17.69,83.04,2283.66,Khoai,7.9,1.7
2014,Ha Giang,20.79,24.43,17.69,83.04,2283.66,Lua dong xuan,53.1,9.5
2014,Ha Giang,20.79,24.43,17.69,83.04,2283.66,Lua mi,0.1,0.3
2014,Ha Giang,20.79,24.43,17.69,83.04,2283.66,Lua mua,154.8,27.9
2014,Ha Giang,20.79,24.43,17.69,83.04,2283.66,Ngo,178.4,54.2
2014,Ha Giang,20.79,24.43,17.69,83.04,2283.66,San,39.5,5
2015,Ha Giang,21.45,25.07,18.43,82.72,2347.09,Khoai,10.4,2.1
2015,Ha Giang,21.45,25.07,18.43,82.72,2347.09,Lua dong xuan,53.5,9.6
2015,Ha Giang,21.45,25.07,18.43,82.72,2347.09,Lua mi,0.2,0.2
2015,Ha Giang,21.45,25.07,18.43,82.72,2347.09,Lua mua,150,27.2
2015,Ha Giang,21.45,25.07,18.43,82.72,2347.09,Ngo,186.5,54.8
2015,Ha Giang,21.45,25.07,18.43,82.72,2347.09,San,36.3,4.6
2016,Ha Giang,21.27,25.1,17.98,80.88,1954.68,Khoai,9.1,1.9
2016,Ha Giang,21.27,25.1,17.98,80.88,1954.68,Lua dong xuan,52.6,9.3
2016,Ha Giang,21.27,25.1,17.98,80.88,1954.68,Lua mi,0,0
2016,Ha Giang,21.27,25.1,17.98,80.88,1954.68,Lua mua,157.9,28.2
2016,Ha Giang,21.27,25.1,17.98,80.88,1954.68,Ngo,185.2,53.5
2016,Ha Giang,21.27,25.1,17.98,80.88,1954.68,San,39.8,5
2017,Ha Giang,20.92,24.33,18.09,83.44,2385.11,Khoai,10.2,2
2017,Ha Giang,20.92,24.33,18.09,83.44,2385.11,Lua dong xuan,52.6,9.2
2017,Ha Giang,20.92,24.33,18.09,83.44,2385.11,Lua mi,0.4,0.9
2017,Ha Giang,20.92,24.33,18.09,83.44,2385.11,Lua mua,158.8,28.3
2017,Ha Giang,20.92,24.33,18.09,83.44,2385.11,Ngo,186.1,53.7
2017,Ha Giang,20.92,24.33,18.09,83.44,2385.11,San,41.2,5
2018,Ha Giang,20.99,24.55,18.05,83.62,2390.8,Khoai,9.4,1903
2018,Ha Giang,20.99,24.55,18.05,83.62,2390.8,Lua dong xuan,52.8,9.2
2018,Ha Giang,20.99,24.55,18.05,83.62,2390.8,Lua mi,0.3,0.7
2018,Ha Giang,20.99,24.55,18.05,83.62,2390.8,Lua mua,160,28.3
2018,Ha Giang,20.99,24.55,18.05,83.62,2390.8,Ngo,192.1,53.9
2018,Ha Giang,20.99,24.55,18.05,83.62,2390.8,San,47.6,5.1
2019,Ha Giang,21.45,25.22,18.29,83.9,2202.04,Khoai,8.4,1777
2019,Ha Giang,21.45,25.22,18.29,83.9,2202.04,Lua dong xuan,53.3,9.3
2019,Ha Giang,21.45,25.22,18.29,83.9,2202.04,Lua mi,0.3,0.6
2019,Ha Giang,21.45,25.22,18.29,83.9,2202.04,Lua mua,160.2,28.2
2019,Ha Giang,21.45,25.22,18.29,83.9,2202.04,Ngo,192,54.2
2019,Ha Giang,21.45,25.22,18.29,83.9,2202.04,San,45.6,5.1
2020,Ha Giang,20.88,24.45,17.95,83.85,2465.25,Khoai,8.4,1933
2020,Ha Giang,20.88,24.45,17.95,83.85,2465.25,Lua dong xuan,53.2,9.2
2020,Ha Giang,20.88,24.45,17.95,83.85,2465.25,Lua mi,0.5,0.6
2020,Ha Giang,20.88,24.45,17.95,83.85,2465.25,Lua mua,162.3,28.3
2020,Ha Giang,20.88,24.45,17.95,83.85,2465.25,Ngo,198.6,54.7
2020,Ha Giang,20.88,24.45,17.95,83.85,2465.25,San,44.7,5
2021,Ha Giang,21.05,24.67,18.04,82.6,2147.14,Khoai,10.2,1868
2021,Ha Giang,21.05,24.67,18.04,82.6,2147.14,Lua dong xuan,53.7,9.2
2021,Ha Giang,21.05,24.67,18.04,82.6,2147.14,Lua mi,0.3,0.6
2021,Ha Giang,21.05,24.67,18.04,82.6,2147.14,Lua mua,163.8,28.4
2021,Ha Giang,21.05,24.67,18.04,82.6,2147.14,Ngo,199.9,54.4
2021,Ha Giang,21.05,24.67,18.04,82.6,2147.14,San,45.9,4.9
2022,Ha Giang,20.72,24.28,17.69,82.78,2267.53,Khoai,11.5,1708.9
2022,Ha Giang,20.72,24.28,17.69,82.78,2267.53,Lua dong xuan,54,9.3
2022,Ha Giang,20.72,24.28,17.69,82.78,2267.53,Lua mi,0.3,0.5
2022,Ha Giang,20.72,24.28,17.69,82.78,2267.53,Lua mua,162.5,28.4
2022,Ha Giang,20.72,24.28,17.69,82.78,2267.53,Ngo,202.5,54.7
2022,Ha Giang,20.72,24.28,17.69,82.78,2267.53,San,47.5,4.9
2023,Ha Giang,21.43,25.12,18.17,81.87,2082.62,Khoai,11.2,1685.3
2023,Ha Giang,21.43,25.12,18.17,81.87,2082.62,Lua dong xuan,54.4,9.4
2023,Ha Giang,21.43,25.12,18.17,81.87,2082.62,Lua mi,0.1,0
2023,Ha Giang,21.43,25.12,18.17,81.87,2082.62,Lua mua,163.4,28.2
2023,Ha Giang,21.43,25.12,18.17,81.87,2082.62,Ngo,193.9,55.1
2023,Ha Giang,21.43,25.12,18.17,81.87,2082.62,San,46.4,4.9
2024,Ha Giang,21.59,25.16,18.6,83.19,2576.02,Khoai,11.4,1707.3
2024,Ha Giang,21.59,25.16,18.6,83.19,2576.02,Lua dong xuan,53.9,9.3
2024,Ha Giang,21.59,25.16,18.6,83.19,2576.02,Lua mi,0,-1.42E-14
2024,Ha Giang,21.59,25.16,18.6,83.19,2576.02,Lua mua,160.2,28.3
2024,Ha Giang,21.59,25.16,18.6,83.19,2576.02,Ngo,198.6,54.7
2024,Ha Giang,21.59,25.16,18.6,83.19,2576.02,San,53.6,5.3
1995,Ha Nam,23.68,26.96,21.07,80.55,1672.61,Khoai,29.2,4.2
1995,Ha Nam,23.68,26.96,21.07,80.55,1672.61,Lua dong xuan,164.2,36.2
1995,Ha Nam,23.68,26.96,21.07,80.55,1672.61,Lua mi,0,0
1995,Ha Nam,23.68,26.96,21.07,80.55,1672.61,Lua mua,135.3,36.7
1995,Ha Nam,23.68,26.96,21.07,80.55,1672.61,Ngo,13.5,5.8
1996,Ha Nam,23.6,27.12,20.77,80.06,2131.33,Khoai,32.7,4.5
1996,Ha Nam,23.6,27.12,20.77,80.06,2131.33,Lua dong xuan,194.7,36.4
1996,Ha Nam,23.6,27.12,20.77,80.06,2131.33,Lua mi,0,0
1996,Ha Nam,23.6,27.12,20.77,80.06,2131.33,Lua mua,112.6,36.3
1996,Ha Nam,23.6,27.12,20.77,80.06,2131.33,Ngo,15.5,6.1
1997,Ha Nam,24.24,27.52,21.65,81.39,1867.06,Khoai,25.7,3.8
1997,Ha Nam,24.24,27.52,21.65,81.39,1867.06,Lua dong xuan,200.2,36.6
1997,Ha Nam,24.24,27.52,21.65,81.39,1867.06,Lua mi,0,0
1997,Ha Nam,24.24,27.52,21.65,81.39,1867.06,Lua mua,143.1,37
1997,Ha Nam,24.24,27.52,21.65,81.39,1867.06,Ngo,15.8,6
1998,Ha Nam,24.96,28.52,22.13,78.67,1386.56,Khoai,26.9,3.5
1998,Ha Nam,24.96,28.52,22.13,78.67,1386.56,Lua dong xuan,192.6,36.8
1998,Ha Nam,24.96,28.52,22.13,78.67,1386.56,Lua mi,0,0
1998,Ha Nam,24.96,28.52,22.13,78.67,1386.56,Lua mua,166.8,37.5
1998,Ha Nam,24.96,28.52,22.13,78.67,1386.56,Ngo,23.6,7.9
1999,Ha Nam,24.09,27.54,21.39,80.29,1649.16,Khoai,30.7,3.8
1999,Ha Nam,24.09,27.54,21.39,80.29,1649.16,Lua dong xuan,194,37.2
1999,Ha Nam,24.09,27.54,21.39,80.29,1649.16,Lua mi,5.68E-14,0
1999,Ha Nam,24.09,27.54,21.39,80.29,1649.16,Lua mua,189.4,37.9
1999,Ha Nam,24.09,27.54,21.39,80.29,1649.16,Ngo,25.2,8
2000,Ha Nam,23.93,27.3,21.21,81.25,1620.07,Khoai,23.1,3.4
2000,Ha Nam,23.93,27.3,21.21,81.25,1620.07,Lua dong xuan,200.6,37.3
2000,Ha Nam,23.93,27.3,21.21,81.25,1620.07,Lua mi,-5.68E-14,-1.42E-14
2000,Ha Nam,23.93,27.3,21.21,81.25,1620.07,Lua mua,185,38.1
2000,Ha Nam,23.93,27.3,21.21,81.25,1620.07,Ngo,23.3,7.9
2001,Ha Nam,23.89,27.16,21.21,82.84,1911.44,Khoai,22.8,2.8
2001,Ha Nam,23.89,27.16,21.21,82.84,1911.44,Lua dong xuan,206.4,37.5
2001,Ha Nam,23.89,27.16,21.21,82.84,1911.44,Lua mi,0,1.42E-14
2001,Ha Nam,23.89,27.16,21.21,82.84,1911.44,Lua mua,189.6,38.1
2001,Ha Nam,23.89,27.16,21.21,82.84,1911.44,Ngo,19.5,6.1
2002,Ha Nam,24.23,27.62,21.59,82.73,1638.31,Khoai,22.6,2.6
2002,Ha Nam,24.23,27.62,21.59,82.73,1638.31,Lua dong xuan,208.6,37.2
2002,Ha Nam,24.23,27.62,21.59,82.73,1638.31,Lua mi,0,0
2002,Ha Nam,24.23,27.62,21.59,82.73,1638.31,Lua mua,196.2,37.9
2002,Ha Nam,24.23,27.62,21.59,82.73,1638.31,Ngo,19.8,5.9
2003,Ha Nam,24.83,28.56,21.76,79.3,1338.25,Khoai,20.4,2.4
2003,Ha Nam,24.83,28.56,21.76,79.3,1338.25,Lua dong xuan,210.1,37.1
2003,Ha Nam,24.83,28.56,21.76,79.3,1338.25,Lua mi,-5.68E-14,0
2003,Ha Nam,24.83,28.56,21.76,79.3,1338.25,Lua mua,178,37.6
2003,Ha Nam,24.83,28.56,21.76,79.3,1338.25,Ngo,21.1,6
2004,Ha Nam,23.87,27.51,20.9,80.06,1371.71,Khoai,20,2.1
2004,Ha Nam,23.87,27.51,20.9,80.06,1371.71,Lua dong xuan,214.2,36.9
2004,Ha Nam,23.87,27.51,20.9,80.06,1371.71,Lua mi,5.68E-14,1.42E-14
2004,Ha Nam,23.87,27.51,20.9,80.06,1371.71,Lua mua,185.2,36.9
2004,Ha Nam,23.87,27.51,20.9,80.06,1371.71,Ngo,22.7,5.6
2005,Ha Nam,24.01,27.37,21.32,80.12,1715.47,Khoai,19.9,1.7
2005,Ha Nam,24.01,27.37,21.32,80.12,1715.47,Lua dong xuan,216,35.9
2005,Ha Nam,24.01,27.37,21.32,80.12,1715.47,Lua mi,0,0
2005,Ha Nam,24.01,27.37,21.32,80.12,1715.47,Lua mua,158.8,36.4
2005,Ha Nam,24.01,27.37,21.32,80.12,1715.47,Ngo,26.9,6.4
2006,Ha Nam,24.4,27.98,21.56,79.71,1365.07,Khoai,15.4,1.4
2006,Ha Nam,24.4,27.98,21.56,79.71,1365.07,Lua dong xuan,216.6,35.3
2006,Ha Nam,24.4,27.98,21.56,79.71,1365.07,Lua mi,0,1.42E-14
2006,Ha Nam,24.4,27.98,21.56,79.71,1365.07,Lua mua,188.2,36
2006,Ha Nam,24.4,27.98,21.56,79.71,1365.07,Ngo,30.3,6.6
2007,Ha Nam,24.2,27.81,21.27,79.65,1581.1,Khoai,13.3,1.2
2007,Ha Nam,24.2,27.81,21.27,79.65,1581.1,Lua dong xuan,208.2,34.8
2007,Ha Nam,24.2,27.81,21.27,79.65,1581.1,Lua mi,0,1
2007,Ha Nam,24.2,27.81,21.27,79.65,1581.1,Lua mua,198.9,35.9
2007,Ha Nam,24.2,27.81,21.27,79.65,1581.1,Ngo,36.4,7.7
2008,Ha Nam,23.43,26.92,20.65,79.86,1792.47,Khoai,9.2,0.8
2008,Ha Nam,23.43,26.92,20.65,79.86,1792.47,Lua dong xuan,214.2,33.8
2008,Ha Nam,23.43,26.92,20.65,79.86,1792.47,Lua mi,0,-0.7
2008,Ha Nam,23.43,26.92,20.65,79.86,1792.47,Lua mua,202.1,35.9
2008,Ha Nam,23.43,26.92,20.65,79.86,1792.47,Ngo,40.5,8.4
2009,Ha Nam,24.5,28.15,21.61,79.47,1734.4,Khoai,5.1,0.5
2009,Ha Nam,24.5,28.15,21.61,79.47,1734.4,Lua dong xuan,218.9,34.7
2009,Ha Nam,24.5,28.15,21.61,79.47,1734.4,Lua mi,0,0
2009,Ha Nam,24.5,28.15,21.61,79.47,1734.4,Lua mua,200.2,35.7
2009,Ha Nam,24.5,28.15,21.61,79.47,1734.4,Ngo,28.9,6.1
2010,Ha Nam,24.68,28.2,21.79,79.13,2119.4,Khoai,6.1,0.5
2010,Ha Nam,24.68,28.2,21.79,79.13,2119.4,Lua dong xuan,221.6,34.8
2010,Ha Nam,24.68,28.2,21.79,79.13,2119.4,Lua mi,0,0
2010,Ha Nam,24.68,28.2,21.79,79.13,2119.4,Lua mua,195.8,35.5
2010,Ha Nam,24.68,28.2,21.79,79.13,2119.4,Ngo,41.8,8.5
2011,Ha Nam,23.04,26.25,20.39,79.74,1781.31,Khoai,8.1,0.7
2011,Ha Nam,23.04,26.25,20.39,79.74,1781.31,Lua dong xuan,229.7,34.5
2011,Ha Nam,23.04,26.25,20.39,79.74,1781.31,Lua mi,-5.68E-14,0
2011,Ha Nam,23.04,26.25,20.39,79.74,1781.31,Lua mua,194.9,35.3
2011,Ha Nam,23.04,26.25,20.39,79.74,1781.31,Ngo,44.3,8.8
2012,Ha Nam,24.12,27.33,21.51,82.2,1965.7,Khoai,9.7,0.8
2012,Ha Nam,24.12,27.33,21.51,82.2,1965.7,Lua dong xuan,226.1,34.2
2012,Ha Nam,24.12,27.33,21.51,82.2,1965.7,Lua mi,0,0
2012,Ha Nam,24.12,27.33,21.51,82.2,1965.7,Lua mua,198.4,34.8
2012,Ha Nam,24.12,27.33,21.51,82.2,1965.7,Ngo,44.5,8.6
2013,Ha Nam,24,27.38,21.32,81.28,2190.45,Khoai,9.7,0.8
2013,Ha Nam,24,27.38,21.32,81.28,2190.45,Lua dong xuan,224.6,33.8
2013,Ha Nam,24,27.38,21.32,81.28,2190.45,Lua mi,0,-1.42E-14
2013,Ha Nam,24,27.38,21.32,81.28,2190.45,Lua mua,170.5,34.4
2013,Ha Nam,24,27.38,21.32,81.28,2190.45,Ngo,42.4,8.4
2014,Ha Nam,24.25,27.66,21.51,81.29,1679.99,Khoai,8.2,0.7
2014,Ha Nam,24.25,27.66,21.51,81.29,1679.99,Lua dong xuan,219.9,33.4
2014,Ha Nam,24.25,27.66,21.51,81.29,1679.99,Lua mi,0,-1.42E-14
2014,Ha Nam,24.25,27.66,21.51,81.29,1679.99,Lua mua,181.7,34
2014,Ha Nam,24.25,27.66,21.51,81.29,1679.99,Ngo,43.5,8.7
2015,Ha Nam,25.15,28.63,22.38,80.21,1932.88,Khoai,7.6,0.6
2015,Ha Nam,25.15,28.63,22.38,80.21,1932.88,Lua dong xuan,220,33.1
2015,Ha Nam,25.15,28.63,22.38,80.21,1932.88,Lua mi,-5.68E-14,0.1
2015,Ha Nam,25.15,28.63,22.38,80.21,1932.88,Lua mua,185.6,33.7
2015,Ha Nam,25.15,28.63,22.38,80.21,1932.88,Ngo,47.1,8.7
2016,Ha Nam,24.7,28.14,21.93,79.73,1648.08,Khoai,6.5,0.6
2016,Ha Nam,24.7,28.14,21.93,79.73,1648.08,Lua dong xuan,215.6,32.4
2016,Ha Nam,24.7,28.14,21.93,79.73,1648.08,Lua mi,0.1,-0.1
2016,Ha Nam,24.7,28.14,21.93,79.73,1648.08,Lua mua,179.9,33.2
2016,Ha Nam,24.7,28.14,21.93,79.73,1648.08,Ngo,44.4,8.4
2017,Ha Nam,24.54,27.72,22,80.73,2026.66,Khoai,6.1,0.5
2017,Ha Nam,24.54,27.72,22,80.73,2026.66,Lua dong xuan,213.6,32
2017,Ha Nam,24.54,27.72,22,80.73,2026.66,Lua mi,0,0
2017,Ha Nam,24.54,27.72,22,80.73,2026.66,Lua mua,152.8,32.5
2017,Ha Nam,24.54,27.72,22,80.73,2026.66,Ngo,45.3,8.3
2018,Ha Nam,24.57,27.9,21.96,80.98,2084.41,Khoai,5.2,458
2018,Ha Nam,24.57,27.9,21.96,80.98,2084.41,Lua dong xuan,210,31.3
2018,Ha Nam,24.57,27.9,21.96,80.98,2084.41,Lua mi,0,0
2018,Ha Nam,24.57,27.9,21.96,80.98,2084.41,Lua mua,176.3,31.9
2018,Ha Nam,24.57,27.9,21.96,80.98,2084.41,Ngo,36.9,7
2019,Ha Nam,25.36,28.81,22.62,81.13,1615.34,Khoai,5.5,458
2019,Ha Nam,25.36,28.81,22.62,81.13,1615.34,Lua dong xuan,206.8,31.1
2019,Ha Nam,25.36,28.81,22.62,81.13,1615.34,Lua mi,0,0
2019,Ha Nam,25.36,28.81,22.62,81.13,1615.34,Lua mua,177.8,31
2019,Ha Nam,25.36,28.81,22.62,81.13,1615.34,Ngo,36.4,6.6
2020,Ha Nam,24.96,28.16,22.34,79.46,1937.57,Khoai,5.3,437
2020,Ha Nam,24.96,28.16,22.34,79.46,1937.57,Lua dong xuan,201.1,30.2
2020,Ha Nam,24.96,28.16,22.34,79.46,1937.57,Lua mi,5.68E-14,0
2020,Ha Nam,24.96,28.16,22.34,79.46,1937.57,Lua mua,175.1,30.3
2020,Ha Nam,24.96,28.16,22.34,79.46,1937.57,Ngo,30.9,5.5
2021,Ha Nam,24.91,28.35,22.16,78.61,1643.62,Khoai,5.1,414
2021,Ha Nam,24.91,28.35,22.16,78.61,1643.62,Lua dong xuan,198.1,29.6
2021,Ha Nam,24.91,28.35,22.16,78.61,1643.62,Lua mi,0,0
2021,Ha Nam,24.91,28.35,22.16,78.61,1643.62,Lua mua,172.9,29.9
2021,Ha Nam,24.91,28.35,22.16,78.61,1643.62,Ngo,30.4,5.4
2022,Ha Nam,24.34,27.7,21.57,80.16,1961.09,Khoai,4.8,386.2
2022,Ha Nam,24.34,27.7,21.57,80.16,1961.09,Lua dong xuan,194.6,29.2
2022,Ha Nam,24.34,27.7,21.57,80.16,1961.09,Lua mi,-5.68E-14,0
2022,Ha Nam,24.34,27.7,21.57,80.16,1961.09,Lua mua,169,29.3
2022,Ha Nam,24.34,27.7,21.57,80.16,1961.09,Ngo,30.1,5.3
2023,Ha Nam,25.16,28.56,22.34,79.16,1566.6,Khoai,5.3,417.4
2023,Ha Nam,25.16,28.56,22.34,79.16,1566.6,Lua dong xuan,192.7,28.7
2023,Ha Nam,25.16,28.56,22.34,79.16,1566.6,Lua mi,0,0
2023,Ha Nam,25.16,28.56,22.34,79.16,1566.6,Lua mua,166.8,28.8
2023,Ha Nam,25.16,28.56,22.34,79.16,1566.6,Ngo,29.2,5.1
2024,Ha Nam,25.26,28.53,22.6,80.55,2356.12,Khoai,4.9,388.3
2024,Ha Nam,25.26,28.53,22.6,80.55,2356.12,Lua dong xuan,187,27.8
2024,Ha Nam,25.26,28.53,22.6,80.55,2356.12,Lua mi,5.68E-14,0
2024,Ha Nam,25.26,28.53,22.6,80.55,2356.12,Lua mua,150.7,28.2
2024,Ha Nam,25.26,28.53,22.6,80.55,2356.12,Ngo,25.4,4.8
1995,Ha Tay,,,,,,Khoai,90.1,12.9
1995,Ha Tay,,,,,,Lua dong xuan,320.5,82.2
1995,Ha Tay,,,,,,Lua mi,0,2.84E-14
1995,Ha Tay,,,,,,Lua mua,326.7,86
1995,Ha Tay,,,,,,Ngo,51.3,17.6
1996,Ha Tay,,,,,,Khoai,104,15.5
1996,Ha Tay,,,,,,Lua dong xuan,385.2,80.3
1996,Ha Tay,,,,,,Lua mi,0,2.84E-14
1996,Ha Tay,,,,,,Lua mua,294.1,83.3
1996,Ha Tay,,,,,,Ngo,66.1,20.7
1997,Ha Tay,,,,,,Khoai,86.7,12.4
1997,Ha Tay,,,,,,Lua dong xuan,406.4,81.3
1997,Ha Tay,,,,,,Lua mi,0,0
1997,Ha Tay,,,,,,Lua mua,285.9,85.3
1997,Ha Tay,,,,,,Ngo,63.5,19
1998,Ha Tay,,,,,,Khoai,81.1,11.7
1998,Ha Tay,,,,,,Lua dong xuan,410.5,82
1998,Ha Tay,,,,,,Lua mi,0,2.84E-14
1998,Ha Tay,,,,,,Lua mua,377,85.7
1998,Ha Tay,,,,,,Ngo,59.9,19.6
1999,Ha Tay,,,,,,Khoai,100.9,12.4
1999,Ha Tay,,,,,,Lua dong xuan,426.3,82.1
1999,Ha Tay,,,,,,Lua mi,0,2.84E-14
1999,Ha Tay,,,,,,Lua mua,450.3,85.5
1999,Ha Tay,,,,,,Ngo,64.5,19.7
2000,Ha Tay,,,,,,Khoai,85.3,11.2
2000,Ha Tay,,,,,,Lua dong xuan,463.7,83.1
2000,Ha Tay,,,,,,Lua mi,0,0
2000,Ha Tay,,,,,,Lua mua,457.7,85.7
2000,Ha Tay,,,,,,Ngo,69,20.6
2001,Ha Tay,,,,,,Khoai,76,9.7
2001,Ha Tay,,,,,,Lua dong xuan,478.4,83.4
2001,Ha Tay,,,,,,Lua mi,0,0
2001,Ha Tay,,,,,,Lua mua,425.6,85.1
2001,Ha Tay,,,,,,Ngo,57.9,15.3
2002,Ha Tay,,,,,,Khoai,87.6,10.8
2002,Ha Tay,,,,,,Lua dong xuan,494.5,83.3
2002,Ha Tay,,,,,,Lua mi,0,0.1
2002,Ha Tay,,,,,,Lua mua,481.6,85.1
2002,Ha Tay,,,,,,Ngo,59.2,14.7
2003,Ha Tay,,,,,,Khoai,82.3,10
2003,Ha Tay,,,,,,Lua dong xuan,494.9,82.6
2003,Ha Tay,,,,,,Lua mi,0,0
2003,Ha Tay,,,,,,Lua mua,447.2,83.9
2003,Ha Tay,,,,,,Ngo,63.6,15.2
2004,Ha Tay,,,,,,Khoai,73.4,9
2004,Ha Tay,,,,,,Lua dong xuan,498.7,81.1
2004,Ha Tay,,,,,,Lua mi,1.14E-13,-2.84E-14
2004,Ha Tay,,,,,,Lua mua,459.2,83.3
2004,Ha Tay,,,,,,Ngo,64.8,14.3
2005,Ha Tay,,,,,,Khoai,74.8,8.4
2005,Ha Tay,,,,,,Lua dong xuan,485.9,80.3
2005,Ha Tay,,,,,,Lua mi,1.14E-13,0
2005,Ha Tay,,,,,,Lua mua,442.5,81.9
2005,Ha Tay,,,,,,Ngo,63.3,13.8
2006,Ha Tay,,,,,,Khoai,62.6,7
2006,Ha Tay,,,,,,Lua dong xuan,484.2,78.7
2006,Ha Tay,,,,,,Lua mi,0,0
2006,Ha Tay,,,,,,Lua mua,431.9,80
2006,Ha Tay,,,,,,Ngo,56.6,12.3
2007,Ha Tay,,,,,,Khoai,56.2,6.6
2007,Ha Tay,,,,,,Lua dong xuan,421.1,77.2
2007,Ha Tay,,,,,,Lua mi,1.14E-13,0
2007,Ha Tay,,,,,,Lua mua,456.7,78.2
2007,Ha Tay,,,,,,Ngo,61.8,13.5
2008,Ha Tay,,,,,,Khoai,,
2008,Ha Tay,,,,,,Lua dong xuan,,
2008,Ha Tay,,,,,,Lua mi,,
2008,Ha Tay,,,,,,Lua mua,,
2008,Ha Tay,,,,,,Ngo,,
2009,Ha Tay,,,,,,Khoai,,
2009,Ha Tay,,,,,,Lua dong xuan,,
2009,Ha Tay,,,,,,Lua mi,,
2009,Ha Tay,,,,,,Lua mua,,
2009,Ha Tay,,,,,,Ngo,,
2010,Ha Tay,,,,,,Khoai,,
2010,Ha Tay,,,,,,Lua dong xuan,,
2010,Ha Tay,,,,,,Lua mi,,
2010,Ha Tay,,,,,,Lua mua,,
2010,Ha Tay,,,,,,Ngo,,
2011,Ha Tay,,,,,,Khoai,,
2011,Ha Tay,,,,,,Lua dong xuan,,
2011,Ha Tay,,,,,,Lua mi,,
2011,Ha Tay,,,,,,Lua mua,,
2011,Ha Tay,,,,,,Ngo,,
2012,Ha Tay,,,,,,Khoai,,
2012,Ha Tay,,,,,,Lua dong xuan,,
2012,Ha Tay,,,,,,Lua mi,,
2012,Ha Tay,,,,,,Lua mua,,
2012,Ha Tay,,,,,,Ngo,,
2013,Ha Tay,,,,,,Khoai,,
2013,Ha Tay,,,,,,Lua dong xuan,,
2013,Ha Tay,,,,,,Lua mi,,
2013,Ha Tay,,,,,,Lua mua,,
2013,Ha Tay,,,,,,Ngo,,
2014,Ha Tay,,,,,,Khoai,,
2014,Ha Tay,,,,,,Lua dong xuan,,
2014,Ha Tay,,,,,,Lua mi,,
2014,Ha Tay,,,,,,Lua mua,,
2014,Ha Tay,,,,,,Ngo,,
2015,Ha Tay,,,,,,Khoai,,
2015,Ha Tay,,,,,,Lua dong xuan,,
2015,Ha Tay,,,,,,Lua mi,,
2015,Ha Tay,,,,,,Lua mua,,
2015,Ha Tay,,,,,,Ngo,,
2016,Ha Tay,,,,,,Khoai,,
2016,Ha Tay,,,,,,Lua dong xuan,,
2016,Ha Tay,,,,,,Lua mi,,
2016,Ha Tay,,,,,,Lua mua,,
2016,Ha Tay,,,,,,Ngo,,
2017,Ha Tay,,,,,,Khoai,,
2017,Ha Tay,,,,,,Lua dong xuan,,
2017,Ha Tay,,,,,,Lua mi,,
2017,Ha Tay,,,,,,Lua mua,,
2017,Ha Tay,,,,,,Ngo,,
2018,Ha Tay,,,,,,Khoai,,
2018,Ha Tay,,,,,,Lua dong xuan,,
2018,Ha Tay,,,,,,Lua mi,,
2018,Ha Tay,,,,,,Lua mua,,
2018,Ha Tay,,,,,,Ngo,,
2019,Ha Tay,,,,,,Khoai,,
2019,Ha Tay,,,,,,Lua dong xuan,,
2019,Ha Tay,,,,,,Lua mi,,
2019,Ha Tay,,,,,,Lua mua,,
2019,Ha Tay,,,,,,Ngo,,
2020,Ha Tay,,,,,,Khoai,,
2020,Ha Tay,,,,,,Lua dong xuan,,
2020,Ha Tay,,,,,,Lua mi,,
2020,Ha Tay,,,,,,Lua mua,,
2020,Ha Tay,,,,,,Ngo,,
2021,Ha Tay,,,,,,Khoai,,
2021,Ha Tay,,,,,,Lua dong xuan,,
2021,Ha Tay,,,,,,Lua mi,,
2021,Ha Tay,,,,,,Lua mua,,
2021,Ha Tay,,,,,,Ngo,,
2022,Ha Tay,,,,,,Khoai,,
2022,Ha Tay,,,,,,Lua dong xuan,,
2022,Ha Tay,,,,,,Lua mi,,
2022,Ha Tay,,,,,,Lua mua,,
2022,Ha Tay,,,,,,Ngo,,
2023,Ha Tay,,,,,,Khoai,,
2023,Ha Tay,,,,,,Lua dong xuan,,
2023,Ha Tay,,,,,,Lua mi,,
2023,Ha Tay,,,,,,Lua mua,,
2023,Ha Tay,,,,,,Ngo,,
2024,Ha Tay,,,,,,Khoai,,
2024,Ha Tay,,,,,,Lua dong xuan,,
2024,Ha Tay,,,,,,Lua mi,,
2024,Ha Tay,,,,,,Lua mua,,
2024,Ha Tay,,,,,,Ngo,,
1995,Ha Tinh,23.3,26.41,20.8,82.95,2276.3,Khoai,101.2,19.6
1995,Ha Tinh,23.3,26.41,20.8,82.95,2276.3,Lua dong xuan,175.6,55.2
1995,Ha Tinh,23.3,26.41,20.8,82.95,2276.3,Lua he thu,93,31.6
1995,Ha Tinh,23.3,26.41,20.8,82.95,2276.3,Lua mi,0,0
1995,Ha Tinh,23.3,26.41,20.8,82.95,2276.3,Lua mua,39.9,20.4
1995,Ha Tinh,23.3,26.41,20.8,82.95,2276.3,Ngo,6.6,2.8
1995,Ha Tinh,23.3,26.41,20.8,82.95,2276.3,San,13.6,2.1
1996,Ha Tinh,23.08,26.18,20.55,83.38,2531,Khoai,108,18.7
1996,Ha Tinh,23.08,26.18,20.55,83.38,2531,Lua dong xuan,186.7,55.4
1996,Ha Tinh,23.08,26.18,20.55,83.38,2531,Lua he thu,101.4,33.4
1996,Ha Tinh,23.08,26.18,20.55,83.38,2531,Lua mi,0,-1.42E-14
1996,Ha Tinh,23.08,26.18,20.55,83.38,2531,Lua mua,28,19.6
1996,Ha Tinh,23.08,26.18,20.55,83.38,2531,Ngo,6,2.9
1996,Ha Tinh,23.08,26.18,20.55,83.38,2531,San,13.7,2.4
1997,Ha Tinh,23.74,26.95,21.19,83.22,1720.92,Khoai,94.8,17.1
1997,Ha Tinh,23.74,26.95,21.19,83.22,1720.92,Lua dong xuan,200.5,56
1997,Ha Tinh,23.74,26.95,21.19,83.22,1720.92,Lua he thu,119.8,33.8
1997,Ha Tinh,23.74,26.95,21.19,83.22,1720.92,Lua mi,0,0
1997,Ha Tinh,23.74,26.95,21.19,83.22,1720.92,Lua mua,38.4,19.5
1997,Ha Tinh,23.74,26.95,21.19,83.22,1720.92,Ngo,5.7,2.7
1997,Ha Tinh,23.74,26.95,21.19,83.22,1720.92,San,18.1,2.7
1998,Ha Tinh,24.54,27.95,21.84,80.64,1468.82,Khoai,99.3,18
1998,Ha Tinh,24.54,27.95,21.84,80.64,1468.82,Lua dong xuan,193.1,55.2
1998,Ha Tinh,24.54,27.95,21.84,80.64,1468.82,Lua he thu,88.4,32.2
1998,Ha Tinh,24.54,27.95,21.84,80.64,1468.82,Lua mi,0,0
1998,Ha Tinh,24.54,27.95,21.84,80.64,1468.82,Lua mua,24.1,15.2
1998,Ha Tinh,24.54,27.95,21.84,80.64,1468.82,Ngo,4.2,2
1998,Ha Tinh,24.54,27.95,21.84,80.64,1468.82,San,14.1,2.7
1999,Ha Tinh,23.53,26.65,21.07,81.92,1849.55,Khoai,110.8,19.7
1999,Ha Tinh,23.53,26.65,21.07,81.92,1849.55,Lua dong xuan,220.2,55
1999,Ha Tinh,23.53,26.65,21.07,81.92,1849.55,Lua he thu,132.8,33.9
1999,Ha Tinh,23.53,26.65,21.07,81.92,1849.55,Lua mi,-5.68E-14,0
1999,Ha Tinh,23.53,26.65,21.07,81.92,1849.55,Lua mua,24.8,17.1
1999,Ha Tinh,23.53,26.65,21.07,81.92,1849.55,Ngo,8.1,3.5
1999,Ha Tinh,23.53,26.65,21.07,81.92,1849.55,San,16.9,2.4
2000,Ha Tinh,23.26,26.3,20.8,83.87,2295.07,Khoai,107.9,19.7
2000,Ha Tinh,23.26,26.3,20.8,83.87,2295.07,Lua dong xuan,235.3,55.2
2000,Ha Tinh,23.26,26.3,20.8,83.87,2295.07,Lua he thu,133.4,36.2
2000,Ha Tinh,23.26,26.3,20.8,83.87,2295.07,Lua mi,0.1,0.1
2000,Ha Tinh,23.26,26.3,20.8,83.87,2295.07,Lua mua,27,15.9
2000,Ha Tinh,23.26,26.3,20.8,83.87,2295.07,Ngo,5.8,2.5
2000,Ha Tinh,23.26,26.3,20.8,83.87,2295.07,San,15.6,2.5
2001,Ha Tinh,23.46,26.46,20.99,84.63,2199.31,Khoai,90,17.3
2001,Ha Tinh,23.46,26.46,20.99,84.63,2199.31,Lua dong xuan,232,55.7
2001,Ha Tinh,23.46,26.46,20.99,84.63,2199.31,Lua he thu,156,38.9
2001,Ha Tinh,23.46,26.46,20.99,84.63,2199.31,Lua mi,-5.68E-14,0
2001,Ha Tinh,23.46,26.46,20.99,84.63,2199.31,Lua mua,26.1,13.7
2001,Ha Tinh,23.46,26.46,20.99,84.63,2199.31,Ngo,6.1,2.4
2001,Ha Tinh,23.46,26.46,20.99,84.63,2199.31,San,19,2.6
2002,Ha Tinh,23.65,26.79,21.12,84.6,2220.78,Khoai,89.6,16
2002,Ha Tinh,23.65,26.79,21.12,84.6,2220.78,Lua dong xuan,257.8,55.9
2002,Ha Tinh,23.65,26.79,21.12,84.6,2220.78,Lua he thu,171.7,39.9
2002,Ha Tinh,23.65,26.79,21.12,84.6,2220.78,Lua mi,0,0
2002,Ha Tinh,23.65,26.79,21.12,84.6,2220.78,Lua mua,16.6,12.3
2002,Ha Tinh,23.65,26.79,21.12,84.6,2220.78,Ngo,6,2.4
2002,Ha Tinh,23.65,26.79,21.12,84.6,2220.78,San,20,2.9
2003,Ha Tinh,24.02,27.42,21.23,82.83,1908.91,Khoai,89.6,16.3
2003,Ha Tinh,24.02,27.42,21.23,82.83,1908.91,Lua dong xuan,273.7,55.4
2003,Ha Tinh,24.02,27.42,21.23,82.83,1908.91,Lua he thu,169.3,40.4
2003,Ha Tinh,24.02,27.42,21.23,82.83,1908.91,Lua mi,0,0
2003,Ha Tinh,24.02,27.42,21.23,82.83,1908.91,Lua mua,19.6,9
2003,Ha Tinh,24.02,27.42,21.23,82.83,1908.91,Ngo,11,4.7
2003,Ha Tinh,24.02,27.42,21.23,82.83,1908.91,San,23.1,3.1
2004,Ha Tinh,23.21,26.4,20.51,84.14,1907.23,Khoai,90.6,15.5
2004,Ha Tinh,23.21,26.4,20.51,84.14,1907.23,Lua dong xuan,282.8,54.8
2004,Ha Tinh,23.21,26.4,20.51,84.14,1907.23,Lua he thu,177.6,38.1
2004,Ha Tinh,23.21,26.4,20.51,84.14,1907.23,Lua mi,0,0
2004,Ha Tinh,23.21,26.4,20.51,84.14,1907.23,Lua mua,24.8,9.3
2004,Ha Tinh,23.21,26.4,20.51,84.14,1907.23,Ngo,28.6,9.1
2004,Ha Tinh,23.21,26.4,20.51,84.14,1907.23,San,33,3.7
2005,Ha Tinh,23.63,26.79,21.03,82.38,1943.84,Khoai,87.6,14.8
2005,Ha Tinh,23.63,26.79,21.03,82.38,1943.84,Lua dong xuan,277.1,54.5
2005,Ha Tinh,23.63,26.79,21.03,82.38,1943.84,Lua he thu,155.3,35.4
2005,Ha Tinh,23.63,26.79,21.03,82.38,1943.84,Lua mi,0,0
2005,Ha Tinh,23.63,26.79,21.03,82.38,1943.84,Lua mua,21.8,8.6
2005,Ha Tinh,23.63,26.79,21.03,82.38,1943.84,Ngo,32.7,11.1
2005,Ha Tinh,23.63,26.79,21.03,82.38,1943.84,San,36.6,3.9
2006,Ha Tinh,24,27.25,21.34,82.45,1783.5,Khoai,85,14.1
2006,Ha Tinh,24,27.25,21.34,82.45,1783.5,Lua dong xuan,280.5,54.6
2006,Ha Tinh,24,27.25,21.34,82.45,1783.5,Lua he thu,176.6,39.2
2006,Ha Tinh,24,27.25,21.34,82.45,1783.5,Lua mi,0,0
2006,Ha Tinh,24,27.25,21.34,82.45,1783.5,Lua mua,19.7,8
2006,Ha Tinh,24,27.25,21.34,82.45,1783.5,Ngo,19,7.8
2006,Ha Tinh,24,27.25,21.34,82.45,1783.5,San,38.9,3.7
2007,Ha Tinh,23.82,27.01,21.15,81.92,2377.58,Khoai,84.6,13.9
2007,Ha Tinh,23.82,27.01,21.15,81.92,2377.58,Lua dong xuan,236.7,54.5
2007,Ha Tinh,23.82,27.01,21.15,81.92,2377.58,Lua he thu,115,38.9
2007,Ha Tinh,23.82,27.01,21.15,81.92,2377.58,Lua mi,5.68E-14,0.4
2007,Ha Tinh,23.82,27.01,21.15,81.92,2377.58,Lua mua,12,7.5
2007,Ha Tinh,23.82,27.01,21.15,81.92,2377.58,Ngo,24.4,8.6
2007,Ha Tinh,23.82,27.01,21.15,81.92,2377.58,San,32.8,4.1
2008,Ha Tinh,23.02,26.03,20.5,83.09,2149.9,Khoai,78.2,12.8
2008,Ha Tinh,23.02,26.03,20.5,83.09,2149.9,Lua dong xuan,266,53.3
2008,Ha Tinh,23.02,26.03,20.5,83.09,2149.9,Lua he thu,186.1,40.6
2008,Ha Tinh,23.02,26.03,20.5,83.09,2149.9,Lua mi,0,0
2008,Ha Tinh,23.02,26.03,20.5,83.09,2149.9,Lua mua,14.4,6.6
2008,Ha Tinh,23.02,26.03,20.5,83.09,2149.9,Ngo,24.4,9.8
2008,Ha Tinh,23.02,26.03,20.5,83.09,2149.9,San,49.8,4.1
2009,Ha Tinh,23.98,27.32,21.14,82.16,2061.42,Khoai,61.6,10.1
2009,Ha Tinh,23.98,27.32,21.14,82.16,2061.42,Lua dong xuan,270.4,53.8
2009,Ha Tinh,23.98,27.32,21.14,82.16,2061.42,Lua he thu,188.2,41.7
2009,Ha Tinh,23.98,27.32,21.14,82.16,2061.42,Lua mi,0,0
2009,Ha Tinh,23.98,27.32,21.14,82.16,2061.42,Lua mua,9.2,5
2009,Ha Tinh,23.98,27.32,21.14,82.16,2061.42,Ngo,19,6.5
2009,Ha Tinh,23.98,27.32,21.14,82.16,2061.42,San,50.8,3.9
2010,Ha Tinh,24.29,27.66,21.5,82.45,2705.25,Khoai,58.9,9.4
2010,Ha Tinh,24.29,27.66,21.5,82.45,2705.25,Lua dong xuan,268.6,53.6
2010,Ha Tinh,24.29,27.66,21.5,82.45,2705.25,Lua he thu,142.6,41.4
2010,Ha Tinh,24.29,27.66,21.5,82.45,2705.25,Lua mi,0,1.42E-14
2010,Ha Tinh,24.29,27.66,21.5,82.45,2705.25,Lua mua,3.2,4.1
2010,Ha Tinh,24.29,27.66,21.5,82.45,2705.25,Ngo,27.8,8.1
2010,Ha Tinh,24.29,27.66,21.5,82.45,2705.25,San,39.9,3.4
2011,Ha Tinh,22.5,25.32,20.1,84.83,2678.29,Khoai,50.4,7.9
2011,Ha Tinh,22.5,25.32,20.1,84.83,2678.29,Lua dong xuan,284.6,54
2011,Ha Tinh,22.5,25.32,20.1,84.83,2678.29,Lua he thu,180.6,41.7
2011,Ha Tinh,22.5,25.32,20.1,84.83,2678.29,Lua mi,0,0
2011,Ha Tinh,22.5,25.32,20.1,84.83,2678.29,Lua mua,5.7,3.4
2011,Ha Tinh,22.5,25.32,20.1,84.83,2678.29,Ngo,24.8,8.7
2011,Ha Tinh,22.5,25.32,20.1,84.83,2678.29,San,54.5,3.8
2012,Ha Tinh,23.99,27.2,21.41,83.74,1684.77,Khoai,41.4,6.7
2012,Ha Tinh,23.99,27.2,21.41,83.74,1684.77,Lua dong xuan,293.6,54.8
2012,Ha Tinh,23.99,27.2,21.41,83.74,1684.77,Lua he thu,183.3,41.9
2012,Ha Tinh,23.99,27.2,21.41,83.74,1684.77,Lua mi,-5.68E-14,0
2012,Ha Tinh,23.99,27.2,21.41,83.74,1684.77,Lua mua,5.4,2.6
2012,Ha Tinh,23.99,27.2,21.41,83.74,1684.77,Ngo,18.6,6.4
2012,Ha Tinh,23.99,27.2,21.41,83.74,1684.77,San,53.2,3.8
2013,Ha Tinh,23.65,26.72,21.06,83.63,2833.88,Khoai,39.4,6.7
2013,Ha Tinh,23.65,26.72,21.06,83.63,2833.88,Lua dong xuan,303.9,55.4
2013,Ha Tinh,23.65,26.72,21.06,83.63,2833.88,Lua he thu,171.5,41.3
2013,Ha Tinh,23.65,26.72,21.06,83.63,2833.88,Lua mi,0,0
2013,Ha Tinh,23.65,26.72,21.06,83.63,2833.88,Lua mua,3.6,2
2013,Ha Tinh,23.65,26.72,21.06,83.63,2833.88,Ngo,26.9,7.7
2013,Ha Tinh,23.65,26.72,21.06,83.63,2833.88,San,47.3,3.7
2014,Ha Tinh,24.04,27.32,21.34,83.18,1623.32,Khoai,35.9,5.9
2014,Ha Tinh,24.04,27.32,21.34,83.18,1623.32,Lua dong xuan,317.5,56.6
2014,Ha Tinh,24.04,27.32,21.34,83.18,1623.32,Lua he thu,189.7,42.8
2014,Ha Tinh,24.04,27.32,21.34,83.18,1623.32,Lua mi,0,1.42E-14
2014,Ha Tinh,24.04,27.32,21.34,83.18,1623.32,Lua mua,4.2,1.7
2014,Ha Tinh,24.04,27.32,21.34,83.18,1623.32,Ngo,24.9,8.3
2014,Ha Tinh,24.04,27.32,21.34,83.18,1623.32,San,58.6,4
2015,Ha Tinh,24.8,28.22,21.96,81.43,1679.46,Khoai,34.5,5.6
2015,Ha Tinh,24.8,28.22,21.96,81.43,1679.46,Lua dong xuan,312.9,57.9
2015,Ha Tinh,24.8,28.22,21.96,81.43,1679.46,Lua he thu,203.9,42
2015,Ha Tinh,24.8,28.22,21.96,81.43,1679.46,Lua mi,0,0.1
2015,Ha Tinh,24.8,28.22,21.96,81.43,1679.46,Lua mua,4.7,1.8
2015,Ha Tinh,24.8,28.22,21.96,81.43,1679.46,Ngo,32.2,8.7
2015,Ha Tinh,24.8,28.22,21.96,81.43,1679.46,San,65.3,4.1
2016,Ha Tinh,24.52,27.88,21.75,80.63,2318.88,Khoai,30.6,4.7
2016,Ha Tinh,24.52,27.88,21.75,80.63,2318.88,Lua dong xuan,328.7,58.2
2016,Ha Tinh,24.52,27.88,21.75,80.63,2318.88,Lua he thu,199.9,44
2016,Ha Tinh,24.52,27.88,21.75,80.63,2318.88,Lua mi,0,0
2016,Ha Tinh,24.52,27.88,21.75,80.63,2318.88,Lua mua,1.8,1.2
2016,Ha Tinh,24.52,27.88,21.75,80.63,2318.88,Ngo,35.5,9.6
2016,Ha Tinh,24.52,27.88,21.75,80.63,2318.88,San,42.9,3.1
2017,Ha Tinh,24.12,27.13,21.61,83.09,2711.09,Khoai,27.3,4.2
2017,Ha Tinh,24.12,27.13,21.61,83.09,2711.09,Lua dong xuan,241.9,58.9
2017,Ha Tinh,24.12,27.13,21.61,83.09,2711.09,Lua he thu,199.8,44.5
2017,Ha Tinh,24.12,27.13,21.61,83.09,2711.09,Lua mi,0,0
2017,Ha Tinh,24.12,27.13,21.61,83.09,2711.09,Lua mua,1.1,0.7
2017,Ha Tinh,24.12,27.13,21.61,83.09,2711.09,Ngo,28.4,7.7
2017,Ha Tinh,24.12,27.13,21.61,83.09,2711.09,San,40.5,2.9
2018,Ha Tinh,24.13,27.29,21.52,83.21,2040.81,Khoai,26.1,3692
2018,Ha Tinh,24.13,27.29,21.52,83.21,2040.81,Lua dong xuan,333.7,59.2
2018,Ha Tinh,24.13,27.29,21.52,83.21,2040.81,Lua he thu,200.5,43.1
2018,Ha Tinh,24.13,27.29,21.52,83.21,2040.81,Lua mi,0,0
2018,Ha Tinh,24.13,27.29,21.52,83.21,2040.81,Lua mua,1.1,0.5
2018,Ha Tinh,24.13,27.29,21.52,83.21,2040.81,Ngo,35.6,9.3
2018,Ha Tinh,24.13,27.29,21.52,83.21,2040.81,San,42.3,3
2019,Ha Tinh,25.29,28.6,22.57,81.19,2181.82,Khoai,25.9,3720
2019,Ha Tinh,25.29,28.6,22.57,81.19,2181.82,Lua dong xuan,331.2,59.5
2019,Ha Tinh,25.29,28.6,22.57,81.19,2181.82,Lua he thu,174.3,43.6
2019,Ha Tinh,25.29,28.6,22.57,81.19,2181.82,Lua mi,0,0
2019,Ha Tinh,25.29,28.6,22.57,81.19,2181.82,Lua mua,1.2,0.5
2019,Ha Tinh,25.29,28.6,22.57,81.19,2181.82,Ngo,44.4,11
2019,Ha Tinh,25.29,28.6,22.57,81.19,2181.82,San,43.3,2.9
2020,Ha Tinh,24.82,27.95,22.19,81.13,3125.29,Khoai,24.4,3441
2020,Ha Tinh,24.82,27.95,22.19,81.13,3125.29,Lua dong xuan,325.4,59.3
2020,Ha Tinh,24.82,27.95,22.19,81.13,3125.29,Lua he thu,207.9,44
2020,Ha Tinh,24.82,27.95,22.19,81.13,3125.29,Lua mi,0,0.1
2020,Ha Tinh,24.82,27.95,22.19,81.13,3125.29,Lua mua,0.8,0.5
2020,Ha Tinh,24.82,27.95,22.19,81.13,3125.29,Ngo,46.3,10.4
2020,Ha Tinh,24.82,27.95,22.19,81.13,3125.29,San,41.9,2.7
2021,Ha Tinh,24.27,27.36,21.67,81.71,2363.63,Khoai,25.9,3571
2021,Ha Tinh,24.27,27.36,21.67,81.71,2363.63,Lua dong xuan,349.8,59.5
2021,Ha Tinh,24.27,27.36,21.67,81.71,2363.63,Lua he thu,229.8,45
2021,Ha Tinh,24.27,27.36,21.67,81.71,2363.63,Lua mi,0,-1.42E-14
2021,Ha Tinh,24.27,27.36,21.67,81.71,2363.63,Lua mua,0.9,0.5
2021,Ha Tinh,24.27,27.36,21.67,81.71,2363.63,Ngo,52.8,12.2
2021,Ha Tinh,24.27,27.36,21.67,81.71,2363.63,San,37,2.5
2022,Ha Tinh,24.08,27.17,21.52,81.64,2121.19,Khoai,27.6,3761.6
2022,Ha Tinh,24.08,27.17,21.52,81.64,2121.19,Lua dong xuan,333.6,59.8
2022,Ha Tinh,24.08,27.17,21.52,81.64,2121.19,Lua he thu,224.1,44.5
2022,Ha Tinh,24.08,27.17,21.52,81.64,2121.19,Lua mi,1.14E-13,-0.1
2022,Ha Tinh,24.08,27.17,21.52,81.64,2121.19,Lua mua,0.7,0.4
2022,Ha Tinh,24.08,27.17,21.52,81.64,2121.19,Ngo,58.3,13
2022,Ha Tinh,24.08,27.17,21.52,81.64,2121.19,San,40,2.5
2023,Ha Tinh,24.77,27.92,22.1,80.96,2222.28,Khoai,25.7,3450.2
2023,Ha Tinh,24.77,27.92,22.1,80.96,2222.28,Lua dong xuan,354,59.4
2023,Ha Tinh,24.77,27.92,22.1,80.96,2222.28,Lua he thu,224.1,44.6
2023,Ha Tinh,24.77,27.92,22.1,80.96,2222.28,Lua mi,0,0
2023,Ha Tinh,24.77,27.92,22.1,80.96,2222.28,Lua mua,0.5,0.3
2023,Ha Tinh,24.77,27.92,22.1,80.96,2222.28,Ngo,67.5,14.4
2023,Ha Tinh,24.77,27.92,22.1,80.96,2222.28,San,39.2,2.5
2024,Ha Tinh,25.02,28.23,22.37,81.48,2230.17,Khoai,25,3379.8
2024,Ha Tinh,25.02,28.23,22.37,81.48,2230.17,Lua dong xuan,362.9,59.3
2024,Ha Tinh,25.02,28.23,22.37,81.48,2230.17,Lua he thu,234.9,44.9
2024,Ha Tinh,25.02,28.23,22.37,81.48,2230.17,Lua mi,0.1,-0.1
2024,Ha Tinh,25.02,28.23,22.37,81.48,2230.17,Lua mua,0.4,0.2
2024,Ha Tinh,25.02,28.23,22.37,81.48,2230.17,Ngo,72.6,14.4
2024,Ha Tinh,25.02,28.23,22.37,81.48,2230.17,San,38.5,2.5
1995,Hai Duong,23.68,26.81,21.17,79.33,1719.48,Khoai,61.9,7.2
1995,Hai Duong,23.68,26.81,21.17,79.33,1719.48,Lua dong xuan,334.8,74.2
1995,Hai Duong,23.68,26.81,21.17,79.33,1719.48,Lua mi,0,2.84E-14
1995,Hai Duong,23.68,26.81,21.17,79.33,1719.48,Lua mua,328.5,74.3
1995,Hai Duong,23.68,26.81,21.17,79.33,1719.48,Ngo,32.1,10.7
1996,Hai Duong,23.56,26.98,20.83,79.13,2027.29,Khoai,56.8,8.7
1996,Hai Duong,23.56,26.98,20.83,79.13,2027.29,Lua dong xuan,417.8,73.9
1996,Hai Duong,23.56,26.98,20.83,79.13,2027.29,Lua mi,0,-2.84E-14
1996,Hai Duong,23.56,26.98,20.83,79.13,2027.29,Lua mua,304.1,74.4
1996,Hai Duong,23.56,26.98,20.83,79.13,2027.29,Ngo,41.7,12.8
1997,Hai Duong,24.06,27.14,21.61,81.38,2327.57,Khoai,68.2,7.5
1997,Hai Duong,24.06,27.14,21.61,81.38,2327.57,Lua dong xuan,434.6,74.8
1997,Hai Duong,24.06,27.14,21.61,81.38,2327.57,Lua mi,1.14E-13,0
1997,Hai Duong,24.06,27.14,21.61,81.38,2327.57,Lua mua,327.7,73.7
1997,Hai Duong,24.06,27.14,21.61,81.38,2327.57,Ngo,35.9,10.9
1998,Hai Duong,24.84,28.22,22.15,78.41,1505.28,Khoai,52.3,5.9
1998,Hai Duong,24.84,28.22,22.15,78.41,1505.28,Lua dong xuan,420.5,74.4
1998,Hai Duong,24.84,28.22,22.15,78.41,1505.28,Lua mi,0,0
1998,Hai Duong,24.84,28.22,22.15,78.41,1505.28,Lua mua,358,73.1
1998,Hai Duong,24.84,28.22,22.15,78.41,1505.28,Ngo,29.2,8.8
1999,Hai Duong,24.02,27.34,21.38,79.26,1623.1,Khoai,79.7,7.8
1999,Hai Duong,24.02,27.34,21.38,79.26,1623.1,Lua dong xuan,420,74
1999,Hai Duong,24.02,27.34,21.38,79.26,1623.1,Lua mi,0,0
1999,Hai Duong,24.02,27.34,21.38,79.26,1623.1,Lua mua,390.6,72.9
1999,Hai Duong,24.02,27.34,21.38,79.26,1623.1,Ngo,33.3,9
2000,Hai Duong,23.91,27.21,21.25,80.11,1776.56,Khoai,72.1,7.7
2000,Hai Duong,23.91,27.21,21.25,80.11,1776.56,Lua dong xuan,438.3,74.2
2000,Hai Duong,23.91,27.21,21.25,80.11,1776.56,Lua mi,0,0
2000,Hai Duong,23.91,27.21,21.25,80.11,1776.56,Lua mua,385.2,73.3
2000,Hai Duong,23.91,27.21,21.25,80.11,1776.56,Ngo,19.4,5.2
2001,Hai Duong,23.84,27,21.24,81.84,2011.99,Khoai,50.8,5.4
2001,Hai Duong,23.84,27,21.24,81.84,2011.99,Lua dong xuan,427.1,73
2001,Hai Duong,23.84,27,21.24,81.84,2011.99,Lua mi,0,0
2001,Hai Duong,23.84,27,21.24,81.84,2011.99,Lua mua,369.4,72
2001,Hai Duong,23.84,27,21.24,81.84,2011.99,Ngo,7,1.9
2002,Hai Duong,24.19,27.48,21.63,82.06,1865.21,Khoai,54.1,6
2002,Hai Duong,24.19,27.48,21.63,82.06,1865.21,Lua dong xuan,436.5,71.8
2002,Hai Duong,24.19,27.48,21.63,82.06,1865.21,Lua mi,0,0
2002,Hai Duong,24.19,27.48,21.63,82.06,1865.21,Lua mua,388.6,70.6
2002,Hai Duong,24.19,27.48,21.63,82.06,1865.21,Ngo,15.9,4
2003,Hai Duong,24.69,28.29,21.76,79.09,1685.88,Khoai,45,4.7
2003,Hai Duong,24.69,28.29,21.76,79.09,1685.88,Lua dong xuan,444.3,70.8
2003,Hai Duong,24.69,28.29,21.76,79.09,1685.88,Lua mi,0,0
2003,Hai Duong,24.69,28.29,21.76,79.09,1685.88,Lua mua,374.3,69.1
2003,Hai Duong,24.69,28.29,21.76,79.09,1685.88,Ngo,28.3,6.5
2004,Hai Duong,23.77,27.33,20.89,79.25,1476.24,Khoai,36.8,3.7
2004,Hai Duong,23.77,27.33,20.89,79.25,1476.24,Lua dong xuan,440.2,69.1
2004,Hai Duong,23.77,27.33,20.89,79.25,1476.24,Lua mi,0,0
2004,Hai Duong,23.77,27.33,20.89,79.25,1476.24,Lua mua,358.3,66.8
2004,Hai Duong,23.77,27.33,20.89,79.25,1476.24,Ngo,24.7,5.6
2005,Hai Duong,23.92,27.13,21.38,79.27,1590.4,Khoai,31.3,3
2005,Hai Duong,23.92,27.13,21.38,79.27,1590.4,Lua dong xuan,429.2,67.3
2005,Hai Duong,23.92,27.13,21.38,79.27,1590.4,Lua mi,0,0
2005,Hai Duong,23.92,27.13,21.38,79.27,1590.4,Lua mua,344.9,66
2005,Hai Duong,23.92,27.13,21.38,79.27,1590.4,Ngo,22.9,5.1
2006,Hai Duong,24.34,27.83,21.58,78.51,1400.6,Khoai,28,2.7
2006,Hai Duong,24.34,27.83,21.58,78.51,1400.6,Lua dong xuan,427.5,66.4
2006,Hai Duong,24.34,27.83,21.58,78.51,1400.6,Lua mi,0,-2.84E-14
2006,Hai Duong,24.34,27.83,21.58,78.51,1400.6,Lua mua,343,64.5
2006,Hai Duong,24.34,27.83,21.58,78.51,1400.6,Ngo,19,4.3
2007,Hai Duong,24.15,27.71,21.32,78.23,1558.5,Khoai,21.5,2.1
2007,Hai Duong,24.15,27.71,21.32,78.23,1558.5,Lua dong xuan,379.1,64.9
2007,Hai Duong,24.15,27.71,21.32,78.23,1558.5,Lua mi,0,1.7
2007,Hai Duong,24.15,27.71,21.32,78.23,1558.5,Lua mua,362.8,63.7
2007,Hai Duong,24.15,27.71,21.32,78.23,1558.5,Ngo,20.6,4.5
2008,Hai Duong,23.37,26.8,20.68,78.8,1900.28,Khoai,15.5,1.5
2008,Hai Duong,23.37,26.8,20.68,78.8,1900.28,Lua dong xuan,413.3,63.7
2008,Hai Duong,23.37,26.8,20.68,78.8,1900.28,Lua mi,0,-0.1
2008,Hai Duong,23.37,26.8,20.68,78.8,1900.28,Lua mua,344.4,63.2
2008,Hai Duong,23.37,26.8,20.68,78.8,1900.28,Ngo,21.5,4.4
2009,Hai Duong,24.42,27.93,21.67,78.52,1744.89,Khoai,12.8,1.3
2009,Hai Duong,24.42,27.93,21.67,78.52,1744.89,Lua dong xuan,413.4,64
2009,Hai Duong,24.42,27.93,21.67,78.52,1744.89,Lua mi,0,0
2009,Hai Duong,24.42,27.93,21.67,78.52,1744.89,Lua mua,360.1,63
2009,Hai Duong,24.42,27.93,21.67,78.52,1744.89,Ngo,19.3,3.9
2010,Hai Duong,24.52,27.84,21.79,78.8,1940.82,Khoai,11.5,1.2
2010,Hai Duong,24.52,27.84,21.79,78.8,1940.82,Lua dong xuan,387.9,64.1
2010,Hai Duong,24.52,27.84,21.79,78.8,1940.82,Lua mi,0,0
2010,Hai Duong,24.52,27.84,21.79,78.8,1940.82,Lua mua,370,63.4
2010,Hai Duong,24.52,27.84,21.79,78.8,1940.82,Ngo,22.4,4.7
2011,Hai Duong,22.95,26.1,20.36,78.46,1629.46,Khoai,12.2,1.2
2011,Hai Duong,22.95,26.1,20.36,78.46,1629.46,Lua dong xuan,430.9,63.6
2011,Hai Duong,22.95,26.1,20.36,78.46,1629.46,Lua mi,0,2.84E-14
2011,Hai Duong,22.95,26.1,20.36,78.46,1629.46,Lua mua,350,63
2011,Hai Duong,22.95,26.1,20.36,78.46,1629.46,Ngo,20.6,4.2
2012,Hai Duong,24,27.01,21.51,81.34,1992.13,Khoai,9.7,1
2012,Hai Duong,24,27.01,21.51,81.34,1992.13,Lua dong xuan,418,63.6
2012,Hai Duong,24,27.01,21.51,81.34,1992.13,Lua mi,1.14E-13,0
2012,Hai Duong,24,27.01,21.51,81.34,1992.13,Lua mua,364.3,62.8
2012,Hai Duong,24,27.01,21.51,81.34,1992.13,Ngo,18.3,3.6
2013,Hai Duong,23.89,27.15,21.28,80.53,2159.62,Khoai,8.6,0.9
2013,Hai Duong,23.89,27.15,21.28,80.53,2159.62,Lua dong xuan,402.3,63.4
2013,Hai Duong,23.89,27.15,21.28,80.53,2159.62,Lua mi,0,0
2013,Hai Duong,23.89,27.15,21.28,80.53,2159.62,Lua mua,337.5,62.5
2013,Hai Duong,23.89,27.15,21.28,80.53,2159.62,Ngo,21,4.2
2014,Hai Duong,24.17,27.42,21.52,80.3,1928.85,Khoai,8.5,0.9
2014,Hai Duong,24.17,27.42,21.52,80.3,1928.85,Lua dong xuan,400.5,63
2014,Hai Duong,24.17,27.42,21.52,80.3,1928.85,Lua mi,0,0
2014,Hai Duong,24.17,27.42,21.52,80.3,1928.85,Lua mua,342.1,62
2014,Hai Duong,24.17,27.42,21.52,80.3,1928.85,Ngo,21,4.1
2015,Hai Duong,25.03,28.32,22.4,79.78,1791.82,Khoai,7.8,0.8
2015,Hai Duong,25.03,28.32,22.4,79.78,1791.82,Lua dong xuan,398.8,61.8
2015,Hai Duong,25.03,28.32,22.4,79.78,1791.82,Lua mi,0,0
2015,Hai Duong,25.03,28.32,22.4,79.78,1791.82,Lua mua,341.2,60.9
2015,Hai Duong,25.03,28.32,22.4,79.78,1791.82,Ngo,21.4,4
2016,Hai Duong,24.53,27.8,21.87,79.08,1783.62,Khoai,7.5,0.7
2016,Hai Duong,24.53,27.8,21.87,79.08,1783.62,Lua dong xuan,392.2,60.7
2016,Hai Duong,24.53,27.8,21.87,79.08,1783.62,Lua mi,-0.1,0
2016,Hai Duong,24.53,27.8,21.87,79.08,1783.62,Lua mua,334.2,59.6
2016,Hai Duong,24.53,27.8,21.87,79.08,1783.62,Ngo,22.7,4.2
2017,Hai Duong,24.45,27.53,21.97,79.62,2151.19,Khoai,8.7,0.9
2017,Hai Duong,24.45,27.53,21.97,79.62,2151.19,Lua dong xuan,386.5,59.4
2017,Hai Duong,24.45,27.53,21.97,79.62,2151.19,Lua mi,1.14E-13,0
2017,Hai Duong,24.45,27.53,21.97,79.62,2151.19,Lua mua,271.4,58.8
2017,Hai Duong,24.45,27.53,21.97,79.62,2151.19,Ngo,23.3,4.2
2018,Hai Duong,24.46,27.66,21.93,80.29,2202.23,Khoai,9.3,911
2018,Hai Duong,24.46,27.66,21.93,80.29,2202.23,Lua dong xuan,391.6,58.5
2018,Hai Duong,24.46,27.66,21.93,80.29,2202.23,Lua mi,0,-1.42E-14
2018,Hai Duong,24.46,27.66,21.93,80.29,2202.23,Lua mua,311,57.9
2018,Hai Duong,24.46,27.66,21.93,80.29,2202.23,Ngo,22.5,3.9
2019,Hai Duong,25.23,28.48,22.63,80.65,1641.45,Khoai,8.8,835
2019,Hai Duong,25.23,28.48,22.63,80.65,1641.45,Lua dong xuan,362.4,57.8
2019,Hai Duong,25.23,28.48,22.63,80.65,1641.45,Lua mi,1.14E-13,0
2019,Hai Duong,25.23,28.48,22.63,80.65,1641.45,Lua mua,320.4,57.1
2019,Hai Duong,25.23,28.48,22.63,80.65,1641.45,Ngo,22.4,3.6
2020,Hai Duong,24.89,27.96,22.39,78.55,1812.95,Khoai,8.1,741
2020,Hai Duong,24.89,27.96,22.39,78.55,1812.95,Lua dong xuan,357.1,56.6
2020,Hai Duong,24.89,27.96,22.39,78.55,1812.95,Lua mi,0,0
2020,Hai Duong,24.89,27.96,22.39,78.55,1812.95,Lua mua,324.8,55.9
2020,Hai Duong,24.89,27.96,22.39,78.55,1812.95,Ngo,21.9,3.6
2021,Hai Duong,24.79,28.06,22.12,78.16,1672.45,Khoai,7.8,696
2021,Hai Duong,24.79,28.06,22.12,78.16,1672.45,Lua dong xuan,366.1,55.8
2021,Hai Duong,24.79,28.06,22.12,78.16,1672.45,Lua mi,-0.1,0
2021,Hai Duong,24.79,28.06,22.12,78.16,1672.45,Lua mua,331.4,55.2
2021,Hai Duong,24.79,28.06,22.12,78.16,1672.45,Ngo,22.6,3.6
2022,Hai Duong,24.23,27.49,21.55,79.35,2055.91,Khoai,8.6,752
2022,Hai Duong,24.23,27.49,21.55,79.35,2055.91,Lua dong xuan,369,55
2022,Hai Duong,24.23,27.49,21.55,79.35,2055.91,Lua mi,0,0
2022,Hai Duong,24.23,27.49,21.55,79.35,2055.91,Lua mua,324.4,54.6
2022,Hai Duong,24.23,27.49,21.55,79.35,2055.91,Ngo,22,3.5
2023,Hai Duong,25.09,28.36,22.38,78.14,1545.97,Khoai,8.5,742
2023,Hai Duong,25.09,28.36,22.38,78.14,1545.97,Lua dong xuan,355.4,54.3
2023,Hai Duong,25.09,28.36,22.38,78.14,1545.97,Lua mi,0,0
2023,Hai Duong,25.09,28.36,22.38,78.14,1545.97,Lua mua,324.6,54
2023,Hai Duong,25.09,28.36,22.38,78.14,1545.97,Ngo,21.6,3.4
2024,Hai Duong,25.21,28.36,22.67,79.08,2209.43,Khoai,8.8,769
2024,Hai Duong,25.21,28.36,22.67,79.08,2209.43,Lua dong xuan,363.5,53.9
2024,Hai Duong,25.21,28.36,22.67,79.08,2209.43,Lua mi,0.1,0
2024,Hai Duong,25.21,28.36,22.67,79.08,2209.43,Lua mua,281.1,53.4
2024,Hai Duong,25.21,28.36,22.67,79.08,2209.43,Ngo,21.3,3.4
1995,Haiphong,23.75,25.99,21.86,80.46,1649.01,Khoai,44.3,5
1995,Haiphong,23.75,25.99,21.86,80.46,1649.01,Lua dong xuan,204.1,45.7
1995,Haiphong,23.75,25.99,21.86,80.46,1649.01,Lua mi,0,0
1995,Haiphong,23.75,25.99,21.86,80.46,1649.01,Lua mua,191.9,48
1995,Haiphong,23.75,25.99,21.86,80.46,1649.01,Ngo,1,0.5
1996,Haiphong,23.59,26.04,21.53,80.74,1977.35,Khoai,42.8,4.8
1996,Haiphong,23.59,26.04,21.53,80.74,1977.35,Lua dong xuan,222.4,45.9
1996,Haiphong,23.59,26.04,21.53,80.74,1977.35,Lua mi,0,0
1996,Haiphong,23.59,26.04,21.53,80.74,1977.35,Lua mua,200,48.2
1996,Haiphong,23.59,26.04,21.53,80.74,1977.35,Ngo,1.1,0.5
1997,Haiphong,24.06,26.29,22.17,82.81,2224.36,Khoai,40.3,4.5
1997,Haiphong,24.06,26.29,22.17,82.81,2224.36,Lua dong xuan,218,46.4
1997,Haiphong,24.06,26.29,22.17,82.81,2224.36,Lua mi,0,1.42E-14
1997,Haiphong,24.06,26.29,22.17,82.81,2224.36,Lua mua,210,48.7
1997,Haiphong,24.06,26.29,22.17,82.81,2224.36,Ngo,2.6,0.8
1998,Haiphong,24.85,27.28,22.82,79.97,1424.73,Khoai,34.1,3.7
1998,Haiphong,24.85,27.28,22.82,79.97,1424.73,Lua dong xuan,219.3,46
1998,Haiphong,24.85,27.28,22.82,79.97,1424.73,Lua mi,0,0
1998,Haiphong,24.85,27.28,22.82,79.97,1424.73,Lua mua,219.6,48.8
1998,Haiphong,24.85,27.28,22.82,79.97,1424.73,Ngo,2.5,0.8
1999,Haiphong,23.99,26.4,21.97,80.43,1555.02,Khoai,38.9,4.2
1999,Haiphong,23.99,26.4,21.97,80.43,1555.02,Lua dong xuan,234.1,46.2
1999,Haiphong,23.99,26.4,21.97,80.43,1555.02,Lua mi,0,0
1999,Haiphong,23.99,26.4,21.97,80.43,1555.02,Lua mua,237,49
1999,Haiphong,23.99,26.4,21.97,80.43,1555.02,Ngo,1.5,0.5
2000,Haiphong,23.89,26.31,21.83,81.08,1579.62,Khoai,37.8,4.1
2000,Haiphong,23.89,26.31,21.83,81.08,1579.62,Lua dong xuan,256.6,46.5
2000,Haiphong,23.89,26.31,21.83,81.08,1579.62,Lua mi,0,0
2000,Haiphong,23.89,26.31,21.83,81.08,1579.62,Lua mua,233.7,49.4
2000,Haiphong,23.89,26.31,21.83,81.08,1579.62,Ngo,1.8,0.6
2001,Haiphong,23.9,26.21,21.89,82.55,1944.93,Khoai,32.3,3.5
2001,Haiphong,23.9,26.21,21.89,82.55,1944.93,Lua dong xuan,251.1,46.5
2001,Haiphong,23.9,26.21,21.89,82.55,1944.93,Lua mi,0,0
2001,Haiphong,23.9,26.21,21.89,82.55,1944.93,Lua mua,236.5,48.9
2001,Haiphong,23.9,26.21,21.89,82.55,1944.93,Ngo,0.9,0.3
2002,Haiphong,24.2,26.58,22.21,83.03,1879.4,Khoai,33.5,3.5
2002,Haiphong,24.2,26.58,22.21,83.03,1879.4,Lua dong xuan,257,45.7
2002,Haiphong,24.2,26.58,22.21,83.03,1879.4,Lua mi,0,0
2002,Haiphong,24.2,26.58,22.21,83.03,1879.4,Lua mua,241.4,48.3
2002,Haiphong,24.2,26.58,22.21,83.03,1879.4,Ngo,1.6,0.5
2003,Haiphong,24.61,27.18,22.41,80.54,1693.85,Khoai,29.7,3
2003,Haiphong,24.61,27.18,22.41,80.54,1693.85,Lua dong xuan,267.3,45.1
2003,Haiphong,24.61,27.18,22.41,80.54,1693.85,Lua mi,0,0
2003,Haiphong,24.61,27.18,22.41,80.54,1693.85,Lua mua,234.1,47
2003,Haiphong,24.61,27.18,22.41,80.54,1693.85,Ngo,4.1,0.9
2004,Haiphong,23.78,26.38,21.58,80.47,1521.21,Khoai,26.4,2.7
2004,Haiphong,23.78,26.38,21.58,80.47,1521.21,Lua dong xuan,266.2,44
2004,Haiphong,23.78,26.38,21.58,80.47,1521.21,Lua mi,0,0
2004,Haiphong,23.78,26.38,21.58,80.47,1521.21,Lua mua,239.3,45.9
2004,Haiphong,23.78,26.38,21.58,80.47,1521.21,Ngo,7.4,1.6
2005,Haiphong,23.92,26.24,21.98,80.5,1596.94,Khoai,22.6,2.4
2005,Haiphong,23.92,26.24,21.98,80.5,1596.94,Lua dong xuan,265.4,43.1
2005,Haiphong,23.92,26.24,21.98,80.5,1596.94,Lua mi,-5.68E-14,1.42E-14
2005,Haiphong,23.92,26.24,21.98,80.5,1596.94,Lua mua,193.9,45.2
2005,Haiphong,23.92,26.24,21.98,80.5,1596.94,Ngo,7.6,1.6
2006,Haiphong,24.37,26.93,22.25,79.63,1349.91,Khoai,20.8,2.1
2006,Haiphong,24.37,26.93,22.25,79.63,1349.91,Lua dong xuan,264.5,42.1
2006,Haiphong,24.37,26.93,22.25,79.63,1349.91,Lua mi,0,-1.42E-14
2006,Haiphong,24.37,26.93,22.25,79.63,1349.91,Lua mua,217.4,44.8
2006,Haiphong,24.37,26.93,22.25,79.63,1349.91,Ngo,6.3,1.4
2007,Haiphong,24.16,26.78,21.99,79.39,1427.54,Khoai,19.3,1.9
2007,Haiphong,24.16,26.78,21.99,79.39,1427.54,Lua dong xuan,228.5,41.8
2007,Haiphong,24.16,26.78,21.99,79.39,1427.54,Lua mi,5.68E-14,2.5
2007,Haiphong,24.16,26.78,21.99,79.39,1427.54,Lua mua,232.9,43.8
2007,Haiphong,24.16,26.78,21.99,79.39,1427.54,Ngo,7.9,1.6
2008,Haiphong,23.48,25.99,21.38,79.8,1858.49,Khoai,18.4,1.7
2008,Haiphong,23.48,25.99,21.38,79.8,1858.49,Lua dong xuan,254.3,40
2008,Haiphong,23.48,25.99,21.38,79.8,1858.49,Lua mi,0,0.7
2008,Haiphong,23.48,25.99,21.38,79.8,1858.49,Lua mua,221.6,43.1
2008,Haiphong,23.48,25.99,21.38,79.8,1858.49,Ngo,9.6,1.9
2009,Haiphong,24.37,26.9,22.27,80.27,1914.23,Khoai,16.2,1.5
2009,Haiphong,24.37,26.9,22.27,80.27,1914.23,Lua dong xuan,252.3,40.1
2009,Haiphong,24.37,26.9,22.27,80.27,1914.23,Lua mi,-5.68E-14,-1.42E-14
2009,Haiphong,24.37,26.9,22.27,80.27,1914.23,Lua mua,236,42.3
2009,Haiphong,24.37,26.9,22.27,80.27,1914.23,Ngo,10.1,1.9
2010,Haiphong,24.43,26.81,22.35,80.62,1933.67,Khoai,16,1.4
2010,Haiphong,24.43,26.81,22.35,80.62,1933.67,Lua dong xuan,250.1,39.2
2010,Haiphong,24.43,26.81,22.35,80.62,1933.67,Lua mi,0,0
2010,Haiphong,24.43,26.81,22.35,80.62,1933.67,Lua mua,235.4,41.7
2010,Haiphong,24.43,26.81,22.35,80.62,1933.67,Ngo,13.7,2.6
2011,Haiphong,23.02,25.34,20.99,79.47,1630.89,Khoai,15.9,1.5
2011,Haiphong,23.02,25.34,20.99,79.47,1630.89,Lua dong xuan,261.3,38.5
2011,Haiphong,23.02,25.34,20.99,79.47,1630.89,Lua mi,5.68E-14,1.42E-14
2011,Haiphong,23.02,25.34,20.99,79.47,1630.89,Lua mua,223.1,41.1
2011,Haiphong,23.02,25.34,20.99,79.47,1630.89,Ngo,13.7,2.6
2012,Haiphong,24.04,26.23,22.11,82.47,2081.09,Khoai,13.8,1.3
2012,Haiphong,24.04,26.23,22.11,82.47,2081.09,Lua dong xuan,265.9,38.5
2012,Haiphong,24.04,26.23,22.11,82.47,2081.09,Lua mi,0,0
2012,Haiphong,24.04,26.23,22.11,82.47,2081.09,Lua mua,224.2,40.7
2012,Haiphong,24.04,26.23,22.11,82.47,2081.09,Ngo,9,1.8
2013,Haiphong,23.95,26.33,21.91,81.49,2151.55,Khoai,14.5,1.4
2013,Haiphong,23.95,26.33,21.91,81.49,2151.55,Lua dong xuan,262.6,38
2013,Haiphong,23.95,26.33,21.91,81.49,2151.55,Lua mi,5.68E-14,0
2013,Haiphong,23.95,26.33,21.91,81.49,2151.55,Lua mua,227.6,40.2
2013,Haiphong,23.95,26.33,21.91,81.49,2151.55,Ngo,7.9,1.6
2014,Haiphong,24.18,26.52,22.12,81.48,1986.47,Khoai,10.8,1
2014,Haiphong,24.18,26.52,22.12,81.48,1986.47,Lua dong xuan,259.3,37.5
2014,Haiphong,24.18,26.52,22.12,81.48,1986.47,Lua mi,0,1.42E-14
2014,Haiphong,24.18,26.52,22.12,81.48,1986.47,Lua mua,225.4,39.6
2014,Haiphong,24.18,26.52,22.12,81.48,1986.47,Ngo,6.3,1.3
2015,Haiphong,24.99,27.35,22.98,81.2,1743.28,Khoai,9.6,0.9
2015,Haiphong,24.99,27.35,22.98,81.2,1743.28,Lua dong xuan,254.7,36.7
2015,Haiphong,24.99,27.35,22.98,81.2,1743.28,Lua mi,-0.1,0.1
2015,Haiphong,24.99,27.35,22.98,81.2,1743.28,Lua mua,223.6,39.1
2015,Haiphong,24.99,27.35,22.98,81.2,1743.28,Ngo,5.8,1.1
2016,Haiphong,24.45,26.83,22.39,80.57,1785.19,Khoai,8.3,0.8
2016,Haiphong,24.45,26.83,22.39,80.57,1785.19,Lua dong xuan,248.1,35.7
2016,Haiphong,24.45,26.83,22.39,80.57,1785.19,Lua mi,0,0
2016,Haiphong,24.45,26.83,22.39,80.57,1785.19,Lua mua,217,38.3
2016,Haiphong,24.45,26.83,22.39,80.57,1785.19,Ngo,5.9,1.2
2017,Haiphong,24.43,26.7,22.49,80.76,2322.03,Khoai,7.8,0.7
2017,Haiphong,24.43,26.7,22.49,80.76,2322.03,Lua dong xuan,243.8,35.1
2017,Haiphong,24.43,26.7,22.49,80.76,2322.03,Lua mi,0,0
2017,Haiphong,24.43,26.7,22.49,80.76,2322.03,Lua mua,192.9,37.2
2017,Haiphong,24.43,26.7,22.49,80.76,2322.03,Ngo,5.3,1
2018,Haiphong,24.41,26.73,22.47,81.43,2314.96,Khoai,7.7,706
2018,Haiphong,24.41,26.73,22.47,81.43,2314.96,Lua dong xuan,240,34.2
2018,Haiphong,24.41,26.73,22.47,81.43,2314.96,Lua mi,0,0
2018,Haiphong,24.41,26.73,22.47,81.43,2314.96,Lua mua,200.8,35.1
2018,Haiphong,24.41,26.73,22.47,81.43,2314.96,Ngo,4.9,0.9
2019,Haiphong,25.3,27.66,23.31,81.67,1614.35,Khoai,8.5,758
2019,Haiphong,25.3,27.66,23.31,81.67,1614.35,Lua dong xuan,227.1,32.6
2019,Haiphong,25.3,27.66,23.31,81.67,1614.35,Lua mi,0,-1.42E-14
2019,Haiphong,25.3,27.66,23.31,81.67,1614.35,Lua mua,186.1,32.3
2019,Haiphong,25.3,27.66,23.31,81.67,1614.35,Ngo,4.6,0.9
2020,Haiphong,24.91,27.15,22.99,80.1,1787.98,Khoai,7.6,669
2020,Haiphong,24.91,27.15,22.99,80.1,1787.98,Lua dong xuan,202,29
2020,Haiphong,24.91,27.15,22.99,80.1,1787.98,Lua mi,-5.68E-14,0
2020,Haiphong,24.91,27.15,22.99,80.1,1787.98,Lua mua,174.1,29.6
2020,Haiphong,24.91,27.15,22.99,80.1,1787.98,Ngo,5.1,1
2021,Haiphong,24.76,27.11,22.69,79.62,1716.97,Khoai,7.8,695
2021,Haiphong,24.76,27.11,22.69,79.62,1716.97,Lua dong xuan,199.5,28.4
2021,Haiphong,24.76,27.11,22.69,79.62,1716.97,Lua mi,0,-7.11E-15
2021,Haiphong,24.76,27.11,22.69,79.62,1716.97,Lua mua,171.2,29.3
2021,Haiphong,24.76,27.11,22.69,79.62,1716.97,Ngo,5.8,1.1
2022,Haiphong,24.25,26.65,22.18,80.44,2027.71,Khoai,8.3,745.7
2022,Haiphong,24.25,26.65,22.18,80.44,2027.71,Lua dong xuan,196.8,28
2022,Haiphong,24.25,26.65,22.18,80.44,2027.71,Lua mi,0,0
2022,Haiphong,24.25,26.65,22.18,80.44,2027.71,Lua mua,169,28.8
2022,Haiphong,24.25,26.65,22.18,80.44,2027.71,Ngo,5.2,1
2023,Haiphong,25.02,27.4,22.96,79.58,1491.74,Khoai,8.7,773.3
2023,Haiphong,25.02,27.4,22.96,79.58,1491.74,Lua dong xuan,193.5,27.6
2023,Haiphong,25.02,27.4,22.96,79.58,1491.74,Lua mi,0,0
2023,Haiphong,25.02,27.4,22.96,79.58,1491.74,Lua mua,166.1,28.2
2023,Haiphong,25.02,27.4,22.96,79.58,1491.74,Ngo,5,1
2024,Haiphong,25.18,27.46,23.23,80.21,2246.52,Khoai,7.7,705.2
2024,Haiphong,25.18,27.46,23.23,80.21,2246.52,Lua dong xuan,191.8,27.3
2024,Haiphong,25.18,27.46,23.23,80.21,2246.52,Lua mi,0,0.1
2024,Haiphong,25.18,27.46,23.23,80.21,2246.52,Lua mua,85.4,28.6
2024,Haiphong,25.18,27.46,23.23,80.21,2246.52,Ngo,4.8,0.9
1995,Hanoi,23.53,26.9,20.83,80.37,1797.55,Khoai,29.7,4.8
1995,Hanoi,23.53,26.9,20.83,80.37,1797.55,Lua dong xuan,80.3,26.2
1995,Hanoi,23.53,26.9,20.83,80.37,1797.55,Lua mi,0,0
1995,Hanoi,23.53,26.9,20.83,80.37,1797.55,Lua mua,96.8,29.9
1995,Hanoi,23.53,26.9,20.83,80.37,1797.55,Ngo,21.8,9.6
1995,Hanoi,23.53,26.9,20.83,80.37,1797.55,San,1.8,0.3
1996,Hanoi,23.4,27.02,20.48,79.93,2146.91,Khoai,31.6,4.7
1996,Hanoi,23.4,27.02,20.48,79.93,2146.91,Lua dong xuan,104.5,25.3
1996,Hanoi,23.4,27.02,20.48,79.93,2146.91,Lua mi,0,1.42E-14
1996,Hanoi,23.4,27.02,20.48,79.93,2146.91,Lua mua,86.5,29.5
1996,Hanoi,23.4,27.02,20.48,79.93,2146.91,Ngo,31,11.1
1996,Hanoi,23.4,27.02,20.48,79.93,2146.91,San,2,0.3
1997,Hanoi,24.04,27.42,21.38,81.02,1984.61,Khoai,22.4,3.7
1997,Hanoi,24.04,27.42,21.38,81.02,1984.61,Lua dong xuan,103.4,26.2
1997,Hanoi,24.04,27.42,21.38,81.02,1984.61,Lua mi,0,0
1997,Hanoi,24.04,27.42,21.38,81.02,1984.61,Lua mua,84.3,28.3
1997,Hanoi,24.04,27.42,21.38,81.02,1984.61,Ngo,35.9,11.6
1997,Hanoi,24.04,27.42,21.38,81.02,1984.61,San,1.7,0.3
1998,Hanoi,24.72,28.44,21.73,79.12,1734,Khoai,24,4
1998,Hanoi,24.72,28.44,21.73,79.12,1734,Lua dong xuan,92.3,24.9
1998,Hanoi,24.72,28.44,21.73,79.12,1734,Lua mi,0,0
1998,Hanoi,24.72,28.44,21.73,79.12,1734,Lua mua,107.9,29.1
1998,Hanoi,24.72,28.44,21.73,79.12,1734,Ngo,32.4,12.3
1998,Hanoi,24.72,28.44,21.73,79.12,1734,San,1.4,0.3
1999,Hanoi,23.98,27.54,21.15,80.2,1683.48,Khoai,25.6,4
1999,Hanoi,23.98,27.54,21.15,80.2,1683.48,Lua dong xuan,93.1,24.8
1999,Hanoi,23.98,27.54,21.15,80.2,1683.48,Lua mi,0,0
1999,Hanoi,23.98,27.54,21.15,80.2,1683.48,Lua mua,114.5,29.1
1999,Hanoi,23.98,27.54,21.15,80.2,1683.48,Ngo,31.1,11.7
1999,Hanoi,23.98,27.54,21.15,80.2,1683.48,San,2.5,0.4
2000,Hanoi,23.83,27.25,21.02,80.66,1817.58,Khoai,24.7,3.8
2000,Hanoi,23.83,27.25,21.02,80.66,1817.58,Lua dong xuan,113.6,25.5
2000,Hanoi,23.83,27.25,21.02,80.66,1817.58,Lua mi,0,0
2000,Hanoi,23.83,27.25,21.02,80.66,1817.58,Lua mua,111,28.7
2000,Hanoi,23.83,27.25,21.02,80.66,1817.58,Ngo,31.7,12.1
2000,Hanoi,23.83,27.25,21.02,80.66,1817.58,San,2.8,0.4
2001,Hanoi,23.89,27.27,21.12,81.67,1975.03,Khoai,27.1,4.1
2001,Hanoi,23.89,27.27,21.12,81.67,1975.03,Lua dong xuan,103.9,25.5
2001,Hanoi,23.89,27.27,21.12,81.67,1975.03,Lua mi,0,7.11E-15
2001,Hanoi,23.89,27.27,21.12,81.67,1975.03,Lua mua,90.1,26.8
2001,Hanoi,23.89,27.27,21.12,81.67,1975.03,Ngo,28.4,10.3
2001,Hanoi,23.89,27.27,21.12,81.67,1975.03,San,2.6,0.4
2002,Hanoi,24.2,27.68,21.44,81.82,1786.93,Khoai,28.1,3.9
2002,Hanoi,24.2,27.68,21.44,81.82,1786.93,Lua dong xuan,104.4,24.8
2002,Hanoi,24.2,27.68,21.44,81.82,1786.93,Lua mi,0,0
2002,Hanoi,24.2,27.68,21.44,81.82,1786.93,Lua mua,100.3,27.4
2002,Hanoi,24.2,27.68,21.44,81.82,1786.93,Ngo,28.5,9.8
2002,Hanoi,24.2,27.68,21.44,81.82,1786.93,San,2.1,0.3
2003,Hanoi,24.66,28.53,21.47,79.17,1549.46,Khoai,20.5,3.1
2003,Hanoi,24.66,28.53,21.47,79.17,1549.46,Lua dong xuan,107.9,24.3
2003,Hanoi,24.66,28.53,21.47,79.17,1549.46,Lua mi,0,7.11E-15
2003,Hanoi,24.66,28.53,21.47,79.17,1549.46,Lua mua,95.3,26.5
2003,Hanoi,24.66,28.53,21.47,79.17,1549.46,Ngo,27.8,8.9
2003,Hanoi,24.66,28.53,21.47,79.17,1549.46,San,2,0.2
2004,Hanoi,23.8,27.5,20.69,79.2,1404.49,Khoai,19.4,2.9
2004,Hanoi,23.8,27.5,20.69,79.2,1404.49,Lua dong xuan,105.6,22.4
2004,Hanoi,23.8,27.5,20.69,79.2,1404.49,Lua mi,0,7.11E-15
2004,Hanoi,23.8,27.5,20.69,79.2,1404.49,Lua mua,95,25
2004,Hanoi,23.8,27.5,20.69,79.2,1404.49,Ngo,27,8.7
2004,Hanoi,23.8,27.5,20.69,79.2,1404.49,San,1.9,0.2
2005,Hanoi,23.84,27.24,21.03,80.34,1759.13,Khoai,13,2.1
2005,Hanoi,23.84,27.24,21.03,80.34,1759.13,Lua dong xuan,96.6,20.9
2005,Hanoi,23.84,27.24,21.03,80.34,1759.13,Lua mi,0,0
2005,Hanoi,23.84,27.24,21.03,80.34,1759.13,Lua mua,93,24.1
2005,Hanoi,23.84,27.24,21.03,80.34,1759.13,Ngo,26.1,8.8
2005,Hanoi,23.84,27.24,21.03,80.34,1759.13,San,1.8,0.2
2006,Hanoi,24.25,27.85,21.29,79.56,1559.42,Khoai,10.8,1.7
2006,Hanoi,24.25,27.85,21.29,79.56,1559.42,Lua dong xuan,96.4,20.7
2006,Hanoi,24.25,27.85,21.29,79.56,1559.42,Lua mi,-2.84E-14,0
2006,Hanoi,24.25,27.85,21.29,79.56,1559.42,Lua mua,87.5,23.3
2006,Hanoi,24.25,27.85,21.29,79.56,1559.42,Ngo,27.8,8.9
2006,Hanoi,24.25,27.85,21.29,79.56,1559.42,San,1.4,0.2
2007,Hanoi,24.12,27.81,21.06,79.06,1595.51,Khoai,9.7,1.4
2007,Hanoi,24.12,27.81,21.06,79.06,1595.51,Lua dong xuan,87.9,20.6
2007,Hanoi,24.12,27.81,21.06,79.06,1595.51,Lua mi,0,-8
2007,Hanoi,24.12,27.81,21.06,79.06,1595.51,Lua mua,96.3,22.7
2007,Hanoi,24.12,27.81,21.06,79.06,1595.51,Ngo,28.5,8.8
2007,Hanoi,24.12,27.81,21.06,79.06,1595.51,San,1.8,0.2
2008,Hanoi,23.33,26.85,20.51,79.79,1921.02,Khoai,61.1,7.5
2008,Hanoi,23.33,26.85,20.51,79.79,1921.02,Lua dong xuan,605,101.2
2008,Hanoi,23.33,26.85,20.51,79.79,1921.02,Lua mi,0,-0.2
2008,Hanoi,23.33,26.85,20.51,79.79,1921.02,Lua mua,572.8,105.5
2008,Hanoi,23.33,26.85,20.51,79.79,1921.02,Ngo,111,25.9
2008,Hanoi,23.33,26.85,20.51,79.79,1921.02,San,34.2,2.4
2009,Hanoi,24.37,28.13,21.34,78.86,1698.3,Khoai,32.9,4.2
2009,Hanoi,24.37,28.13,21.34,78.86,1698.3,Lua dong xuan,601.4,103.2
2009,Hanoi,24.37,28.13,21.34,78.86,1698.3,Lua mi,2.27E-13,0
2009,Hanoi,24.37,28.13,21.34,78.86,1698.3,Lua mua,552.7,103.7
2009,Hanoi,24.37,28.13,21.34,78.86,1698.3,Ngo,75.1,18.4
2009,Hanoi,24.37,28.13,21.34,78.86,1698.3,San,44.2,2.5
2010,Hanoi,24.51,28.2,21.44,78.86,2200.22,Khoai,51.1,5.9
2010,Hanoi,24.51,28.2,21.44,78.86,2200.22,Lua dong xuan,590,101.8
2010,Hanoi,24.51,28.2,21.44,78.86,2200.22,Lua mi,0,0
2010,Hanoi,24.51,28.2,21.44,78.86,2200.22,Lua mua,535.1,102.9
2010,Hanoi,24.51,28.2,21.44,78.86,2200.22,Ngo,112.4,25
2010,Hanoi,24.51,28.2,21.44,78.86,2200.22,San,38.4,2.1
2011,Hanoi,22.95,26.2,20.21,79.64,1671.1,Khoai,46.7,5.1
2011,Hanoi,22.95,26.2,20.21,79.64,1671.1,Lua dong xuan,638.8,102
2011,Hanoi,22.95,26.2,20.21,79.64,1671.1,Lua mi,0,-2.84E-14
2011,Hanoi,22.95,26.2,20.21,79.64,1671.1,Lua mua,581.5,102.9
2011,Hanoi,22.95,26.2,20.21,79.64,1671.1,Ngo,111.9,24.3
2011,Hanoi,22.95,26.2,20.21,79.64,1671.1,San,38.1,2.1
2012,Hanoi,23.99,27.3,21.28,81.52,1852.74,Khoai,41.2,4.4
2012,Hanoi,23.99,27.3,21.28,81.52,1852.74,Lua dong xuan,634.2,102.7
2012,Hanoi,23.99,27.3,21.28,81.52,1852.74,Lua mi,0,0
2012,Hanoi,23.99,27.3,21.28,81.52,1852.74,Lua mua,568.2,102.7
2012,Hanoi,23.99,27.3,21.28,81.52,1852.74,Ngo,99.5,20.5
2012,Hanoi,23.99,27.3,21.28,81.52,1852.74,San,40.2,2.1
2013,Hanoi,23.91,27.39,21.11,81.04,2034.82,Khoai,40.4,4
2013,Hanoi,23.91,27.39,21.11,81.04,2034.82,Lua dong xuan,625.6,102.3
2013,Hanoi,23.91,27.39,21.11,81.04,2034.82,Lua mi,0,0
2013,Hanoi,23.91,27.39,21.11,81.04,2034.82,Lua mua,530.9,102
2013,Hanoi,23.91,27.39,21.11,81.04,2034.82,Ngo,100,20.7
2013,Hanoi,23.91,27.39,21.11,81.04,2034.82,San,40.6,2.1
2014,Hanoi,24.1,27.64,21.23,80.76,1772.57,Khoai,34.5,3.4
2014,Hanoi,24.1,27.64,21.23,80.76,1772.57,Lua dong xuan,620.7,101.6
2014,Hanoi,24.1,27.64,21.23,80.76,1772.57,Lua mi,0,0
2014,Hanoi,24.1,27.64,21.23,80.76,1772.57,Lua mua,554.8,101.2
2014,Hanoi,24.1,27.64,21.23,80.76,1772.57,Ngo,98,20.2
2014,Hanoi,24.1,27.64,21.23,80.76,1772.57,San,37.8,1.9
2015,Hanoi,25,28.57,22.14,80.07,1868.98,Khoai,39,4
2015,Hanoi,25,28.57,22.14,80.07,1868.98,Lua dong xuan,616.7,101
2015,Hanoi,25,28.57,22.14,80.07,1868.98,Lua mi,-0.1,-0.1
2015,Hanoi,25,28.57,22.14,80.07,1868.98,Lua mua,552.8,99.6
2015,Hanoi,25,28.57,22.14,80.07,1868.98,Ngo,102.6,21.1
2015,Hanoi,25,28.57,22.14,80.07,1868.98,San,34.9,1.8
2016,Hanoi,24.59,28.11,21.7,79.52,1750.47,Khoai,34.7,3.5
2016,Hanoi,24.59,28.11,21.7,79.52,1750.47,Lua dong xuan,605.7,99.4
2016,Hanoi,24.59,28.11,21.7,79.52,1750.47,Lua mi,-0.1,0
2016,Hanoi,24.59,28.11,21.7,79.52,1750.47,Lua mua,503.9,97.7
2016,Hanoi,24.59,28.11,21.7,79.52,1750.47,Ngo,97.1,19.9
2016,Hanoi,24.59,28.11,21.7,79.52,1750.47,San,31.8,1.6
2017,Hanoi,24.37,27.6,21.76,80.62,2228.77,Khoai,33.4,3.2
2017,Hanoi,24.37,27.6,21.76,80.62,2228.77,Lua dong xuan,594.4,96.9
2017,Hanoi,24.37,27.6,21.76,80.62,2228.77,Lua mi,0,0
2017,Hanoi,24.37,27.6,21.76,80.62,2228.77,Lua mua,456.7,93
2017,Hanoi,24.37,27.6,21.76,80.62,2228.77,Ngo,94.4,19.1
2017,Hanoi,24.37,27.6,21.76,80.62,2228.77,San,22.9,1.2
2018,Hanoi,24.48,27.91,21.77,80.49,2148.45,Khoai,28.1,2614
2018,Hanoi,24.48,27.91,21.77,80.49,2148.45,Lua dong xuan,584.3,93.1
2018,Hanoi,24.48,27.91,21.77,80.49,2148.45,Lua mi,0,0
2018,Hanoi,24.48,27.91,21.77,80.49,2148.45,Lua mua,440.3,86.4
2018,Hanoi,24.48,27.91,21.77,80.49,2148.45,Ngo,84,16.9
2018,Hanoi,24.48,27.91,21.77,80.49,2148.45,San,21,1
2019,Hanoi,25.04,28.58,22.22,81.45,1828.55,Khoai,23.9,2293
2019,Hanoi,25.04,28.58,22.22,81.45,1828.55,Lua dong xuan,532.6,90.6
2019,Hanoi,25.04,28.58,22.22,81.45,1828.55,Lua mi,-0.1,2.84E-14
2019,Hanoi,25.04,28.58,22.22,81.45,1828.55,Lua mua,436.8,81.1
2019,Hanoi,25.04,28.58,22.22,81.45,1828.55,Ngo,78.4,15.6
2019,Hanoi,25.04,28.58,22.22,81.45,1828.55,San,19,1
2020,Hanoi,24.63,28.05,21.88,79.97,2101.16,Khoai,18.5,1945
2020,Hanoi,24.63,28.05,21.88,79.97,2101.16,Lua dong xuan,518.5,86.9
2020,Hanoi,24.63,28.05,21.88,79.97,2101.16,Lua mi,0,0
2020,Hanoi,24.63,28.05,21.88,79.97,2101.16,Lua mua,455,78.7
2020,Hanoi,24.63,28.05,21.88,79.97,2101.16,Ngo,71.2,13.8
2020,Hanoi,24.63,28.05,21.88,79.97,2101.16,San,17.3,0.7
2021,Hanoi,24.71,28.3,21.84,78.87,1726.38,Khoai,15.3,1608
2021,Hanoi,24.71,28.3,21.84,78.87,1726.38,Lua dong xuan,532.7,85.1
2021,Hanoi,24.71,28.3,21.84,78.87,1726.38,Lua mi,0,-0.1
2021,Hanoi,24.71,28.3,21.84,78.87,1726.38,Lua mua,451.1,77.1
2021,Hanoi,24.71,28.3,21.84,78.87,1726.38,Ngo,69.5,13.2
2021,Hanoi,24.71,28.3,21.84,78.87,1726.38,San,15.4,0.7
2022,Hanoi,24.17,27.64,21.34,79.88,1996.46,Khoai,14.6,1584.7
2022,Hanoi,24.17,27.64,21.34,79.88,1996.46,Lua dong xuan,515.3,83.7
2022,Hanoi,24.17,27.64,21.34,79.88,1996.46,Lua mi,-0.1,0.1
2022,Hanoi,24.17,27.64,21.34,79.88,1996.46,Lua mua,437.1,74.9
2022,Hanoi,24.17,27.64,21.34,79.88,1996.46,Ngo,72.5,13.6
2022,Hanoi,24.17,27.64,21.34,79.88,1996.46,San,11.6,0.6
2023,Hanoi,24.99,28.55,22.05,78.86,1656.68,Khoai,12.2,1322.7
2023,Hanoi,24.99,28.55,22.05,78.86,1656.68,Lua dong xuan,517.9,82.5
2023,Hanoi,24.99,28.55,22.05,78.86,1656.68,Lua mi,1.14E-13,0
2023,Hanoi,24.99,28.55,22.05,78.86,1656.68,Lua mua,421.4,72.5
2023,Hanoi,24.99,28.55,22.05,78.86,1656.68,Ngo,64.3,12.2
2023,Hanoi,24.99,28.55,22.05,78.86,1656.68,San,13.6,0.6
2024,Hanoi,25.08,28.5,22.32,80.23,2370.25,Khoai,12.7,1305.6
2024,Hanoi,25.08,28.5,22.32,80.23,2370.25,Lua dong xuan,508.7,81
2024,Hanoi,25.08,28.5,22.32,80.23,2370.25,Lua mi,0,0
2024,Hanoi,25.08,28.5,22.32,80.23,2370.25,Lua mua,354,71.9
2024,Hanoi,25.08,28.5,22.32,80.23,2370.25,Ngo,61.2,12.1
2024,Hanoi,25.08,28.5,22.32,80.23,2370.25,San,11.2,0.5
1995,Hau Giang,27.08,31.3,24.19,79.54,1915.5,Khoai,,
1995,Hau Giang,27.08,31.3,24.19,79.54,1915.5,Lua dong xuan,,
1995,Hau Giang,27.08,31.3,24.19,79.54,1915.5,Lua he thu,,
1995,Hau Giang,27.08,31.3,24.19,79.54,1915.5,Lua mi,,
1995,Hau Giang,27.08,31.3,24.19,79.54,1915.5,Lua mua,,
1995,Hau Giang,27.08,31.3,24.19,79.54,1915.5,Ngo,,
1996,Hau Giang,26.63,30.65,23.9,82.48,2352.56,Khoai,,
1996,Hau Giang,26.63,30.65,23.9,82.48,2352.56,Lua dong xuan,,
1996,Hau Giang,26.63,30.65,23.9,82.48,2352.56,Lua he thu,,
1996,Hau Giang,26.63,30.65,23.9,82.48,2352.56,Lua mi,,
1996,Hau Giang,26.63,30.65,23.9,82.48,2352.56,Lua mua,,
1996,Hau Giang,26.63,30.65,23.9,82.48,2352.56,Ngo,,
1997,Hau Giang,27.08,31.19,24.3,80.46,1697.72,Khoai,,
1997,Hau Giang,27.08,31.19,24.3,80.46,1697.72,Lua dong xuan,,
1997,Hau Giang,27.08,31.19,24.3,80.46,1697.72,Lua he thu,,
1997,Hau Giang,27.08,31.19,24.3,80.46,1697.72,Lua mi,,
1997,Hau Giang,27.08,31.19,24.3,80.46,1697.72,Lua mua,,
1997,Hau Giang,27.08,31.19,24.3,80.46,1697.72,Ngo,,
1998,Hau Giang,27.77,31.97,25.02,79.48,2204.23,Khoai,,
1998,Hau Giang,27.77,31.97,25.02,79.48,2204.23,Lua dong xuan,,
1998,Hau Giang,27.77,31.97,25.02,79.48,2204.23,Lua he thu,,
1998,Hau Giang,27.77,31.97,25.02,79.48,2204.23,Lua mi,,
1998,Hau Giang,27.77,31.97,25.02,79.48,2204.23,Lua mua,,
1998,Hau Giang,27.77,31.97,25.02,79.48,2204.23,Ngo,,
1999,Hau Giang,26.59,30.35,24.08,83.51,2571.46,Khoai,,
1999,Hau Giang,26.59,30.35,24.08,83.51,2571.46,Lua dong xuan,,
1999,Hau Giang,26.59,30.35,24.08,83.51,2571.46,Lua he thu,,
1999,Hau Giang,26.59,30.35,24.08,83.51,2571.46,Lua mi,,
1999,Hau Giang,26.59,30.35,24.08,83.51,2571.46,Lua mua,,
1999,Hau Giang,26.59,30.35,24.08,83.51,2571.46,Ngo,,
2000,Hau Giang,26.88,30.66,24.35,82.85,2269.35,Khoai,,
2000,Hau Giang,26.88,30.66,24.35,82.85,2269.35,Lua dong xuan,,
2000,Hau Giang,26.88,30.66,24.35,82.85,2269.35,Lua he thu,,
2000,Hau Giang,26.88,30.66,24.35,82.85,2269.35,Lua mi,,
2000,Hau Giang,26.88,30.66,24.35,82.85,2269.35,Lua mua,,
2000,Hau Giang,26.88,30.66,24.35,82.85,2269.35,Ngo,,
2001,Hau Giang,27.05,30.84,24.52,82.3,2143.96,Khoai,,
2001,Hau Giang,27.05,30.84,24.52,82.3,2143.96,Lua dong xuan,,
2001,Hau Giang,27.05,30.84,24.52,82.3,2143.96,Lua he thu,,
2001,Hau Giang,27.05,30.84,24.52,82.3,2143.96,Lua mi,,
2001,Hau Giang,27.05,30.84,24.52,82.3,2143.96,Lua mua,,
2001,Hau Giang,27.05,30.84,24.52,82.3,2143.96,Ngo,,
2002,Hau Giang,27.7,31.85,24.92,77.39,1680.47,Khoai,,
2002,Hau Giang,27.7,31.85,24.92,77.39,1680.47,Lua dong xuan,,
2002,Hau Giang,27.7,31.85,24.92,77.39,1680.47,Lua he thu,,
2002,Hau Giang,27.7,31.85,24.92,77.39,1680.47,Lua mi,,
2002,Hau Giang,27.7,31.85,24.92,77.39,1680.47,Lua mua,,
2002,Hau Giang,27.7,31.85,24.92,77.39,1680.47,Ngo,,
2003,Hau Giang,27.28,31.18,24.64,79.81,2140.6,Khoai,,
2003,Hau Giang,27.28,31.18,24.64,79.81,2140.6,Lua dong xuan,,
2003,Hau Giang,27.28,31.18,24.64,79.81,2140.6,Lua he thu,,
2003,Hau Giang,27.28,31.18,24.64,79.81,2140.6,Lua mi,,
2003,Hau Giang,27.28,31.18,24.64,79.81,2140.6,Lua mua,,
2003,Hau Giang,27.28,31.18,24.64,79.81,2140.6,Ngo,,
2004,Hau Giang,27.21,31.05,24.46,79.08,1670.26,Khoai,6.5,0.5
2004,Hau Giang,27.21,31.05,24.46,79.08,1670.26,Lua dong xuan,520.8,84.9
2004,Hau Giang,27.21,31.05,24.46,79.08,1670.26,Lua he thu,555.9,143.5
2004,Hau Giang,27.21,31.05,24.46,79.08,1670.26,Lua mi,0,-2.84E-14
2004,Hau Giang,27.21,31.05,24.46,79.08,1670.26,Lua mua,,
2004,Hau Giang,27.21,31.05,24.46,79.08,1670.26,Ngo,10.1,2.3
2005,Hau Giang,27.18,31.06,24.52,79.62,1997.42,Khoai,10.4,0.7
2005,Hau Giang,27.18,31.06,24.52,79.62,1997.42,Lua dong xuan,546.1,85.4
2005,Hau Giang,27.18,31.06,24.52,79.62,1997.42,Lua he thu,563.1,143
2005,Hau Giang,27.18,31.06,24.52,79.62,1997.42,Lua mi,0,-2.84E-14
2005,Hau Giang,27.18,31.06,24.52,79.62,1997.42,Lua mua,,
2005,Hau Giang,27.18,31.06,24.52,79.62,1997.42,Ngo,7.8,1.8
2006,Hau Giang,27.14,30.93,24.57,80.72,2100.27,Khoai,13.6,0.8
2006,Hau Giang,27.14,30.93,24.57,80.72,2100.27,Lua dong xuan,522.5,84.2
2006,Hau Giang,27.14,30.93,24.57,80.72,2100.27,Lua he thu,540.3,142.9
2006,Hau Giang,27.14,30.93,24.57,80.72,2100.27,Lua mi,0,0
2006,Hau Giang,27.14,30.93,24.57,80.72,2100.27,Lua mua,,
2006,Hau Giang,27.14,30.93,24.57,80.72,2100.27,Ngo,6,1.3
2007,Hau Giang,27.1,31.04,24.46,80.83,2155.06,Khoai,10.9,0.8
2007,Hau Giang,27.1,31.04,24.46,80.83,2155.06,Lua dong xuan,416.6,79
2007,Hau Giang,27.1,31.04,24.46,80.83,2155.06,Lua he thu,448.5,110.3
2007,Hau Giang,27.1,31.04,24.46,80.83,2155.06,Lua mi,-1.14E-13,0
2007,Hau Giang,27.1,31.04,24.46,80.83,2155.06,Lua mua,,
2007,Hau Giang,27.1,31.04,24.46,80.83,2155.06,Ngo,7.7,1.6
2008,Hau Giang,26.85,30.84,24.2,81.32,2351.85,Khoai,15,0.9
2008,Hau Giang,26.85,30.84,24.2,81.32,2351.85,Lua dong xuan,502.8,81.6
2008,Hau Giang,26.85,30.84,24.2,81.32,2351.85,Lua he thu,517.3,121.3
2008,Hau Giang,26.85,30.84,24.2,81.32,2351.85,Lua mi,0,0
2008,Hau Giang,26.85,30.84,24.2,81.32,2351.85,Lua mua,,
2008,Hau Giang,26.85,30.84,24.2,81.32,2351.85,Ngo,9,2.1
2009,Hau Giang,27,30.85,24.4,82.64,1971.58,Khoai,10.5,0.7
2009,Hau Giang,27,30.85,24.4,82.64,1971.58,Lua dong xuan,518.8,82.3
2009,Hau Giang,27,30.85,24.4,82.64,1971.58,Lua he thu,475,108.9
2009,Hau Giang,27,30.85,24.4,82.64,1971.58,Lua mi,0,0
2009,Hau Giang,27,30.85,24.4,82.64,1971.58,Lua mua,,
2009,Hau Giang,27,30.85,24.4,82.64,1971.58,Ngo,9.7,2
2010,Hau Giang,27.65,31.86,24.93,80,2472.93,Khoai,9.7,0.6
2010,Hau Giang,27.65,31.86,24.93,80,2472.93,Lua dong xuan,548.5,84.3
2010,Hau Giang,27.65,31.86,24.93,80,2472.93,Lua he thu,541.7,126.4
2010,Hau Giang,27.65,31.86,24.93,80,2472.93,Lua mi,0,0
2010,Hau Giang,27.65,31.86,24.93,80,2472.93,Lua mua,,
2010,Hau Giang,27.65,31.86,24.93,80,2472.93,Ngo,8.3,1.8
2011,Hau Giang,26.89,30.64,24.39,81.97,2156.11,Khoai,6.9,0.5
2011,Hau Giang,26.89,30.64,24.39,81.97,2156.11,Lua dong xuan,556.3,83
2011,Hau Giang,26.89,30.64,24.39,81.97,2156.11,Lua he thu,572.2,129.7
2011,Hau Giang,26.89,30.64,24.39,81.97,2156.11,Lua mi,0,2.84E-14
2011,Hau Giang,26.89,30.64,24.39,81.97,2156.11,Lua mua,,
2011,Hau Giang,26.89,30.64,24.39,81.97,2156.11,Ngo,8,1.7
2012,Hau Giang,27.32,31.27,24.77,81.93,2216.68,Khoai,5.9,0.4
2012,Hau Giang,27.32,31.27,24.77,81.93,2216.68,Lua dong xuan,554.2,77.9
2012,Hau Giang,27.32,31.27,24.77,81.93,2216.68,Lua he thu,625.7,136.2
2012,Hau Giang,27.32,31.27,24.77,81.93,2216.68,Lua mi,0,2.84E-14
2012,Hau Giang,27.32,31.27,24.77,81.93,2216.68,Lua mua,,
2012,Hau Giang,27.32,31.27,24.77,81.93,2216.68,Ngo,10.3,2.2
2013,Hau Giang,27.38,31.18,24.87,80.93,2219.49,Khoai,5.8,0.4
2013,Hau Giang,27.38,31.18,24.87,80.93,2219.49,Lua dong xuan,567.7,79.9
2013,Hau Giang,27.38,31.18,24.87,80.93,2219.49,Lua he thu,623.6,132.1
2013,Hau Giang,27.38,31.18,24.87,80.93,2219.49,Lua mi,0,0
2013,Hau Giang,27.38,31.18,24.87,80.93,2219.49,Lua mua,,
2013,Hau Giang,27.38,31.18,24.87,80.93,2219.49,Ngo,10.4,2.2
2014,Hau Giang,27.3,31.36,24.6,80.71,2137.53,Khoai,2.9,0.2
2014,Hau Giang,27.3,31.36,24.6,80.71,2137.53,Lua dong xuan,582.7,77.5
2014,Hau Giang,27.3,31.36,24.6,80.71,2137.53,Lua he thu,621.9,127.8
2014,Hau Giang,27.3,31.36,24.6,80.71,2137.53,Lua mi,2.27E-13,0
2014,Hau Giang,27.3,31.36,24.6,80.71,2137.53,Lua mua,,
2014,Hau Giang,27.3,31.36,24.6,80.71,2137.53,Ngo,13.3,2.7
2015,Hau Giang,27.7,31.82,24.92,78.51,1812.9,Khoai,2.9,0.2
2015,Hau Giang,27.7,31.82,24.92,78.51,1812.9,Lua dong xuan,618.5,80
2015,Hau Giang,27.7,31.82,24.92,78.51,1812.9,Lua he thu,674.6,127.1
2015,Hau Giang,27.7,31.82,24.92,78.51,1812.9,Lua mi,2.27E-13,0
2015,Hau Giang,27.7,31.82,24.92,78.51,1812.9,Lua mua,,
2015,Hau Giang,27.7,31.82,24.92,78.51,1812.9,Ngo,14.3,2.9
2016,Hau Giang,27.92,31.89,25.3,79.57,2112.95,Khoai,2.3,0.1
2016,Hau Giang,27.92,31.89,25.3,79.57,2112.95,Lua dong xuan,556.1,79.4
2016,Hau Giang,27.92,31.89,25.3,79.57,2112.95,Lua he thu,675,122.8
2016,Hau Giang,27.92,31.89,25.3,79.57,2112.95,Lua mi,0.1,0.1
2016,Hau Giang,27.92,31.89,25.3,79.57,2112.95,Lua mua,,
2016,Hau Giang,27.92,31.89,25.3,79.57,2112.95,Ngo,14.9,3.2
2017,Hau Giang,27.38,31.09,24.93,82.4,2541.2,Khoai,2.4,0.1
2017,Hau Giang,27.38,31.09,24.93,82.4,2541.2,Lua dong xuan,531.5,77.9
2017,Hau Giang,27.38,31.09,24.93,82.4,2541.2,Lua he thu,729.5,128.7
2017,Hau Giang,27.38,31.09,24.93,82.4,2541.2,Lua mi,0,2.84E-14
2017,Hau Giang,27.38,31.09,24.93,82.4,2541.2,Lua mua,,
2017,Hau Giang,27.38,31.09,24.93,82.4,2541.2,Ngo,15.1,3.2
2018,Hau Giang,27.47,31.22,24.95,81.13,2036.81,Khoai,2.5,141
2018,Hau Giang,27.47,31.22,24.95,81.13,2036.81,Lua dong xuan,570,78
2018,Hau Giang,27.47,31.22,24.95,81.13,2036.81,Lua he thu,676.1,116.6
2018,Hau Giang,27.47,31.22,24.95,81.13,2036.81,Lua mi,2.27E-13,2.84E-14
2018,Hau Giang,27.47,31.22,24.95,81.13,2036.81,Lua mua,,
2018,Hau Giang,27.47,31.22,24.95,81.13,2036.81,Ngo,15.8,3.2
2019,Hau Giang,27.67,31.6,24.97,79.35,1825.14,Khoai,1.4,68
2019,Hau Giang,27.67,31.6,24.97,79.35,1825.14,Lua dong xuan,575.4,78.4
2019,Hau Giang,27.67,31.6,24.97,79.35,1825.14,Lua he thu,683.6,117.7
2019,Hau Giang,27.67,31.6,24.97,79.35,1825.14,Lua mi,-0.1,2.84E-14
2019,Hau Giang,27.67,31.6,24.97,79.35,1825.14,Lua mua,,
2019,Hau Giang,27.67,31.6,24.97,79.35,1825.14,Ngo,19,3.2
2020,Hau Giang,27.8,31.71,25.14,79.1,2061.44,Khoai,0.6,28
2020,Hau Giang,27.8,31.71,25.14,79.1,2061.44,Lua dong xuan,595.9,77.8
2020,Hau Giang,27.8,31.71,25.14,79.1,2061.44,Lua he thu,698.2,120.4
2020,Hau Giang,27.8,31.71,25.14,79.1,2061.44,Lua mi,-0.1,0
2020,Hau Giang,27.8,31.71,25.14,79.1,2061.44,Lua mua,,
2020,Hau Giang,27.8,31.71,25.14,79.1,2061.44,Ngo,18.7,3
2021,Hau Giang,27.22,30.87,24.72,81.46,2290.51,Khoai,0.4,18
2021,Hau Giang,27.22,30.87,24.72,81.46,2290.51,Lua dong xuan,602.2,77
2021,Hau Giang,27.22,30.87,24.72,81.46,2290.51,Lua he thu,672.3,112
2021,Hau Giang,27.22,30.87,24.72,81.46,2290.51,Lua mi,0,0
2021,Hau Giang,27.22,30.87,24.72,81.46,2290.51,Lua mua,,
2021,Hau Giang,27.22,30.87,24.72,81.46,2290.51,Ngo,18.5,3
2022,Hau Giang,27.38,31.03,24.92,81.45,2483.84,Khoai,1.1,55
2022,Hau Giang,27.38,31.03,24.92,81.45,2483.84,Lua dong xuan,596.2,76.6
2022,Hau Giang,27.38,31.03,24.92,81.45,2483.84,Lua he thu,657.7,111.7
2022,Hau Giang,27.38,31.03,24.92,81.45,2483.84,Lua mi,0.1,-0.1
2022,Hau Giang,27.38,31.03,24.92,81.45,2483.84,Lua mua,,
2022,Hau Giang,27.38,31.03,24.92,81.45,2483.84,Ngo,16.8,2.6
2023,Hau Giang,27.72,31.34,25.21,81.64,2039.3,Khoai,0.9,44.1
2023,Hau Giang,27.72,31.34,25.21,81.64,2039.3,Lua dong xuan,585.4,75.5
2023,Hau Giang,27.72,31.34,25.21,81.64,2039.3,Lua he thu,601.3,102.3
2023,Hau Giang,27.72,31.34,25.21,81.64,2039.3,Lua mi,0,0.1
2023,Hau Giang,27.72,31.34,25.21,81.64,2039.3,Lua mua,,
2023,Hau Giang,27.72,31.34,25.21,81.64,2039.3,Ngo,15.7,2.6
2024,Hau Giang,28.25,31.91,25.68,80.66,2202.08,Khoai,1,47.8
2024,Hau Giang,28.25,31.91,25.68,80.66,2202.08,Lua dong xuan,577.4,74.4
2024,Hau Giang,28.25,31.91,25.68,80.66,2202.08,Lua he thu,595.7,101.9
2024,Hau Giang,28.25,31.91,25.68,80.66,2202.08,Lua mi,0,0
2024,Hau Giang,28.25,31.91,25.68,80.66,2202.08,Lua mua,,
2024,Hau Giang,28.25,31.91,25.68,80.66,2202.08,Ngo,14.7,2.5
1995,Ho Chi Minh,27.39,31.51,24.48,78.16,1959.32,Khoai,1.6,0.3
1995,Ho Chi Minh,27.39,31.51,24.48,78.16,1959.32,Lua dong xuan,34.1,10.9
1995,Ho Chi Minh,27.39,31.51,24.48,78.16,1959.32,Lua he thu,47,13.9
1995,Ho Chi Minh,27.39,31.51,24.48,78.16,1959.32,Lua mi,0,0
1995,Ho Chi Minh,27.39,31.51,24.48,78.16,1959.32,Lua mua,156.1,54.7
1995,Ho Chi Minh,27.39,31.51,24.48,78.16,1959.32,Ngo,1.3,0.7
1996,Ho Chi Minh,27.08,31.08,24.3,80.74,2082.64,Khoai,1.6,0.2
1996,Ho Chi Minh,27.08,31.08,24.3,80.74,2082.64,Lua dong xuan,40.3,11.3
1996,Ho Chi Minh,27.08,31.08,24.3,80.74,2082.64,Lua he thu,53.8,15.1
1996,Ho Chi Minh,27.08,31.08,24.3,80.74,2082.64,Lua mi,0,0
1996,Ho Chi Minh,27.08,31.08,24.3,80.74,2082.64,Lua mua,110.6,53.8
1996,Ho Chi Minh,27.08,31.08,24.3,80.74,2082.64,Ngo,1.3,0.7
1997,Ho Chi Minh,27.47,31.54,24.59,78.64,1703.12,Khoai,1.5,0.2
1997,Ho Chi Minh,27.47,31.54,24.59,78.64,1703.12,Lua dong xuan,41.3,11.8
1997,Ho Chi Minh,27.47,31.54,24.59,78.64,1703.12,Lua he thu,43.2,13.5
1997,Ho Chi Minh,27.47,31.54,24.59,78.64,1703.12,Lua mi,2.84E-14,-1.42E-14
1997,Ho Chi Minh,27.47,31.54,24.59,78.64,1703.12,Lua mua,150.7,51.6
1997,Ho Chi Minh,27.47,31.54,24.59,78.64,1703.12,Ngo,2.6,0.9
1998,Ho Chi Minh,28.05,32.16,25.31,78.43,2051.76,Khoai,0.8,0.1
1998,Ho Chi Minh,28.05,32.16,25.31,78.43,2051.76,Lua dong xuan,41.3,11.6
1998,Ho Chi Minh,28.05,32.16,25.31,78.43,2051.76,Lua he thu,45.3,13.6
1998,Ho Chi Minh,28.05,32.16,25.31,78.43,2051.76,Lua mi,2.84E-14,-1.42E-14
1998,Ho Chi Minh,28.05,32.16,25.31,78.43,2051.76,Lua mua,139.6,48.5
1998,Ho Chi Minh,28.05,32.16,25.31,78.43,2051.76,Ngo,2.7,0.9
1999,Ho Chi Minh,27.05,30.89,24.48,81.8,2262.96,Khoai,1,0.1
1999,Ho Chi Minh,27.05,30.89,24.48,81.8,2262.96,Lua dong xuan,43.3,12.7
1999,Ho Chi Minh,27.05,30.89,24.48,81.8,2262.96,Lua he thu,49.9,15
1999,Ho Chi Minh,27.05,30.89,24.48,81.8,2262.96,Lua mi,0,1.42E-14
1999,Ho Chi Minh,27.05,30.89,24.48,81.8,2262.96,Lua mua,132.4,50.1
1999,Ho Chi Minh,27.05,30.89,24.48,81.8,2262.96,Ngo,3.1,1.1
2000,Ho Chi Minh,27.28,31.16,24.65,81.17,2118.16,Khoai,1.3,0.2
2000,Ho Chi Minh,27.28,31.16,24.65,81.17,2118.16,Lua dong xuan,48.3,13.6
2000,Ho Chi Minh,27.28,31.16,24.65,81.17,2118.16,Lua he thu,51.5,14.7
2000,Ho Chi Minh,27.28,31.16,24.65,81.17,2118.16,Lua mi,-2.84E-14,0
2000,Ho Chi Minh,27.28,31.16,24.65,81.17,2118.16,Lua mua,135.5,47.6
2000,Ho Chi Minh,27.28,31.16,24.65,81.17,2118.16,Ngo,3.4,1.1
2001,Ho Chi Minh,27.55,31.56,24.83,79.86,1818.95,Khoai,1.2,0.1
2001,Ho Chi Minh,27.55,31.56,24.83,79.86,1818.95,Lua dong xuan,48.1,13.6
2001,Ho Chi Minh,27.55,31.56,24.83,79.86,1818.95,Lua he thu,41.7,12.4
2001,Ho Chi Minh,27.55,31.56,24.83,79.86,1818.95,Lua mi,2.84E-14,0
2001,Ho Chi Minh,27.55,31.56,24.83,79.86,1818.95,Lua mua,119.4,41
2001,Ho Chi Minh,27.55,31.56,24.83,79.86,1818.95,Ngo,3.6,1.1
2002,Ho Chi Minh,28.02,32.4,25.13,75.73,1675.66,Khoai,0.8,0.1
2002,Ho Chi Minh,28.02,32.4,25.13,75.73,1675.66,Lua dong xuan,45.8,11.9
2002,Ho Chi Minh,28.02,32.4,25.13,75.73,1675.66,Lua he thu,37.1,11.3
2002,Ho Chi Minh,28.02,32.4,25.13,75.73,1675.66,Lua mi,-2.84E-14,-7.11E-15
2002,Ho Chi Minh,28.02,32.4,25.13,75.73,1675.66,Lua mua,93.9,33
2002,Ho Chi Minh,28.02,32.4,25.13,75.73,1675.66,Ngo,3.8,1.2
2003,Ho Chi Minh,27.67,31.72,24.92,77.69,2003.66,Khoai,0.8,0.1
2003,Ho Chi Minh,27.67,31.72,24.92,77.69,2003.66,Lua dong xuan,44.5,11.4
2003,Ho Chi Minh,27.67,31.72,24.92,77.69,2003.66,Lua he thu,35.2,10.3
2003,Ho Chi Minh,27.67,31.72,24.92,77.69,2003.66,Lua mi,-2.84E-14,0
2003,Ho Chi Minh,27.67,31.72,24.92,77.69,2003.66,Lua mua,82.6,27.7
2003,Ho Chi Minh,27.67,31.72,24.92,77.69,2003.66,Ngo,4.4,1.4
2004,Ho Chi Minh,27.61,31.63,24.76,77.17,1624.3,Khoai,0.9,0.1
2004,Ho Chi Minh,27.61,31.63,24.76,77.17,1624.3,Lua dong xuan,45,11.1
2004,Ho Chi Minh,27.61,31.63,24.76,77.17,1624.3,Lua he thu,32.5,9.1
2004,Ho Chi Minh,27.61,31.63,24.76,77.17,1624.3,Lua mi,0,0
2004,Ho Chi Minh,27.61,31.63,24.76,77.17,1624.3,Lua mua,81.6,26.5
2004,Ho Chi Minh,27.61,31.63,24.76,77.17,1624.3,Ngo,3.1,0.9
2005,Ho Chi Minh,27.44,31.36,24.74,78.45,1982.61,Khoai,0.6,0.1
2005,Ho Chi Minh,27.44,31.36,24.74,78.45,1982.61,Lua dong xuan,37.5,9.4
2005,Ho Chi Minh,27.44,31.36,24.74,78.45,1982.61,Lua he thu,22,7.3
2005,Ho Chi Minh,27.44,31.36,24.74,78.45,1982.61,Lua mi,0,0
2005,Ho Chi Minh,27.44,31.36,24.74,78.45,1982.61,Lua mua,74.1,23.7
2005,Ho Chi Minh,27.44,31.36,24.74,78.45,1982.61,Ngo,3.3,1
2006,Ho Chi Minh,27.58,31.52,24.86,78.67,1955.68,Khoai,0.6,0.1
2006,Ho Chi Minh,27.58,31.52,24.86,78.67,1955.68,Lua dong xuan,38.3,9.4
2006,Ho Chi Minh,27.58,31.52,24.86,78.67,1955.68,Lua he thu,20.9,7.1
2006,Ho Chi Minh,27.58,31.52,24.86,78.67,1955.68,Lua mi,0,-7.11E-15
2006,Ho Chi Minh,27.58,31.52,24.86,78.67,1955.68,Lua mua,45,19.7
2006,Ho Chi Minh,27.58,31.52,24.86,78.67,1955.68,Ngo,4.1,1.2
2007,Ho Chi Minh,27.43,31.43,24.73,79.29,2239.07,Khoai,0.4,0.1
2007,Ho Chi Minh,27.43,31.43,24.73,79.29,2239.07,Lua dong xuan,32.3,7.7
2007,Ho Chi Minh,27.43,31.43,24.73,79.29,2239.07,Lua he thu,26.6,7.6
2007,Ho Chi Minh,27.43,31.43,24.73,79.29,2239.07,Lua mi,-1.42E-14,0
2007,Ho Chi Minh,27.43,31.43,24.73,79.29,2239.07,Lua mua,54,17.5
2007,Ho Chi Minh,27.43,31.43,24.73,79.29,2239.07,Ngo,3.7,1.1
2008,Ho Chi Minh,27.28,31.42,24.5,79.62,2112.36,Khoai,0.2,0
2008,Ho Chi Minh,27.28,31.42,24.5,79.62,2112.36,Lua dong xuan,30.1,7
2008,Ho Chi Minh,27.28,31.42,24.5,79.62,2112.36,Lua he thu,28.4,7.5
2008,Ho Chi Minh,27.28,31.42,24.5,79.62,2112.36,Lua mi,0,0.1
2008,Ho Chi Minh,27.28,31.42,24.5,79.62,2112.36,Lua mua,52.4,15.9
2008,Ho Chi Minh,27.28,31.42,24.5,79.62,2112.36,Ngo,2.5,0.7
2009,Ho Chi Minh,27.42,31.48,24.65,80.49,2017.68,Khoai,0.2,0
2009,Ho Chi Minh,27.42,31.48,24.65,80.49,2017.68,Lua dong xuan,28.3,6.5
2009,Ho Chi Minh,27.42,31.48,24.65,80.49,2017.68,Lua he thu,26.8,7.1
2009,Ho Chi Minh,27.42,31.48,24.65,80.49,2017.68,Lua mi,0,0
2009,Ho Chi Minh,27.42,31.48,24.65,80.49,2017.68,Lua mua,44.9,13.6
2009,Ho Chi Minh,27.42,31.48,24.65,80.49,2017.68,Ngo,4.1,1.2
2010,Ho Chi Minh,27.94,32.01,25.23,78.86,2163.21,Khoai,0.3,0
2010,Ho Chi Minh,27.94,32.01,25.23,78.86,2163.21,Lua dong xuan,29,6.6
2010,Ho Chi Minh,27.94,32.01,25.23,78.86,2163.21,Lua he thu,25,6.5
2010,Ho Chi Minh,27.94,32.01,25.23,78.86,2163.21,Lua mi,0,3.55E-15
2010,Ho Chi Minh,27.94,32.01,25.23,78.86,2163.21,Lua mua,37.7,11.3
2010,Ho Chi Minh,27.94,32.01,25.23,78.86,2163.21,Ngo,3.1,0.9
2011,Ho Chi Minh,27.37,31.38,24.67,79.29,2061.81,Khoai,0.3,0
2011,Ho Chi Minh,27.37,31.38,24.67,79.29,2061.81,Lua dong xuan,24.1,5.4
2011,Ho Chi Minh,27.37,31.38,24.67,79.29,2061.81,Lua he thu,24.4,6
2011,Ho Chi Minh,27.37,31.38,24.67,79.29,2061.81,Lua mi,0,0
2011,Ho Chi Minh,27.37,31.38,24.67,79.29,2061.81,Lua mua,37.3,10.6
2011,Ho Chi Minh,27.37,31.38,24.67,79.29,2061.81,Ngo,2.3,0.6
2012,Ho Chi Minh,27.78,31.88,25.09,79.5,2155.26,Khoai,,
2012,Ho Chi Minh,27.78,31.88,25.09,79.5,2155.26,Lua dong xuan,30.7,6.4
2012,Ho Chi Minh,27.78,31.88,25.09,79.5,2155.26,Lua he thu,24.8,6
2012,Ho Chi Minh,27.78,31.88,25.09,79.5,2155.26,Lua mi,0,0
2012,Ho Chi Minh,27.78,31.88,25.09,79.5,2155.26,Lua mua,37.5,10
2012,Ho Chi Minh,27.78,31.88,25.09,79.5,2155.26,Ngo,2.6,0.8
2013,Ho Chi Minh,27.91,31.95,25.26,78.26,2048.75,Khoai,,
2013,Ho Chi Minh,27.91,31.95,25.26,78.26,2048.75,Lua dong xuan,29.1,6.1
2013,Ho Chi Minh,27.91,31.95,25.26,78.26,2048.75,Lua he thu,26.4,6.3
2013,Ho Chi Minh,27.91,31.95,25.26,78.26,2048.75,Lua mi,0,0
2013,Ho Chi Minh,27.91,31.95,25.26,78.26,2048.75,Lua mua,34.8,9
2013,Ho Chi Minh,27.91,31.95,25.26,78.26,2048.75,Ngo,3.5,1.1
2014,Ho Chi Minh,27.75,31.84,24.99,78.13,1852.52,Khoai,,
2014,Ho Chi Minh,27.75,31.84,24.99,78.13,1852.52,Lua dong xuan,26.5,5.6
2014,Ho Chi Minh,27.75,31.84,24.99,78.13,1852.52,Lua he thu,27.3,6.5
2014,Ho Chi Minh,27.75,31.84,24.99,78.13,1852.52,Lua mi,0,3.55E-15
2014,Ho Chi Minh,27.75,31.84,24.99,78.13,1852.52,Lua mua,34.8,8.8
2014,Ho Chi Minh,27.75,31.84,24.99,78.13,1852.52,Ngo,4.5,1.4
2015,Ho Chi Minh,28.07,32.23,25.24,77.08,1613.62,Khoai,0.3,0.1
2015,Ho Chi Minh,28.07,32.23,25.24,77.08,1613.62,Lua dong xuan,23.6,4.9
2015,Ho Chi Minh,28.07,32.23,25.24,77.08,1613.62,Lua he thu,31.5,7.2
2015,Ho Chi Minh,28.07,32.23,25.24,77.08,1613.62,Lua mi,0.1,0.1
2015,Ho Chi Minh,28.07,32.23,25.24,77.08,1613.62,Lua mua,33.2,8.2
2015,Ho Chi Minh,28.07,32.23,25.24,77.08,1613.62,Ngo,3.2,0.9
2016,Ho Chi Minh,28.23,32.18,25.63,78.61,2067.77,Khoai,0.4,0.1
2016,Ho Chi Minh,28.23,32.18,25.63,78.61,2067.77,Lua dong xuan,25.5,5.2
2016,Ho Chi Minh,28.23,32.18,25.63,78.61,2067.77,Lua he thu,28.1,6.5
2016,Ho Chi Minh,28.23,32.18,25.63,78.61,2067.77,Lua mi,0,0
2016,Ho Chi Minh,28.23,32.18,25.63,78.61,2067.77,Lua mua,31.6,7.8
2016,Ho Chi Minh,28.23,32.18,25.63,78.61,2067.77,Ngo,1.8,0.5
2017,Ho Chi Minh,27.96,31.85,25.36,80.18,2262.58,Khoai,0.3,0
2017,Ho Chi Minh,27.96,31.85,25.36,80.18,2262.58,Lua dong xuan,26.5,5.4
2017,Ho Chi Minh,27.96,31.85,25.36,80.18,2262.58,Lua he thu,27.5,6.1
2017,Ho Chi Minh,27.96,31.85,25.36,80.18,2262.58,Lua mi,0,0
2017,Ho Chi Minh,27.96,31.85,25.36,80.18,2262.58,Lua mua,32.4,7.6
2017,Ho Chi Minh,27.96,31.85,25.36,80.18,2262.58,Ngo,1.8,0.5
2018,Ho Chi Minh,28,31.9,25.42,78.87,2063.59,Khoai,0.4,54
2018,Ho Chi Minh,28,31.9,25.42,78.87,2063.59,Lua dong xuan,24.6,4.8
2018,Ho Chi Minh,28,31.9,25.42,78.87,2063.59,Lua he thu,26.1,5.6
2018,Ho Chi Minh,28,31.9,25.42,78.87,2063.59,Lua mi,0,0
2018,Ho Chi Minh,28,31.9,25.42,78.87,2063.59,Lua mua,28.4,6.5
2018,Ho Chi Minh,28,31.9,25.42,78.87,2063.59,Ngo,3,0.8
2019,Ho Chi Minh,28.15,32.19,25.38,77.39,1560.56,Khoai,0.2,33
2019,Ho Chi Minh,28.15,32.19,25.38,77.39,1560.56,Lua dong xuan,26.2,5.1
2019,Ho Chi Minh,28.15,32.19,25.38,77.39,1560.56,Lua he thu,28,5.8
2019,Ho Chi Minh,28.15,32.19,25.38,77.39,1560.56,Lua mi,-0.1,0
2019,Ho Chi Minh,28.15,32.19,25.38,77.39,1560.56,Lua mua,27,5.9
2019,Ho Chi Minh,28.15,32.19,25.38,77.39,1560.56,Ngo,2.5,0.7
2020,Ho Chi Minh,28.04,32,25.34,78.62,1755.28,Khoai,0.2,30
2020,Ho Chi Minh,28.04,32,25.34,78.62,1755.28,Lua dong xuan,25.2,4.9
2020,Ho Chi Minh,28.04,32,25.34,78.62,1755.28,Lua he thu,29.8,5.9
2020,Ho Chi Minh,28.04,32,25.34,78.62,1755.28,Lua mi,0,0.1
2020,Ho Chi Minh,28.04,32,25.34,78.62,1755.28,Lua mua,28.6,5.9
2020,Ho Chi Minh,28.04,32,25.34,78.62,1755.28,Ngo,2.2,0.5
2021,Ho Chi Minh,27.6,31.46,24.97,79.55,2046.86,Khoai,0.2,23
2021,Ho Chi Minh,27.6,31.46,24.97,79.55,2046.86,Lua dong xuan,24.8,4.7
2021,Ho Chi Minh,27.6,31.46,24.97,79.55,2046.86,Lua he thu,29.6,5.9
2021,Ho Chi Minh,27.6,31.46,24.97,79.55,2046.86,Lua mi,0,0
2021,Ho Chi Minh,27.6,31.46,24.97,79.55,2046.86,Lua mua,29.2,6
2021,Ho Chi Minh,27.6,31.46,24.97,79.55,2046.86,Ngo,1.7,0.4
2022,Ho Chi Minh,27.76,31.56,25.2,79.71,2218.79,Khoai,0.1,16.1
2022,Ho Chi Minh,27.76,31.56,25.2,79.71,2218.79,Lua dong xuan,25,4.6
2022,Ho Chi Minh,27.76,31.56,25.2,79.71,2218.79,Lua he thu,30.7,5.9
2022,Ho Chi Minh,27.76,31.56,25.2,79.71,2218.79,Lua mi,0,0
2022,Ho Chi Minh,27.76,31.56,25.2,79.71,2218.79,Lua mua,28.8,5.7
2022,Ho Chi Minh,27.76,31.56,25.2,79.71,2218.79,Ngo,1.2,0.3
2023,Ho Chi Minh,27.92,31.7,25.25,80.5,1902.55,Khoai,0.1,18.4
2023,Ho Chi Minh,27.92,31.7,25.25,80.5,1902.55,Lua dong xuan,26.7,4.8
2023,Ho Chi Minh,27.92,31.7,25.25,80.5,1902.55,Lua he thu,31.1,5.8
2023,Ho Chi Minh,27.92,31.7,25.25,80.5,1902.55,Lua mi,-0.1,0
2023,Ho Chi Minh,27.92,31.7,25.25,80.5,1902.55,Lua mua,28.5,5.5
2023,Ho Chi Minh,27.92,31.7,25.25,80.5,1902.55,Ngo,1.6,0.4
2024,Ho Chi Minh,28.51,32.29,25.85,78.92,1910.51,Khoai,0.1,18.1
2024,Ho Chi Minh,28.51,32.29,25.85,78.92,1910.51,Lua dong xuan,27.3,4.8
2024,Ho Chi Minh,28.51,32.29,25.85,78.92,1910.51,Lua he thu,36.5,6.8
2024,Ho Chi Minh,28.51,32.29,25.85,78.92,1910.51,Lua mi,0,0
2024,Ho Chi Minh,28.51,32.29,25.85,78.92,1910.51,Lua mua,33.4,6.3
2024,Ho Chi Minh,28.51,32.29,25.85,78.92,1910.51,Ngo,2.2,0.5
1995,Hoa Binh,22.23,25.55,19.57,83.91,1857.72,Khoai,8.8,4
1995,Hoa Binh,22.23,25.55,19.57,83.91,1857.72,Lua dong xuan,50.7,16.4
1995,Hoa Binh,22.23,25.55,19.57,83.91,1857.72,Lua mi,2.84E-14,0
1995,Hoa Binh,22.23,25.55,19.57,83.91,1857.72,Lua mua,78,27.1
1995,Hoa Binh,22.23,25.55,19.57,83.91,1857.72,Ngo,20.6,14.7
1995,Hoa Binh,22.23,25.55,19.57,83.91,1857.72,San,53.8,9
1996,Hoa Binh,22.09,25.65,19.18,83.53,2445.85,Khoai,13.7,3.4
1996,Hoa Binh,22.09,25.65,19.18,83.53,2445.85,Lua dong xuan,52.8,15.6
1996,Hoa Binh,22.09,25.65,19.18,83.53,2445.85,Lua mi,0,0
1996,Hoa Binh,22.09,25.65,19.18,83.53,2445.85,Lua mua,63.8,26
1996,Hoa Binh,22.09,25.65,19.18,83.53,2445.85,Ngo,25.6,15.6
1996,Hoa Binh,22.09,25.65,19.18,83.53,2445.85,San,60.9,8.4
1997,Hoa Binh,22.74,26.19,20.08,84.32,2045.61,Khoai,18.8,4.8
1997,Hoa Binh,22.74,26.19,20.08,84.32,2045.61,Lua dong xuan,56.3,16.6
1997,Hoa Binh,22.74,26.19,20.08,84.32,2045.61,Lua mi,0,-7.11E-15
1997,Hoa Binh,22.74,26.19,20.08,84.32,2045.61,Lua mua,73.2,26.6
1997,Hoa Binh,22.74,26.19,20.08,84.32,2045.61,Ngo,31.9,18.7
1997,Hoa Binh,22.74,26.19,20.08,84.32,2045.61,San,60.5,8.7
1998,Hoa Binh,23.42,27.18,20.37,82.01,1526.69,Khoai,15.4,4.3
1998,Hoa Binh,23.42,27.18,20.37,82.01,1526.69,Lua dong xuan,46.9,15.5
1998,Hoa Binh,23.42,27.18,20.37,82.01,1526.69,Lua mi,0,0
1998,Hoa Binh,23.42,27.18,20.37,82.01,1526.69,Lua mua,77.8,24
1998,Hoa Binh,23.42,27.18,20.37,82.01,1526.69,Ngo,22.6,18.7
1998,Hoa Binh,23.42,27.18,20.37,82.01,1526.69,San,59.1,8.4
1999,Hoa Binh,22.64,26.15,19.85,83.63,1752.76,Khoai,17.3,4.7
1999,Hoa Binh,22.64,26.15,19.85,83.63,1752.76,Lua dong xuan,50.3,14.5
1999,Hoa Binh,22.64,26.15,19.85,83.63,1752.76,Lua mi,0,0
1999,Hoa Binh,22.64,26.15,19.85,83.63,1752.76,Lua mua,99.9,27
1999,Hoa Binh,22.64,26.15,19.85,83.63,1752.76,Ngo,31.8,19.4
1999,Hoa Binh,22.64,26.15,19.85,83.63,1752.76,San,61.5,8.8
2000,Hoa Binh,22.51,25.89,19.76,83.99,1795,Khoai,19.2,4.9
2000,Hoa Binh,22.51,25.89,19.76,83.99,1795,Lua dong xuan,70.7,16.5
2000,Hoa Binh,22.51,25.89,19.76,83.99,1795,Lua mi,0,0
2000,Hoa Binh,22.51,25.89,19.76,83.99,1795,Lua mua,93.2,26.9
2000,Hoa Binh,22.51,25.89,19.76,83.99,1795,Ngo,48.8,21.5
2000,Hoa Binh,22.51,25.89,19.76,83.99,1795,San,73.8,9.8
2001,Hoa Binh,22.6,25.93,19.84,85.09,2015.96,Khoai,19.6,4.6
2001,Hoa Binh,22.6,25.93,19.84,85.09,2015.96,Lua dong xuan,77.1,16.8
2001,Hoa Binh,22.6,25.93,19.84,85.09,2015.96,Lua mi,0,0
2001,Hoa Binh,22.6,25.93,19.84,85.09,2015.96,Lua mua,111.9,27.5
2001,Hoa Binh,22.6,25.93,19.84,85.09,2015.96,Ngo,56.3,21.8
2001,Hoa Binh,22.6,25.93,19.84,85.09,2015.96,San,65.1,8.9
2002,Hoa Binh,22.94,26.41,20.19,84.79,1881.12,Khoai,21.2,5
2002,Hoa Binh,22.94,26.41,20.19,84.79,1881.12,Lua dong xuan,77.5,17
2002,Hoa Binh,22.94,26.41,20.19,84.79,1881.12,Lua mi,0,0
2002,Hoa Binh,22.94,26.41,20.19,84.79,1881.12,Lua mua,119.2,28
2002,Hoa Binh,22.94,26.41,20.19,84.79,1881.12,Ngo,60,23.8
2002,Hoa Binh,22.94,26.41,20.19,84.79,1881.12,San,66.4,8.6
2003,Hoa Binh,23.3,27.15,20.1,82.35,1615.17,Khoai,23,5.1
2003,Hoa Binh,23.3,27.15,20.1,82.35,1615.17,Lua dong xuan,87,17.6
2003,Hoa Binh,23.3,27.15,20.1,82.35,1615.17,Lua mi,0,0
2003,Hoa Binh,23.3,27.15,20.1,82.35,1615.17,Lua mua,117.8,27.3
2003,Hoa Binh,23.3,27.15,20.1,82.35,1615.17,Ngo,74.3,27.9
2003,Hoa Binh,23.3,27.15,20.1,82.35,1615.17,San,85.3,9.7
2004,Hoa Binh,22.46,26.13,19.38,82.73,1646.31,Khoai,22.8,4.9
2004,Hoa Binh,22.46,26.13,19.38,82.73,1646.31,Lua dong xuan,86,16.5
2004,Hoa Binh,22.46,26.13,19.38,82.73,1646.31,Lua mi,0,0
2004,Hoa Binh,22.46,26.13,19.38,82.73,1646.31,Lua mua,122.3,27.4
2004,Hoa Binh,22.46,26.13,19.38,82.73,1646.31,Ngo,95.5,30.3
2004,Hoa Binh,22.46,26.13,19.38,82.73,1646.31,San,97.5,10.2
2005,Hoa Binh,22.56,26,19.7,83.77,2051.34,Khoai,23.9,4.9
2005,Hoa Binh,22.56,26,19.7,83.77,2051.34,Lua dong xuan,81.7,16.3
2005,Hoa Binh,22.56,26,19.7,83.77,2051.34,Lua mi,0,0
2005,Hoa Binh,22.56,26,19.7,83.77,2051.34,Lua mua,112.5,27
2005,Hoa Binh,22.56,26,19.7,83.77,2051.34,Ngo,96.9,33.8
2005,Hoa Binh,22.56,26,19.7,83.77,2051.34,San,102.1,10.7
2006,Hoa Binh,22.91,26.51,19.96,83.31,1724.5,Khoai,25.1,5.5
2006,Hoa Binh,22.91,26.51,19.96,83.31,1724.5,Lua dong xuan,89.9,17.1
2006,Hoa Binh,22.91,26.51,19.96,83.31,1724.5,Lua mi,0,0
2006,Hoa Binh,22.91,26.51,19.96,83.31,1724.5,Lua mua,128.6,26.7
2006,Hoa Binh,22.91,26.51,19.96,83.31,1724.5,Ngo,107.5,32.2
2006,Hoa Binh,22.91,26.51,19.96,83.31,1724.5,San,106.4,11.2
2007,Hoa Binh,22.84,26.45,19.78,82.21,1773.76,Khoai,26.8,5.4
2007,Hoa Binh,22.84,26.45,19.78,82.21,1773.76,Lua dong xuan,75.6,16.3
2007,Hoa Binh,22.84,26.45,19.78,82.21,1773.76,Lua mi,0,1.1
2007,Hoa Binh,22.84,26.45,19.78,82.21,1773.76,Lua mua,119.8,26.2
2007,Hoa Binh,22.84,26.45,19.78,82.21,1773.76,Ngo,123.7,34
2007,Hoa Binh,22.84,26.45,19.78,82.21,1773.76,San,109.9,11.4
2008,Hoa Binh,22.07,25.53,19.27,83.15,2067.29,Khoai,27.3,5.4
2008,Hoa Binh,22.07,25.53,19.27,83.15,2067.29,Lua dong xuan,84.8,16
2008,Hoa Binh,22.07,25.53,19.27,83.15,2067.29,Lua mi,0,-0.3
2008,Hoa Binh,22.07,25.53,19.27,83.15,2067.29,Lua mua,122,25.4
2008,Hoa Binh,22.07,25.53,19.27,83.15,2067.29,Ngo,141.1,35.9
2008,Hoa Binh,22.07,25.53,19.27,83.15,2067.29,San,144.9,13.2
2009,Hoa Binh,23.11,26.86,20.06,81.69,1792.88,Khoai,23.6,4.9
2009,Hoa Binh,23.11,26.86,20.06,81.69,1792.88,Lua dong xuan,87.2,16.4
2009,Hoa Binh,23.11,26.86,20.06,81.69,1792.88,Lua mi,-5.68E-14,0
2009,Hoa Binh,23.11,26.86,20.06,81.69,1792.88,Lua mua,111.1,25.4
2009,Hoa Binh,23.11,26.86,20.06,81.69,1792.88,Ngo,132.9,34
2009,Hoa Binh,23.11,26.86,20.06,81.69,1792.88,San,117.2,11
2010,Hoa Binh,23.3,27.02,20.22,81.95,2324.43,Khoai,26.7,5.3
2010,Hoa Binh,23.3,27.02,20.22,81.95,2324.43,Lua dong xuan,82,15.7
2010,Hoa Binh,23.3,27.02,20.22,81.95,2324.43,Lua mi,0,1.42E-14
2010,Hoa Binh,23.3,27.02,20.22,81.95,2324.43,Lua mua,110.7,24.1
2010,Hoa Binh,23.3,27.02,20.22,81.95,2324.43,Ngo,146,35.9
2010,Hoa Binh,23.3,27.02,20.22,81.95,2324.43,San,123.8,11.3
2011,Hoa Binh,21.65,24.8,18.99,83.67,1848.89,Khoai,26.6,5.1
2011,Hoa Binh,21.65,24.8,18.99,83.67,1848.89,Lua dong xuan,90.3,15.7
2011,Hoa Binh,21.65,24.8,18.99,83.67,1848.89,Lua mi,0,0
2011,Hoa Binh,21.65,24.8,18.99,83.67,1848.89,Lua mua,117.9,24.6
2011,Hoa Binh,21.65,24.8,18.99,83.67,1848.89,Ngo,154.3,36.8
2011,Hoa Binh,21.65,24.8,18.99,83.67,1848.89,San,146.6,12.6
2012,Hoa Binh,22.81,26.22,20.08,84.87,2080.99,Khoai,26.5,5
2012,Hoa Binh,22.81,26.22,20.08,84.87,2080.99,Lua dong xuan,91.3,16.5
2012,Hoa Binh,22.81,26.22,20.08,84.87,2080.99,Lua mi,0,0
2012,Hoa Binh,22.81,26.22,20.08,84.87,2080.99,Lua mua,125.7,24.8
2012,Hoa Binh,22.81,26.22,20.08,84.87,2080.99,Ngo,143.8,36.2
2012,Hoa Binh,22.81,26.22,20.08,84.87,2080.99,San,145.7,12.3
2013,Hoa Binh,22.63,26.05,19.86,84.34,2138.87,Khoai,25.8,5
2013,Hoa Binh,22.63,26.05,19.86,84.34,2138.87,Lua dong xuan,93.7,16.6
2013,Hoa Binh,22.63,26.05,19.86,84.34,2138.87,Lua mi,0,0
2013,Hoa Binh,22.63,26.05,19.86,84.34,2138.87,Lua mua,111.7,24.5
2013,Hoa Binh,22.63,26.05,19.86,84.34,2138.87,Ngo,153.4,36.9
2013,Hoa Binh,22.63,26.05,19.86,84.34,2138.87,San,146.3,12.2
2014,Hoa Binh,22.87,26.45,20,84.09,1937.3,Khoai,26.6,4.9
2014,Hoa Binh,22.87,26.45,20,84.09,1937.3,Lua dong xuan,91.6,16.2
2014,Hoa Binh,22.87,26.45,20,84.09,1937.3,Lua mi,0,0
2014,Hoa Binh,22.87,26.45,20,84.09,1937.3,Lua mua,123.4,24.2
2014,Hoa Binh,22.87,26.45,20,84.09,1937.3,Ngo,152.2,37.6
2014,Hoa Binh,22.87,26.45,20,84.09,1937.3,San,156.7,12.5
2015,Hoa Binh,23.78,27.45,20.87,82.69,1968.24,Khoai,26.6,4.9
2015,Hoa Binh,23.78,27.45,20.87,82.69,1968.24,Lua dong xuan,90.1,16.4
2015,Hoa Binh,23.78,27.45,20.87,82.69,1968.24,Lua mi,0,-0.1
2015,Hoa Binh,23.78,27.45,20.87,82.69,1968.24,Lua mua,105.7,22.9
2015,Hoa Binh,23.78,27.45,20.87,82.69,1968.24,Ngo,162.6,38.9
2015,Hoa Binh,23.78,27.45,20.87,82.69,1968.24,San,149.6,11.7
2016,Hoa Binh,23.36,26.97,20.45,82.69,1897.09,Khoai,25.9,4.8
2016,Hoa Binh,23.36,26.97,20.45,82.69,1897.09,Lua dong xuan,94.7,16.5
2016,Hoa Binh,23.36,26.97,20.45,82.69,1897.09,Lua mi,0,0
2016,Hoa Binh,23.36,26.97,20.45,82.69,1897.09,Lua mua,121.2,23.4
2016,Hoa Binh,23.36,26.97,20.45,82.69,1897.09,Ngo,164.2,38
2016,Hoa Binh,23.36,26.97,20.45,82.69,1897.09,San,144.6,11.2
2017,Hoa Binh,23.11,26.36,20.51,83.89,2352.35,Khoai,25.8,4.8
2017,Hoa Binh,23.11,26.36,20.51,83.89,2352.35,Lua dong xuan,91.9,16.3
2017,Hoa Binh,23.11,26.36,20.51,83.89,2352.35,Lua mi,0,0
2017,Hoa Binh,23.11,26.36,20.51,83.89,2352.35,Lua mua,88.7,23.1
2017,Hoa Binh,23.11,26.36,20.51,83.89,2352.35,Ngo,153.8,36.7
2017,Hoa Binh,23.11,26.36,20.51,83.89,2352.35,San,129.9,10
2018,Hoa Binh,23.23,26.7,20.56,83.52,2469.47,Khoai,26.3,4745
2018,Hoa Binh,23.23,26.7,20.56,83.52,2469.47,Lua dong xuan,95.6,16.2
2018,Hoa Binh,23.23,26.7,20.56,83.52,2469.47,Lua mi,0,1.42E-14
2018,Hoa Binh,23.23,26.7,20.56,83.52,2469.47,Lua mua,111.6,22.6
2018,Hoa Binh,23.23,26.7,20.56,83.52,2469.47,Ngo,147.2,33.4
2018,Hoa Binh,23.23,26.7,20.56,83.52,2469.47,San,121.3,9.2
2019,Hoa Binh,23.9,27.52,21.01,84.22,2029.69,Khoai,25,4406
2019,Hoa Binh,23.9,27.52,21.01,84.22,2029.69,Lua dong xuan,93.1,16.2
2019,Hoa Binh,23.9,27.52,21.01,84.22,2029.69,Lua mi,-5.68E-14,0
2019,Hoa Binh,23.9,27.52,21.01,84.22,2029.69,Lua mua,113.3,22.6
2019,Hoa Binh,23.9,27.52,21.01,84.22,2029.69,Ngo,145.3,33.1
2019,Hoa Binh,23.9,27.52,21.01,84.22,2029.69,San,119.6,8.7
2020,Hoa Binh,23.37,26.83,20.61,83.49,2203.34,Khoai,24.6,4285
2020,Hoa Binh,23.37,26.83,20.61,83.49,2203.34,Lua dong xuan,93.5,16.3
2020,Hoa Binh,23.37,26.83,20.61,83.49,2203.34,Lua mi,0,0
2020,Hoa Binh,23.37,26.83,20.61,83.49,2203.34,Lua mua,113.1,21.3
2020,Hoa Binh,23.37,26.83,20.61,83.49,2203.34,Ngo,144.8,32.9
2020,Hoa Binh,23.37,26.83,20.61,83.49,2203.34,San,124.3,8.7
2021,Hoa Binh,23.39,26.99,20.51,82.1,1761.98,Khoai,23.3,3970
2021,Hoa Binh,23.39,26.99,20.51,82.1,1761.98,Lua dong xuan,96.3,16.4
2021,Hoa Binh,23.39,26.99,20.51,82.1,1761.98,Lua mi,0,-0.1
2021,Hoa Binh,23.39,26.99,20.51,82.1,1761.98,Lua mua,119.1,22.1
2021,Hoa Binh,23.39,26.99,20.51,82.1,1761.98,Ngo,146.7,32.4
2021,Hoa Binh,23.39,26.99,20.51,82.1,1761.98,San,119.8,8
2022,Hoa Binh,22.94,26.35,20.17,82.98,2088.67,Khoai,21.9,3642.7
2022,Hoa Binh,22.94,26.35,20.17,82.98,2088.67,Lua dong xuan,96.1,16.5
2022,Hoa Binh,22.94,26.35,20.17,82.98,2088.67,Lua mi,5.68E-14,0
2022,Hoa Binh,22.94,26.35,20.17,82.98,2088.67,Lua mua,121,22
2022,Hoa Binh,22.94,26.35,20.17,82.98,2088.67,Ngo,150.7,32.5
2022,Hoa Binh,22.94,26.35,20.17,82.98,2088.67,San,117.2,7.7
2023,Hoa Binh,23.7,27.29,20.69,82.1,1835.64,Khoai,21.5,3529.9
2023,Hoa Binh,23.7,27.29,20.69,82.1,1835.64,Lua dong xuan,97.4,16.5
2023,Hoa Binh,23.7,27.29,20.69,82.1,1835.64,Lua mi,-5.68E-14,-0.1
2023,Hoa Binh,23.7,27.29,20.69,82.1,1835.64,Lua mua,122,21.9
2023,Hoa Binh,23.7,27.29,20.69,82.1,1835.64,Ngo,143.8,30.4
2023,Hoa Binh,23.7,27.29,20.69,82.1,1835.64,San,120.6,7.7
2024,Hoa Binh,23.81,27.26,21.07,83.64,2405.92,Khoai,21.3,3485.1
2024,Hoa Binh,23.81,27.26,21.07,83.64,2405.92,Lua dong xuan,97.1,16.5
2024,Hoa Binh,23.81,27.26,21.07,83.64,2405.92,Lua mi,0,0
2024,Hoa Binh,23.81,27.26,21.07,83.64,2405.92,Lua mua,117,21.8
2024,Hoa Binh,23.81,27.26,21.07,83.64,2405.92,Ngo,147.5,30.8
2024,Hoa Binh,23.81,27.26,21.07,83.64,2405.92,San,119.5,7.6
1995,Hung Yen,23.81,27.15,21.16,79.12,1726.17,Khoai,28.2,3.2
1995,Hung Yen,23.81,27.15,21.16,79.12,1726.17,Lua dong xuan,190.2,42.2
1995,Hung Yen,23.81,27.15,21.16,79.12,1726.17,Lua mi,0,0
1995,Hung Yen,23.81,27.15,21.16,79.12,1726.17,Lua mua,206.3,47.3
1995,Hung Yen,23.81,27.15,21.16,79.12,1726.17,Ngo,26.9,10.5
1996,Hung Yen,23.72,27.31,20.85,78.68,2030.09,Khoai,25.9,3.9
1996,Hung Yen,23.72,27.31,20.85,78.68,2030.09,Lua dong xuan,237.3,42
1996,Hung Yen,23.72,27.31,20.85,78.68,2030.09,Lua mi,0,0
1996,Hung Yen,23.72,27.31,20.85,78.68,2030.09,Lua mua,190.9,47.3
1996,Hung Yen,23.72,27.31,20.85,78.68,2030.09,Ngo,35,12.4
1997,Hung Yen,24.3,27.59,21.71,80.32,2035.73,Khoai,37.4,3.4
1997,Hung Yen,24.3,27.59,21.71,80.32,2035.73,Lua dong xuan,246.8,42.5
1997,Hung Yen,24.3,27.59,21.71,80.32,2035.73,Lua mi,0,-1.42E-14
1997,Hung Yen,24.3,27.59,21.71,80.32,2035.73,Lua mua,206.6,46.9
1997,Hung Yen,24.3,27.59,21.71,80.32,2035.73,Ngo,26.6,10.7
1998,Hung Yen,25.03,28.62,22.16,77.77,1601.99,Khoai,25,2.8
1998,Hung Yen,25.03,28.62,22.16,77.77,1601.99,Lua dong xuan,241.9,42.5
1998,Hung Yen,25.03,28.62,22.16,77.77,1601.99,Lua mi,0,0
1998,Hung Yen,25.03,28.62,22.16,77.77,1601.99,Lua mua,232.1,47
1998,Hung Yen,25.03,28.62,22.16,77.77,1601.99,Ngo,30.2,9.6
1999,Hung Yen,24.22,27.73,21.46,78.89,1633.13,Khoai,41.7,3.7
1999,Hung Yen,24.22,27.73,21.46,78.89,1633.13,Lua dong xuan,244.4,42.7
1999,Hung Yen,24.22,27.73,21.46,78.89,1633.13,Lua mi,0,1.42E-14
1999,Hung Yen,24.22,27.73,21.46,78.89,1633.13,Lua mua,264.9,46.9
1999,Hung Yen,24.22,27.73,21.46,78.89,1633.13,Ngo,30.6,10.1
2000,Hung Yen,24.08,27.5,21.29,79.81,1760.97,Khoai,33.1,3.7
2000,Hung Yen,24.08,27.5,21.29,79.81,1760.97,Lua dong xuan,265.5,43.3
2000,Hung Yen,24.08,27.5,21.29,79.81,1760.97,Lua mi,0,0
2000,Hung Yen,24.08,27.5,21.29,79.81,1760.97,Lua mua,264.5,46.4
2000,Hung Yen,24.08,27.5,21.29,79.81,1760.97,Ngo,19.1,7.2
2001,Hung Yen,24.04,27.37,21.32,81.26,1942.22,Khoai,20.9,1.9
2001,Hung Yen,24.04,27.37,21.32,81.26,1942.22,Lua dong xuan,256,43.3
2001,Hung Yen,24.04,27.37,21.32,81.26,1942.22,Lua mi,1.14E-13,0
2001,Hung Yen,24.04,27.37,21.32,81.26,1942.22,Lua mua,250.9,46
2001,Hung Yen,24.04,27.37,21.32,81.26,1942.22,Ngo,15.8,4.5
2002,Hung Yen,24.38,27.83,21.68,81.34,1725.7,Khoai,24,2.2
2002,Hung Yen,24.38,27.83,21.68,81.34,1725.7,Lua dong xuan,264.6,43.3
2002,Hung Yen,24.38,27.83,21.68,81.34,1725.7,Lua mi,0,-1.42E-14
2002,Hung Yen,24.38,27.83,21.68,81.34,1725.7,Lua mua,266,45.4
2002,Hung Yen,24.38,27.83,21.68,81.34,1725.7,Ngo,16.8,4.4
2003,Hung Yen,24.93,28.71,21.82,78.2,1521.65,Khoai,20.5,2
2003,Hung Yen,24.93,28.71,21.82,78.2,1521.65,Lua dong xuan,269.6,42.8
2003,Hung Yen,24.93,28.71,21.82,78.2,1521.65,Lua mi,0,1.42E-14
2003,Hung Yen,24.93,28.71,21.82,78.2,1521.65,Lua mua,260,44.5
2003,Hung Yen,24.93,28.71,21.82,78.2,1521.65,Ngo,23.6,6.1
2004,Hung Yen,24,27.69,20.98,78.55,1381.7,Khoai,14.1,1.3
2004,Hung Yen,24,27.69,20.98,78.55,1381.7,Lua dong xuan,269.7,41.9
2004,Hung Yen,24,27.69,20.98,78.55,1381.7,Lua mi,0,0
2004,Hung Yen,24,27.69,20.98,78.55,1381.7,Lua mua,249.4,43.6
2004,Hung Yen,24,27.69,20.98,78.55,1381.7,Ngo,28.4,6.7
2005,Hung Yen,24.12,27.49,21.41,78.88,1651.08,Khoai,16.4,1.4
2005,Hung Yen,24.12,27.49,21.41,78.88,1651.08,Lua dong xuan,265.3,40.8
2005,Hung Yen,24.12,27.49,21.41,78.88,1651.08,Lua mi,0,0
2005,Hung Yen,24.12,27.49,21.41,78.88,1651.08,Lua mua,241.5,41.8
2005,Hung Yen,24.12,27.49,21.41,78.88,1651.08,Ngo,30.3,6.9
2006,Hung Yen,24.5,28.11,21.61,78.4,1437.92,Khoai,17.3,1.5
2006,Hung Yen,24.5,28.11,21.61,78.4,1437.92,Lua dong xuan,260.4,40.1
2006,Hung Yen,24.5,28.11,21.61,78.4,1437.92,Lua mi,0,0
2006,Hung Yen,24.5,28.11,21.61,78.4,1437.92,Lua mua,241.6,41.4
2006,Hung Yen,24.5,28.11,21.61,78.4,1437.92,Ngo,33.2,7.3
2007,Hung Yen,24.32,28,21.34,78.2,1606.19,Khoai,18.1,1.5
2007,Hung Yen,24.32,28,21.34,78.2,1606.19,Lua dong xuan,245,39.6
2007,Hung Yen,24.32,28,21.34,78.2,1606.19,Lua mi,0,-1.3
2007,Hung Yen,24.32,28,21.34,78.2,1606.19,Lua mua,246.1,40.8
2007,Hung Yen,24.32,28,21.34,78.2,1606.19,Ngo,44,9.2
2008,Hung Yen,23.54,27.09,20.73,78.53,1807.55,Khoai,17.7,1.4
2008,Hung Yen,23.54,27.09,20.73,78.53,1807.55,Lua dong xuan,265.3,40.3
2008,Hung Yen,23.54,27.09,20.73,78.53,1807.55,Lua mi,0,0.2
2008,Hung Yen,23.54,27.09,20.73,78.53,1807.55,Lua mua,249.2,41.4
2008,Hung Yen,23.54,27.09,20.73,78.53,1807.55,Ngo,47.2,9.2
2009,Hung Yen,24.61,28.32,21.68,78.08,1710.8,Khoai,9,0.7
2009,Hung Yen,24.61,28.32,21.68,78.08,1710.8,Lua dong xuan,259,40.3
2009,Hung Yen,24.61,28.32,21.68,78.08,1710.8,Lua mi,0,0
2009,Hung Yen,24.61,28.32,21.68,78.08,1710.8,Lua mua,252,41.2
2009,Hung Yen,24.61,28.32,21.68,78.08,1710.8,Ngo,35.3,6.9
2010,Hung Yen,24.76,28.31,21.83,77.85,2064.52,Khoai,10,0.7
2010,Hung Yen,24.76,28.31,21.83,77.85,2064.52,Lua dong xuan,259.5,40.6
2010,Hung Yen,24.76,28.31,21.83,77.85,2064.52,Lua mi,-1.14E-13,0
2010,Hung Yen,24.76,28.31,21.83,77.85,2064.52,Lua mua,255.1,41.3
2010,Hung Yen,24.76,28.31,21.83,77.85,2064.52,Ngo,48.7,8.6
2011,Hung Yen,23.16,26.43,20.47,78.15,1655.63,Khoai,11.6,0.8
2011,Hung Yen,23.16,26.43,20.47,78.15,1655.63,Lua dong xuan,281.4,40.6
2011,Hung Yen,23.16,26.43,20.47,78.15,1655.63,Lua mi,0,-1.42E-14
2011,Hung Yen,23.16,26.43,20.47,78.15,1655.63,Lua mua,247.2,41.3
2011,Hung Yen,23.16,26.43,20.47,78.15,1655.63,Ngo,50.8,8.7
2012,Hung Yen,24.21,27.43,21.57,80.66,1909.32,Khoai,9.3,0.7
2012,Hung Yen,24.21,27.43,21.57,80.66,1909.32,Lua dong xuan,277.4,40.7
2012,Hung Yen,24.21,27.43,21.57,80.66,1909.32,Lua mi,0,0
2012,Hung Yen,24.21,27.43,21.57,80.66,1909.32,Lua mua,251.2,41.1
2012,Hung Yen,24.21,27.43,21.57,80.66,1909.32,Ngo,46.3,7.8
2013,Hung Yen,24.1,27.55,21.36,79.94,2114.74,Khoai,10.2,0.7
2013,Hung Yen,24.1,27.55,21.36,79.94,2114.74,Lua dong xuan,273.2,40.4
2013,Hung Yen,24.1,27.55,21.36,79.94,2114.74,Lua mi,0,-1.42E-14
2013,Hung Yen,24.1,27.55,21.36,79.94,2114.74,Lua mua,228.9,40.3
2013,Hung Yen,24.1,27.55,21.36,79.94,2114.74,Ngo,45.9,8.4
2014,Hung Yen,24.35,27.79,21.56,79.83,1711.38,Khoai,8.4,0.6
2014,Hung Yen,24.35,27.79,21.56,79.83,1711.38,Lua dong xuan,262.9,39.5
2014,Hung Yen,24.35,27.79,21.56,79.83,1711.38,Lua mi,0,-1.42E-14
2014,Hung Yen,24.35,27.79,21.56,79.83,1711.38,Lua mua,226.7,39.4
2014,Hung Yen,24.35,27.79,21.56,79.83,1711.38,Ngo,47,8.4
2015,Hung Yen,25.24,28.73,22.46,79.07,1831.07,Khoai,6.9,0.5
2015,Hung Yen,25.24,28.73,22.46,79.07,1831.07,Lua dong xuan,255.7,38.7
2015,Hung Yen,25.24,28.73,22.46,79.07,1831.07,Lua mi,0,0
2015,Hung Yen,25.24,28.73,22.46,79.07,1831.07,Lua mua,224.8,38.8
2015,Hung Yen,25.24,28.73,22.46,79.07,1831.07,Ngo,49.1,8.5
2016,Hung Yen,24.79,28.24,21.98,78.46,1755.24,Khoai,7.5,0.5
2016,Hung Yen,24.79,28.24,21.98,78.46,1755.24,Lua dong xuan,244.4,37.1
2016,Hung Yen,24.79,28.24,21.98,78.46,1755.24,Lua mi,0,0.1
2016,Hung Yen,24.79,28.24,21.98,78.46,1755.24,Lua mua,213,37
2016,Hung Yen,24.79,28.24,21.98,78.46,1755.24,Ngo,47.1,8.1
2017,Hung Yen,24.63,27.84,22.06,79.35,2075.19,Khoai,7.6,0.5
2017,Hung Yen,24.63,27.84,22.06,79.35,2075.19,Lua dong xuan,233.2,35.4
2017,Hung Yen,24.63,27.84,22.06,79.35,2075.19,Lua mi,0,0
2017,Hung Yen,24.63,27.84,22.06,79.35,2075.19,Lua mua,185.4,35
2017,Hung Yen,24.63,27.84,22.06,79.35,2075.19,Ngo,46,7.8
2018,Hung Yen,24.68,28.05,22.02,79.63,2110.05,Khoai,6.9,446
2018,Hung Yen,24.68,28.05,22.02,79.63,2110.05,Lua dong xuan,225.3,33.4
2018,Hung Yen,24.68,28.05,22.02,79.63,2110.05,Lua mi,5.68E-14,-1.42E-14
2018,Hung Yen,24.68,28.05,22.02,79.63,2110.05,Lua mua,190.1,33
2018,Hung Yen,24.68,28.05,22.02,79.63,2110.05,Ngo,41.4,6.9
2019,Hung Yen,25.37,28.84,22.62,80.17,1662.05,Khoai,6.6,424
2019,Hung Yen,25.37,28.84,22.62,80.17,1662.05,Lua dong xuan,216.1,32
2019,Hung Yen,25.37,28.84,22.62,80.17,1662.05,Lua mi,0,0
2019,Hung Yen,25.37,28.84,22.62,80.17,1662.05,Lua mua,187.4,31
2019,Hung Yen,25.37,28.84,22.62,80.17,1662.05,Ngo,31.5,5.3
2020,Hung Yen,25.02,28.28,22.36,78.22,1940.33,Khoai,6.1,383
2020,Hung Yen,25.02,28.28,22.36,78.22,1940.33,Lua dong xuan,200.5,29.7
2020,Hung Yen,25.02,28.28,22.36,78.22,1940.33,Lua mi,-0.1,-0.1
2020,Hung Yen,25.02,28.28,22.36,78.22,1940.33,Lua mua,169,29.1
2020,Hung Yen,25.02,28.28,22.36,78.22,1940.33,Ngo,24.6,4.2
2021,Hung Yen,24.99,28.46,22.21,77.61,1717.56,Khoai,4.3,269
2021,Hung Yen,24.99,28.46,22.21,77.61,1717.56,Lua dong xuan,190.3,28.1
2021,Hung Yen,24.99,28.46,22.21,77.61,1717.56,Lua mi,-0.1,0
2021,Hung Yen,24.99,28.46,22.21,77.61,1717.56,Lua mua,164.1,28
2021,Hung Yen,24.99,28.46,22.21,77.61,1717.56,Ngo,20.5,3.4
2022,Hung Yen,24.41,27.82,21.6,78.93,2022.44,Khoai,3.5,219
2022,Hung Yen,24.41,27.82,21.6,78.93,2022.44,Lua dong xuan,183.1,27.1
2022,Hung Yen,24.41,27.82,21.6,78.93,2022.44,Lua mi,0,-7.11E-15
2022,Hung Yen,24.41,27.82,21.6,78.93,2022.44,Lua mua,154.8,26.6
2022,Hung Yen,24.41,27.82,21.6,78.93,2022.44,Ngo,18.9,3.2
2023,Hung Yen,25.27,28.72,22.44,77.79,1579.23,Khoai,3.4,216.2
2023,Hung Yen,25.27,28.72,22.44,77.79,1579.23,Lua dong xuan,171,25.3
2023,Hung Yen,25.27,28.72,22.44,77.79,1579.23,Lua mi,0,0
2023,Hung Yen,25.27,28.72,22.44,77.79,1579.23,Lua mua,145.8,25
2023,Hung Yen,25.27,28.72,22.44,77.79,1579.23,Ngo,18.3,3.1
2024,Hung Yen,25.37,28.69,22.68,78.99,2291.62,Khoai,3.3,215.7
2024,Hung Yen,25.37,28.69,22.68,78.99,2291.62,Lua dong xuan,166.4,24.6
2024,Hung Yen,25.37,28.69,22.68,78.99,2291.62,Lua mi,0,0
2024,Hung Yen,25.37,28.69,22.68,78.99,2291.62,Lua mua,93.9,24.3
2024,Hung Yen,25.37,28.69,22.68,78.99,2291.62,Ngo,16.4,3.1
1995,Khanh Hoa,24.78,27.94,22.33,82.71,1958.96,Khoai,0.3,0.1
1995,Khanh Hoa,24.78,27.94,22.33,82.71,1958.96,Lua dong xuan,57.7,13.8
1995,Khanh Hoa,24.78,27.94,22.33,82.71,1958.96,Lua he thu,58.3,14.5
1995,Khanh Hoa,24.78,27.94,22.33,82.71,1958.96,Lua mi,0,0
1995,Khanh Hoa,24.78,27.94,22.33,82.71,1958.96,Lua mua,26,9.7
1995,Khanh Hoa,24.78,27.94,22.33,82.71,1958.96,Ngo,6.8,5.2
1995,Khanh Hoa,24.78,27.94,22.33,82.71,1958.96,San,52.5,4.8
1996,Khanh Hoa,24.6,27.63,22.26,83.63,2436.06,Khoai,0.5,0.2
1996,Khanh Hoa,24.6,27.63,22.26,83.63,2436.06,Lua dong xuan,65.9,13.9
1996,Khanh Hoa,24.6,27.63,22.26,83.63,2436.06,Lua he thu,69.7,18.4
1996,Khanh Hoa,24.6,27.63,22.26,83.63,2436.06,Lua mi,2.84E-14,0
1996,Khanh Hoa,24.6,27.63,22.26,83.63,2436.06,Lua mua,23.6,10.2
1996,Khanh Hoa,24.6,27.63,22.26,83.63,2436.06,Ngo,7.1,4.9
1996,Khanh Hoa,24.6,27.63,22.26,83.63,2436.06,San,55.4,5.2
1997,Khanh Hoa,25.13,28.43,22.6,80.97,1551.99,Khoai,1,0.3
1997,Khanh Hoa,25.13,28.43,22.6,80.97,1551.99,Lua dong xuan,74.5,15.6
1997,Khanh Hoa,25.13,28.43,22.6,80.97,1551.99,Lua he thu,71.8,15.9
1997,Khanh Hoa,25.13,28.43,22.6,80.97,1551.99,Lua mi,0,7.11E-15
1997,Khanh Hoa,25.13,28.43,22.6,80.97,1551.99,Lua mua,26.2,10.8
1997,Khanh Hoa,25.13,28.43,22.6,80.97,1551.99,Ngo,4.4,3.9
1997,Khanh Hoa,25.13,28.43,22.6,80.97,1551.99,San,54.8,4.7
1998,Khanh Hoa,25.77,29.07,23.35,81.76,2756.42,Khoai,0.9,0.3
1998,Khanh Hoa,25.77,29.07,23.35,81.76,2756.42,Lua dong xuan,72,15.5
1998,Khanh Hoa,25.77,29.07,23.35,81.76,2756.42,Lua he thu,68.3,14.5
1998,Khanh Hoa,25.77,29.07,23.35,81.76,2756.42,Lua mi,0,0
1998,Khanh Hoa,25.77,29.07,23.35,81.76,2756.42,Lua mua,28.3,11.1
1998,Khanh Hoa,25.77,29.07,23.35,81.76,2756.42,Ngo,5.1,4.3
1998,Khanh Hoa,25.77,29.07,23.35,81.76,2756.42,San,38,4.8
1999,Khanh Hoa,24.97,27.93,22.76,82.81,2505.28,Khoai,1.1,0.3
1999,Khanh Hoa,24.97,27.93,22.76,82.81,2505.28,Lua dong xuan,76.9,16
1999,Khanh Hoa,24.97,27.93,22.76,82.81,2505.28,Lua he thu,77.6,16.6
1999,Khanh Hoa,24.97,27.93,22.76,82.81,2505.28,Lua mi,0,0
1999,Khanh Hoa,24.97,27.93,22.76,82.81,2505.28,Lua mua,21.8,12.3
1999,Khanh Hoa,24.97,27.93,22.76,82.81,2505.28,Ngo,5.5,4.9
1999,Khanh Hoa,24.97,27.93,22.76,82.81,2505.28,San,43.3,4.4
2000,Khanh Hoa,24.94,27.86,22.81,83.11,2344.46,Khoai,0.9,0.2
2000,Khanh Hoa,24.94,27.86,22.81,83.11,2344.46,Lua dong xuan,77.6,16.5
2000,Khanh Hoa,24.94,27.86,22.81,83.11,2344.46,Lua he thu,83.5,17.8
2000,Khanh Hoa,24.94,27.86,22.81,83.11,2344.46,Lua mi,0,0
2000,Khanh Hoa,24.94,27.86,22.81,83.11,2344.46,Lua mua,26.1,11.4
2000,Khanh Hoa,24.94,27.86,22.81,83.11,2344.46,Ngo,7.3,5
2000,Khanh Hoa,24.94,27.86,22.81,83.11,2344.46,San,46.3,4.5
2001,Khanh Hoa,25.23,28.32,22.95,81.77,1830.7,Khoai,0.8,0.2
2001,Khanh Hoa,25.23,28.32,22.95,81.77,1830.7,Lua dong xuan,81.2,16.5
2001,Khanh Hoa,25.23,28.32,22.95,81.77,1830.7,Lua he thu,83.9,17.9
2001,Khanh Hoa,25.23,28.32,22.95,81.77,1830.7,Lua mi,-2.84E-14,-7.11E-15
2001,Khanh Hoa,25.23,28.32,22.95,81.77,1830.7,Lua mua,26.8,11.8
2001,Khanh Hoa,25.23,28.32,22.95,81.77,1830.7,Ngo,7.3,5.2
2001,Khanh Hoa,25.23,28.32,22.95,81.77,1830.7,San,56,4.2
2002,Khanh Hoa,25.37,28.56,23.03,80.15,1902.74,Khoai,1,0.3
2002,Khanh Hoa,25.37,28.56,23.03,80.15,1902.74,Lua dong xuan,94.8,17.5
2002,Khanh Hoa,25.37,28.56,23.03,80.15,1902.74,Lua he thu,44.9,13
2002,Khanh Hoa,25.37,28.56,23.03,80.15,1902.74,Lua mi,0,0
2002,Khanh Hoa,25.37,28.56,23.03,80.15,1902.74,Lua mua,37.2,12.8
2002,Khanh Hoa,25.37,28.56,23.03,80.15,1902.74,Ngo,5,5
2002,Khanh Hoa,25.37,28.56,23.03,80.15,1902.74,San,56.4,4.3
2003,Khanh Hoa,25.15,28.4,22.76,80.79,1700.4,Khoai,1.1,0.3
2003,Khanh Hoa,25.15,28.4,22.76,80.79,1700.4,Lua dong xuan,87.8,17.1
2003,Khanh Hoa,25.15,28.4,22.76,80.79,1700.4,Lua he thu,84.8,17.7
2003,Khanh Hoa,25.15,28.4,22.76,80.79,1700.4,Lua mi,-2.84E-14,0
2003,Khanh Hoa,25.15,28.4,22.76,80.79,1700.4,Lua mua,33.2,11.5
2003,Khanh Hoa,25.15,28.4,22.76,80.79,1700.4,Ngo,8.4,5.1
2003,Khanh Hoa,25.15,28.4,22.76,80.79,1700.4,San,73.7,4.4
2004,Khanh Hoa,25.02,28.29,22.54,79.73,1351.44,Khoai,0.7,0.2
2004,Khanh Hoa,25.02,28.29,22.54,79.73,1351.44,Lua dong xuan,94.7,17.4
2004,Khanh Hoa,25.02,28.29,22.54,79.73,1351.44,Lua he thu,86.1,17.5
2004,Khanh Hoa,25.02,28.29,22.54,79.73,1351.44,Lua mi,0,0
2004,Khanh Hoa,25.02,28.29,22.54,79.73,1351.44,Lua mua,21.1,10.7
2004,Khanh Hoa,25.02,28.29,22.54,79.73,1351.44,Ngo,7.6,5
2004,Khanh Hoa,25.02,28.29,22.54,79.73,1351.44,San,72,4.6
2005,Khanh Hoa,25.24,28.44,22.91,80.15,2471.65,Khoai,0.7,0.2
2005,Khanh Hoa,25.24,28.44,22.91,80.15,2471.65,Lua dong xuan,77.8,13.7
2005,Khanh Hoa,25.24,28.44,22.91,80.15,2471.65,Lua he thu,38.1,9.9
2005,Khanh Hoa,25.24,28.44,22.91,80.15,2471.65,Lua mi,0,0
2005,Khanh Hoa,25.24,28.44,22.91,80.15,2471.65,Lua mua,24.4,11.2
2005,Khanh Hoa,25.24,28.44,22.91,80.15,2471.65,Ngo,7.7,5.2
2005,Khanh Hoa,25.24,28.44,22.91,80.15,2471.65,San,81.9,5.9
2006,Khanh Hoa,25.26,28.37,22.92,81.07,1842.47,Khoai,0.7,0.2
2006,Khanh Hoa,25.26,28.37,22.92,81.07,1842.47,Lua dong xuan,88.5,17.8
2006,Khanh Hoa,25.26,28.37,22.92,81.07,1842.47,Lua he thu,84.1,18
2006,Khanh Hoa,25.26,28.37,22.92,81.07,1842.47,Lua mi,0,0
2006,Khanh Hoa,25.26,28.37,22.92,81.07,1842.47,Lua mua,31.5,11.2
2006,Khanh Hoa,25.26,28.37,22.92,81.07,1842.47,Ngo,9.8,5.6
2006,Khanh Hoa,25.26,28.37,22.92,81.07,1842.47,San,77.7,5
2007,Khanh Hoa,24.93,27.96,22.65,82.48,2466.59,Khoai,0.6,0.1
2007,Khanh Hoa,24.93,27.96,22.65,82.48,2466.59,Lua dong xuan,91.5,17.1
2007,Khanh Hoa,24.93,27.96,22.65,82.48,2466.59,Lua he thu,68.4,13.7
2007,Khanh Hoa,24.93,27.96,22.65,82.48,2466.59,Lua mi,-2.84E-14,0
2007,Khanh Hoa,24.93,27.96,22.65,82.48,2466.59,Lua mua,33.9,10.3
2007,Khanh Hoa,24.93,27.96,22.65,82.48,2466.59,Ngo,11.4,5.9
2007,Khanh Hoa,24.93,27.96,22.65,82.48,2466.59,San,86.3,5
2008,Khanh Hoa,24.67,27.65,22.48,83.48,2578.89,Khoai,0.6,0.1
2008,Khanh Hoa,24.67,27.65,22.48,83.48,2578.89,Lua dong xuan,105,19.1
2008,Khanh Hoa,24.67,27.65,22.48,83.48,2578.89,Lua he thu,93.2,18.1
2008,Khanh Hoa,24.67,27.65,22.48,83.48,2578.89,Lua mi,0,-7.11E-15
2008,Khanh Hoa,24.67,27.65,22.48,83.48,2578.89,Lua mua,17,8.5
2008,Khanh Hoa,24.67,27.65,22.48,83.48,2578.89,Ngo,10.4,5.7
2008,Khanh Hoa,24.67,27.65,22.48,83.48,2578.89,San,111.7,6.5
2009,Khanh Hoa,25,28.06,22.69,82.84,2145.28,Khoai,1,0.2
2009,Khanh Hoa,25,28.06,22.69,82.84,2145.28,Lua dong xuan,108.9,19.1
2009,Khanh Hoa,25,28.06,22.69,82.84,2145.28,Lua he thu,97.2,18.6
2009,Khanh Hoa,25,28.06,22.69,82.84,2145.28,Lua mi,0,0
2009,Khanh Hoa,25,28.06,22.69,82.84,2145.28,Lua mua,22.1,8.2
2009,Khanh Hoa,25,28.06,22.69,82.84,2145.28,Ngo,11.9,6
2009,Khanh Hoa,25,28.06,22.69,82.84,2145.28,San,107.6,6.2
2010,Khanh Hoa,25.54,28.67,23.2,81.78,2655,Khoai,0.9,0.2
2010,Khanh Hoa,25.54,28.67,23.2,81.78,2655,Lua dong xuan,113.9,19.5
2010,Khanh Hoa,25.54,28.67,23.2,81.78,2655,Lua he thu,92.7,17.4
2010,Khanh Hoa,25.54,28.67,23.2,81.78,2655,Lua mi,0,0
2010,Khanh Hoa,25.54,28.67,23.2,81.78,2655,Lua mua,24.4,7.3
2010,Khanh Hoa,25.54,28.67,23.2,81.78,2655,Ngo,12.1,6
2010,Khanh Hoa,25.54,28.67,23.2,81.78,2655,San,111.4,6.2
2011,Khanh Hoa,24.83,27.6,22.75,81.97,2293.52,Khoai,1.1,0.2
2011,Khanh Hoa,24.83,27.6,22.75,81.97,2293.52,Lua dong xuan,110.8,19.5
2011,Khanh Hoa,24.83,27.6,22.75,81.97,2293.52,Lua he thu,105.3,18.7
2011,Khanh Hoa,24.83,27.6,22.75,81.97,2293.52,Lua mi,0,0
2011,Khanh Hoa,24.83,27.6,22.75,81.97,2293.52,Lua mua,25.1,7
2011,Khanh Hoa,24.83,27.6,22.75,81.97,2293.52,Ngo,13.3,6.3
2011,Khanh Hoa,24.83,27.6,22.75,81.97,2293.52,San,120.6,6.7
2012,Khanh Hoa,25.46,28.41,23.27,81.96,1892.79,Khoai,1.1,0.2
2012,Khanh Hoa,25.46,28.41,23.27,81.96,1892.79,Lua dong xuan,111.3,19.9
2012,Khanh Hoa,25.46,28.41,23.27,81.96,1892.79,Lua he thu,106.3,19.1
2012,Khanh Hoa,25.46,28.41,23.27,81.96,1892.79,Lua mi,0,0
2012,Khanh Hoa,25.46,28.41,23.27,81.96,1892.79,Lua mua,28.9,8.1
2012,Khanh Hoa,25.46,28.41,23.27,81.96,1892.79,Ngo,14.1,6.6
2012,Khanh Hoa,25.46,28.41,23.27,81.96,1892.79,San,120.2,6.3
2013,Khanh Hoa,25.27,28.18,23.09,81.45,2017.81,Khoai,1,0.2
2013,Khanh Hoa,25.27,28.18,23.09,81.45,2017.81,Lua dong xuan,123.3,20.4
2013,Khanh Hoa,25.27,28.18,23.09,81.45,2017.81,Lua he thu,107.3,18.7
2013,Khanh Hoa,25.27,28.18,23.09,81.45,2017.81,Lua mi,0,-7.11E-15
2013,Khanh Hoa,25.27,28.18,23.09,81.45,2017.81,Lua mua,27.4,7.5
2013,Khanh Hoa,25.27,28.18,23.09,81.45,2017.81,Ngo,14.6,6.7
2013,Khanh Hoa,25.27,28.18,23.09,81.45,2017.81,San,121.2,6.2
2014,Khanh Hoa,25.31,28.45,22.93,79.9,1621.51,Khoai,1,0.2
2014,Khanh Hoa,25.31,28.45,22.93,79.9,1621.51,Lua dong xuan,132.6,20.7
2014,Khanh Hoa,25.31,28.45,22.93,79.9,1621.51,Lua he thu,97.9,17
2014,Khanh Hoa,25.31,28.45,22.93,79.9,1621.51,Lua mi,0,-7.11E-15
2014,Khanh Hoa,25.31,28.45,22.93,79.9,1621.51,Lua mua,30.8,7.9
2014,Khanh Hoa,25.31,28.45,22.93,79.9,1621.51,Ngo,14.9,6.7
2014,Khanh Hoa,25.31,28.45,22.93,79.9,1621.51,San,115.3,6
2015,Khanh Hoa,25.52,28.72,23.11,80.47,1424.36,Khoai,1,0.2
2015,Khanh Hoa,25.52,28.72,23.11,80.47,1424.36,Lua dong xuan,127.5,20
2015,Khanh Hoa,25.52,28.72,23.11,80.47,1424.36,Lua he thu,50.1,8.8
2015,Khanh Hoa,25.52,28.72,23.11,80.47,1424.36,Lua mi,-2.84E-14,0.1
2015,Khanh Hoa,25.52,28.72,23.11,80.47,1424.36,Lua mua,22.2,5.4
2015,Khanh Hoa,25.52,28.72,23.11,80.47,1424.36,Ngo,12.9,6.1
2015,Khanh Hoa,25.52,28.72,23.11,80.47,1424.36,San,107.8,5.8
2016,Khanh Hoa,25.87,28.92,23.63,81.62,2286.17,Khoai,1,0.2
2016,Khanh Hoa,25.87,28.92,23.63,81.62,2286.17,Lua dong xuan,121,19.5
2016,Khanh Hoa,25.87,28.92,23.63,81.62,2286.17,Lua he thu,79.9,13.6
2016,Khanh Hoa,25.87,28.92,23.63,81.62,2286.17,Lua mi,2.84E-14,0.1
2016,Khanh Hoa,25.87,28.92,23.63,81.62,2286.17,Lua mua,26.2,6.8
2016,Khanh Hoa,25.87,28.92,23.63,81.62,2286.17,Ngo,14.7,6.4
2016,Khanh Hoa,25.87,28.92,23.63,81.62,2286.17,San,89.8,5.4
2017,Khanh Hoa,25.61,28.54,23.44,83.29,2559.24,Khoai,1,0.2
2017,Khanh Hoa,25.61,28.54,23.44,83.29,2559.24,Lua dong xuan,119.2,20
2017,Khanh Hoa,25.61,28.54,23.44,83.29,2559.24,Lua he thu,106.1,18.5
2017,Khanh Hoa,25.61,28.54,23.44,83.29,2559.24,Lua mi,0,0
2017,Khanh Hoa,25.61,28.54,23.44,83.29,2559.24,Lua mua,29.4,9
2017,Khanh Hoa,25.61,28.54,23.44,83.29,2559.24,Ngo,14,6.6
2017,Khanh Hoa,25.61,28.54,23.44,83.29,2559.24,San,84.8,4.9
2018,Khanh Hoa,25.76,28.83,23.46,80.47,1805.97,Khoai,0.9,216
2018,Khanh Hoa,25.76,28.83,23.46,80.47,1805.97,Lua dong xuan,127.1,20.1
2018,Khanh Hoa,25.76,28.83,23.46,80.47,1805.97,Lua he thu,105.2,18.2
2018,Khanh Hoa,25.76,28.83,23.46,80.47,1805.97,Lua mi,0,0
2018,Khanh Hoa,25.76,28.83,23.46,80.47,1805.97,Lua mua,28.7,8.3
2018,Khanh Hoa,25.76,28.83,23.46,80.47,1805.97,Ngo,14.7,6.4
2018,Khanh Hoa,25.76,28.83,23.46,80.47,1805.97,San,74.2,4.4
2019,Khanh Hoa,26.1,29.33,23.63,79.25,1621.41,Khoai,0.8,176
2019,Khanh Hoa,26.1,29.33,23.63,79.25,1621.41,Lua dong xuan,130.3,20.1
2019,Khanh Hoa,26.1,29.33,23.63,79.25,1621.41,Lua he thu,101.7,18.1
2019,Khanh Hoa,26.1,29.33,23.63,79.25,1621.41,Lua mi,0,0
2019,Khanh Hoa,26.1,29.33,23.63,79.25,1621.41,Lua mua,27.3,7.4
2019,Khanh Hoa,26.1,29.33,23.63,79.25,1621.41,Ngo,13,5.9
2019,Khanh Hoa,26.1,29.33,23.63,79.25,1621.41,San,62.2,3.6
2020,Khanh Hoa,25.69,28.79,23.39,81.47,2119.45,Khoai,0.6,135
2020,Khanh Hoa,25.69,28.79,23.39,81.47,2119.45,Lua dong xuan,128.4,19.7
2020,Khanh Hoa,25.69,28.79,23.39,81.47,2119.45,Lua he thu,38.9,6.8
2020,Khanh Hoa,25.69,28.79,23.39,81.47,2119.45,Lua mi,-2.84E-14,7.11E-15
2020,Khanh Hoa,25.69,28.79,23.39,81.47,2119.45,Lua mua,24.6,6.9
2020,Khanh Hoa,25.69,28.79,23.39,81.47,2119.45,Ngo,11.3,5.3
2020,Khanh Hoa,25.69,28.79,23.39,81.47,2119.45,San,59.9,3.5
2021,Khanh Hoa,25.2,28.17,23,81.18,2264.74,Khoai,0.5,122
2021,Khanh Hoa,25.2,28.17,23,81.18,2264.74,Lua dong xuan,138.1,19.9
2021,Khanh Hoa,25.2,28.17,23,81.18,2264.74,Lua he thu,106,18
2021,Khanh Hoa,25.2,28.17,23,81.18,2264.74,Lua mi,5.68E-14,-0.1
2021,Khanh Hoa,25.2,28.17,23,81.18,2264.74,Lua mua,28.4,7.3
2021,Khanh Hoa,25.2,28.17,23,81.18,2264.74,Ngo,11.2,5.2
2021,Khanh Hoa,25.2,28.17,23,81.18,2264.74,San,47.8,2.9
2022,Khanh Hoa,25.1,27.94,22.94,83.04,2522.03,Khoai,0.5,116.9
2022,Khanh Hoa,25.1,27.94,22.94,83.04,2522.03,Lua dong xuan,128.6,19.9
2022,Khanh Hoa,25.1,27.94,22.94,83.04,2522.03,Lua he thu,106.2,17.9
2022,Khanh Hoa,25.1,27.94,22.94,83.04,2522.03,Lua mi,0,-7.11E-15
2022,Khanh Hoa,25.1,27.94,22.94,83.04,2522.03,Lua mua,22.2,5.5
2022,Khanh Hoa,25.1,27.94,22.94,83.04,2522.03,Ngo,11.2,5.2
2022,Khanh Hoa,25.1,27.94,22.94,83.04,2522.03,San,43.9,2.3
2023,Khanh Hoa,25.64,28.67,23.41,81.29,2019.71,Khoai,0.5,109.2
2023,Khanh Hoa,25.64,28.67,23.41,81.29,2019.71,Lua dong xuan,124.2,19.5
2023,Khanh Hoa,25.64,28.67,23.41,81.29,2019.71,Lua he thu,111.5,18.2
2023,Khanh Hoa,25.64,28.67,23.41,81.29,2019.71,Lua mi,-5.68E-14,-0.1
2023,Khanh Hoa,25.64,28.67,23.41,81.29,2019.71,Lua mua,30.4,7.4
2023,Khanh Hoa,25.64,28.67,23.41,81.29,2019.71,Ngo,11.1,5.1
2023,Khanh Hoa,25.64,28.67,23.41,81.29,2019.71,San,37.8,2.3
2024,Khanh Hoa,25.99,29.09,23.68,80.23,1894.44,Khoai,0.4,94.7
2024,Khanh Hoa,25.99,29.09,23.68,80.23,1894.44,Lua dong xuan,134.3,19.4
2024,Khanh Hoa,25.99,29.09,23.68,80.23,1894.44,Lua he thu,108.5,17.6
2024,Khanh Hoa,25.99,29.09,23.68,80.23,1894.44,Lua mi,5.68E-14,0
2024,Khanh Hoa,25.99,29.09,23.68,80.23,1894.44,Lua mua,29.1,7.1
2024,Khanh Hoa,25.99,29.09,23.68,80.23,1894.44,Ngo,10.9,5.1
2024,Khanh Hoa,25.99,29.09,23.68,80.23,1894.44,San,42.5,2.6
1995,Kien Giang,27.29,30.69,24.73,78.65,2072.46,Khoai,0.7,1
1995,Kien Giang,27.29,30.69,24.73,78.65,2072.46,Lua dong xuan,568.6,107
1995,Kien Giang,27.29,30.69,24.73,78.65,2072.46,Lua he thu,629.1,170
1995,Kien Giang,27.29,30.69,24.73,78.65,2072.46,Lua mi,,
1995,Kien Giang,27.29,30.69,24.73,78.65,2072.46,Lua mua,264.7,103.3
1995,Kien Giang,27.29,30.69,24.73,78.65,2072.46,Ngo,,
1995,Kien Giang,27.29,30.69,24.73,78.65,2072.46,San,1.3,0.2
1996,Kien Giang,26.9,30.13,24.56,81.59,2491.43,Khoai,5.9,1.5
1996,Kien Giang,26.9,30.13,24.56,81.59,2491.43,Lua dong xuan,785.5,144.2
1996,Kien Giang,26.9,30.13,24.56,81.59,2491.43,Lua he thu,620,211.7
1996,Kien Giang,26.9,30.13,24.56,81.59,2491.43,Lua mi,0,-5.68E-14
1996,Kien Giang,26.9,30.13,24.56,81.59,2491.43,Lua mua,292,93.7
1996,Kien Giang,26.9,30.13,24.56,81.59,2491.43,Ngo,0.1,0.1
1996,Kien Giang,26.9,30.13,24.56,81.59,2491.43,San,1.5,0.4
1997,Kien Giang,27.27,30.58,24.84,80.07,1950.82,Khoai,22.2,1.2
1997,Kien Giang,27.27,30.58,24.84,80.07,1950.82,Lua dong xuan,842.1,155.4
1997,Kien Giang,27.27,30.58,24.84,80.07,1950.82,Lua he thu,617.2,188.8
1997,Kien Giang,27.27,30.58,24.84,80.07,1950.82,Lua mi,,
1997,Kien Giang,27.27,30.58,24.84,80.07,1950.82,Lua mua,232.9,95.5
1997,Kien Giang,27.27,30.58,24.84,80.07,1950.82,Ngo,,
1997,Kien Giang,27.27,30.58,24.84,80.07,1950.82,San,3,0.4
1998,Kien Giang,27.95,31.34,25.53,78.89,2326.86,Khoai,9,1
1998,Kien Giang,27.95,31.34,25.53,78.89,2326.86,Lua dong xuan,858,160.1
1998,Kien Giang,27.95,31.34,25.53,78.89,2326.86,Lua he thu,813.9,249
1998,Kien Giang,27.95,31.34,25.53,78.89,2326.86,Lua mi,,
1998,Kien Giang,27.95,31.34,25.53,78.89,2326.86,Lua mua,228.5,96.8
1998,Kien Giang,27.95,31.34,25.53,78.89,2326.86,Ngo,,
1998,Kien Giang,27.95,31.34,25.53,78.89,2326.86,San,3.5,0.5
1999,Kien Giang,26.79,29.77,24.65,82.47,2731.31,Khoai,15,1.1
1999,Kien Giang,26.79,29.77,24.65,82.47,2731.31,Lua dong xuan,882.7,182.7
1999,Kien Giang,26.79,29.77,24.65,82.47,2731.31,Lua he thu,909,255.7
1999,Kien Giang,26.79,29.77,24.65,82.47,2731.31,Lua mi,,
1999,Kien Giang,26.79,29.77,24.65,82.47,2731.31,Lua mua,234.5,82.9
1999,Kien Giang,26.79,29.77,24.65,82.47,2731.31,Ngo,,
1999,Kien Giang,26.79,29.77,24.65,82.47,2731.31,San,7.7,1.1
2000,Kien Giang,27.09,30.11,24.92,82.01,2521.72,Khoai,13.9,0.9
2000,Kien Giang,27.09,30.11,24.92,82.01,2521.72,Lua dong xuan,1153.2,232.6
2000,Kien Giang,27.09,30.11,24.92,82.01,2521.72,Lua he thu,1032.5,266.9
2000,Kien Giang,27.09,30.11,24.92,82.01,2521.72,Lua mi,,
2000,Kien Giang,27.09,30.11,24.92,82.01,2521.72,Lua mua,98.6,41.5
2000,Kien Giang,27.09,30.11,24.92,82.01,2521.72,Ngo,,
2000,Kien Giang,27.09,30.11,24.92,82.01,2521.72,San,5.3,0.7
2001,Kien Giang,27.3,30.33,25.09,81.25,2305.48,Khoai,17.1,1.6
2001,Kien Giang,27.3,30.33,25.09,81.25,2305.48,Lua dong xuan,1123.2,249.7
2001,Kien Giang,27.3,30.33,25.09,81.25,2305.48,Lua he thu,977.9,268.3
2001,Kien Giang,27.3,30.33,25.09,81.25,2305.48,Lua mi,,
2001,Kien Giang,27.3,30.33,25.09,81.25,2305.48,Lua mua,86.9,32.6
2001,Kien Giang,27.3,30.33,25.09,81.25,2305.48,Ngo,,
2001,Kien Giang,27.3,30.33,25.09,81.25,2305.48,San,3.8,0.4
2002,Kien Giang,27.85,31.25,25.34,77.28,1925.93,Khoai,23.6,1.9
2002,Kien Giang,27.85,31.25,25.34,77.28,1925.93,Lua dong xuan,1347.5,254.3
2002,Kien Giang,27.85,31.25,25.34,77.28,1925.93,Lua he thu,1160.7,293.3
2002,Kien Giang,27.85,31.25,25.34,77.28,1925.93,Lua mi,0,0
2002,Kien Giang,27.85,31.25,25.34,77.28,1925.93,Lua mua,70.2,28.3
2002,Kien Giang,27.85,31.25,25.34,77.28,1925.93,Ngo,0,0.1
2002,Kien Giang,27.85,31.25,25.34,77.28,1925.93,San,14.6,1.2
2003,Kien Giang,27.59,30.78,25.21,78.47,2189.64,Khoai,10.9,0.9
2003,Kien Giang,27.59,30.78,25.21,78.47,2189.64,Lua dong xuan,1402.1,266.6
2003,Kien Giang,27.59,30.78,25.21,78.47,2189.64,Lua he thu,1030.6,277.1
2003,Kien Giang,27.59,30.78,25.21,78.47,2189.64,Lua mi,0,-0.1
2003,Kien Giang,27.59,30.78,25.21,78.47,2189.64,Lua mua,56.9,19.4
2003,Kien Giang,27.59,30.78,25.21,78.47,2189.64,Ngo,0.4,0.2
2003,Kien Giang,27.59,30.78,25.21,78.47,2189.64,San,9.1,0.7
2004,Kien Giang,27.48,30.64,25.02,78.27,1837.1,Khoai,14.8,1.1
2004,Kien Giang,27.48,30.64,25.02,78.27,1837.1,Lua dong xuan,1424.2,250.8
2004,Kien Giang,27.48,30.64,25.02,78.27,1837.1,Lua he thu,1199.4,286.4
2004,Kien Giang,27.48,30.64,25.02,78.27,1837.1,Lua mi,0,0
2004,Kien Giang,27.48,30.64,25.02,78.27,1837.1,Lua mua,116.2,33.1
2004,Kien Giang,27.48,30.64,25.02,78.27,1837.1,Ngo,0.2,0.1
2004,Kien Giang,27.48,30.64,25.02,78.27,1837.1,San,8.6,1.8
2005,Kien Giang,27.43,30.5,25.07,78.84,2074.56,Khoai,9.9,0.6
2005,Kien Giang,27.43,30.5,25.07,78.84,2074.56,Lua dong xuan,1503.4,250.8
2005,Kien Giang,27.43,30.5,25.07,78.84,2074.56,Lua he thu,1282,299.8
2005,Kien Giang,27.43,30.5,25.07,78.84,2074.56,Lua mi,,
2005,Kien Giang,27.43,30.5,25.07,78.84,2074.56,Lua mua,158.9,45.2
2005,Kien Giang,27.43,30.5,25.07,78.84,2074.56,Ngo,,
2005,Kien Giang,27.43,30.5,25.07,78.84,2074.56,San,8.5,1.5
2006,Kien Giang,27.39,30.42,25.15,80.03,2342.93,Khoai,6.9,0.4
2006,Kien Giang,27.39,30.42,25.15,80.03,2342.93,Lua dong xuan,1528.2,256.7
2006,Kien Giang,27.39,30.42,25.15,80.03,2342.93,Lua he thu,1081.8,293.8
2006,Kien Giang,27.39,30.42,25.15,80.03,2342.93,Lua mi,0,0
2006,Kien Giang,27.39,30.42,25.15,80.03,2342.93,Lua mua,134.3,44.6
2006,Kien Giang,27.39,30.42,25.15,80.03,2342.93,Ngo,0.1,0
2006,Kien Giang,27.39,30.42,25.15,80.03,2342.93,San,6.5,1.1
2007,Kien Giang,27.31,30.49,24.98,80.07,2446.92,Khoai,14.4,1
2007,Kien Giang,27.31,30.49,24.98,80.07,2446.92,Lua dong xuan,1572.6,265.3
2007,Kien Giang,27.31,30.49,24.98,80.07,2446.92,Lua he thu,1230.5,266.4
2007,Kien Giang,27.31,30.49,24.98,80.07,2446.92,Lua mi,,
2007,Kien Giang,27.31,30.49,24.98,80.07,2446.92,Lua mua,174.2,51.2
2007,Kien Giang,27.31,30.49,24.98,80.07,2446.92,Ngo,,
2007,Kien Giang,27.31,30.49,24.98,80.07,2446.92,San,11.3,1
2008,Kien Giang,27.11,30.33,24.8,80.3,2422.32,Khoai,13.4,0.8
2008,Kien Giang,27.11,30.33,24.8,80.3,2422.32,Lua dong xuan,1813.2,270.2
2008,Kien Giang,27.11,30.33,24.8,80.3,2422.32,Lua he thu,1338,279
2008,Kien Giang,27.11,30.33,24.8,80.3,2422.32,Lua mi,4.55E-13,0
2008,Kien Giang,27.11,30.33,24.8,80.3,2422.32,Lua mua,236,60
2008,Kien Giang,27.11,30.33,24.8,80.3,2422.32,Ngo,0.1,0
2008,Kien Giang,27.11,30.33,24.8,80.3,2422.32,San,19.4,1
2009,Kien Giang,27.29,30.41,25,81.31,2111.27,Khoai,19.4,1
2009,Kien Giang,27.29,30.41,25,81.31,2111.27,Lua dong xuan,1860.3,277.8
2009,Kien Giang,27.29,30.41,25,81.31,2111.27,Lua he thu,1300,282.1
2009,Kien Giang,27.29,30.41,25,81.31,2111.27,Lua mi,4.55E-13,0
2009,Kien Giang,27.29,30.41,25,81.31,2111.27,Lua mua,237.4,62.2
2009,Kien Giang,27.29,30.41,25,81.31,2111.27,Ngo,0.2,0.1
2009,Kien Giang,27.29,30.41,25,81.31,2111.27,San,18.9,0.9
2010,Kien Giang,27.81,31.2,25.41,79.6,2485.15,Khoai,28.9,1.5
2010,Kien Giang,27.81,31.2,25.41,79.6,2485.15,Lua dong xuan,1892.1,283.9
2010,Kien Giang,27.81,31.2,25.41,79.6,2485.15,Lua he thu,1367.9,296.6
2010,Kien Giang,27.81,31.2,25.41,79.6,2485.15,Lua mi,4.55E-13,
2010,Kien Giang,27.81,31.2,25.41,79.6,2485.15,Lua mua,237.1,62.2
2010,Kien Giang,27.81,31.2,25.41,79.6,2485.15,Ngo,0.2,
2010,Kien Giang,27.81,31.2,25.41,79.6,2485.15,San,15.4,0.8
2011,Kien Giang,27.18,30.22,24.94,80.66,2166.51,Khoai,14.4,0.8
2011,Kien Giang,27.18,30.22,24.94,80.66,2166.51,Lua dong xuan,1995.5,287.2
2011,Kien Giang,27.18,30.22,24.94,80.66,2166.51,Lua he thu,1723.6,345.3
2011,Kien Giang,27.18,30.22,24.94,80.66,2166.51,Lua mi,0,0
2011,Kien Giang,27.18,30.22,24.94,80.66,2166.51,Lua mua,202,54.4
2011,Kien Giang,27.18,30.22,24.94,80.66,2166.51,Ngo,0.3,0.1
2011,Kien Giang,27.18,30.22,24.94,80.66,2166.51,San,25.2,0.2
2012,Kien Giang,27.53,30.67,25.29,81.55,2307.32,Khoai,17.8,1
2012,Kien Giang,27.53,30.67,25.29,81.55,2307.32,Lua dong xuan,2061.7,292.2
2012,Kien Giang,27.53,30.67,25.29,81.55,2307.32,Lua he thu,1950.5,368.5
2012,Kien Giang,27.53,30.67,25.29,81.55,2307.32,Lua mi,-9.09E-13,0
2012,Kien Giang,27.53,30.67,25.29,81.55,2307.32,Lua mua,274.9,64.4
2012,Kien Giang,27.53,30.67,25.29,81.55,2307.32,Ngo,0.3,0.1
2012,Kien Giang,27.53,30.67,25.29,81.55,2307.32,San,12.3,0.5
2013,Kien Giang,27.57,30.69,25.31,80.06,2360.26,Khoai,25.7,1.3
2013,Kien Giang,27.57,30.69,25.31,80.06,2360.26,Lua dong xuan,2076.4,300.6
2013,Kien Giang,27.57,30.69,25.31,80.06,2360.26,Lua he thu,2112.8,403.9
2013,Kien Giang,27.57,30.69,25.31,80.06,2360.26,Lua mi,0,0
2013,Kien Giang,27.57,30.69,25.31,80.06,2360.26,Lua mua,282.6,65.9
2013,Kien Giang,27.57,30.69,25.31,80.06,2360.26,Ngo,0.7,0.1
2013,Kien Giang,27.57,30.69,25.31,80.06,2360.26,San,15.6,0.7
2014,Kien Giang,27.49,30.75,25.11,79.99,2014.08,Khoai,29,1.1
2014,Kien Giang,27.49,30.75,25.11,79.99,2014.08,Lua dong xuan,2207.6,305.9
2014,Kien Giang,27.49,30.75,25.11,79.99,2014.08,Lua he thu,2044.3,385.3
2014,Kien Giang,27.49,30.75,25.11,79.99,2014.08,Lua mi,0,0
2014,Kien Giang,27.49,30.75,25.11,79.99,2014.08,Lua mua,280.3,62.4
2014,Kien Giang,27.49,30.75,25.11,79.99,2014.08,Ngo,0.7,0.1
2014,Kien Giang,27.49,30.75,25.11,79.99,2014.08,San,20.7,0.7
2015,Kien Giang,27.86,31.22,25.4,78.28,1816.97,Khoai,31.5,1.5
2015,Kien Giang,27.86,31.22,25.4,78.28,1816.97,Lua dong xuan,2224.5,307.3
2015,Kien Giang,27.86,31.22,25.4,78.28,1816.97,Lua he thu,2135.2,399.2
2015,Kien Giang,27.86,31.22,25.4,78.28,1816.97,Lua mi,-0.1,0
2015,Kien Giang,27.86,31.22,25.4,78.28,1816.97,Lua mua,283.3,63
2015,Kien Giang,27.86,31.22,25.4,78.28,1816.97,Ngo,1.3,0.2
2015,Kien Giang,27.86,31.22,25.4,78.28,1816.97,San,25.8,0.9
2016,Kien Giang,28.09,31.3,25.76,79.09,2312.31,Khoai,33.8,1.5
2016,Kien Giang,28.09,31.3,25.76,79.09,2312.31,Lua dong xuan,1850.3,301
2016,Kien Giang,28.09,31.3,25.76,79.09,2312.31,Lua he thu,2203.7,404.8
2016,Kien Giang,28.09,31.3,25.76,79.09,2312.31,Lua mi,0.1,0.2
2016,Kien Giang,28.09,31.3,25.76,79.09,2312.31,Lua mua,107.5,60.1
2016,Kien Giang,28.09,31.3,25.76,79.09,2312.31,Ngo,1.2,0.2
2016,Kien Giang,28.09,31.3,25.76,79.09,2312.31,San,20.5,0.7
2017,Kien Giang,27.53,30.5,25.4,81.99,2767.93,Khoai,32.1,1.5
2017,Kien Giang,27.53,30.5,25.4,81.99,2767.93,Lua dong xuan,1799.7,298.8
2017,Kien Giang,27.53,30.5,25.4,81.99,2767.93,Lua he thu,2122.7,389.1
2017,Kien Giang,27.53,30.5,25.4,81.99,2767.93,Lua mi,0,1.14E-13
2017,Kien Giang,27.53,30.5,25.4,81.99,2767.93,Lua mua,136.4,47.4
2017,Kien Giang,27.53,30.5,25.4,81.99,2767.93,Ngo,1.7,0.3
2017,Kien Giang,27.53,30.5,25.4,81.99,2767.93,San,18.8,0.7
2018,Kien Giang,27.6,30.71,25.35,81,2436.59,Khoai,30.7,1352
2018,Kien Giang,27.6,30.71,25.35,81,2436.59,Lua dong xuan,2051,290
2018,Kien Giang,27.6,30.71,25.35,81,2436.59,Lua he thu,1950,379.8
2018,Kien Giang,27.6,30.71,25.35,81,2436.59,Lua mi,0,1.14E-13
2018,Kien Giang,27.6,30.71,25.35,81,2436.59,Lua mua,266.4,58.6
2018,Kien Giang,27.6,30.71,25.35,81,2436.59,Ngo,1.5,0.3
2018,Kien Giang,27.6,30.71,25.35,81,2436.59,San,16,0.6
2019,Kien Giang,27.81,31.01,25.42,79.27,2025.96,Khoai,30,1340
2019,Kien Giang,27.81,31.01,25.42,79.27,2025.96,Lua dong xuan,1989,289.1
2019,Kien Giang,27.81,31.01,25.42,79.27,2025.96,Lua he thu,1983.2,368.9
2019,Kien Giang,27.81,31.01,25.42,79.27,2025.96,Lua mi,0,-0.1
2019,Kien Giang,27.81,31.01,25.42,79.27,2025.96,Lua mua,319.3,64.1
2019,Kien Giang,27.81,31.01,25.42,79.27,2025.96,Ngo,1.4,0.2
2019,Kien Giang,27.81,31.01,25.42,79.27,2025.96,San,12.4,0.4
2020,Kien Giang,27.97,31.12,25.59,78.81,2196.74,Khoai,33.8,1422
2020,Kien Giang,27.97,31.12,25.59,78.81,2196.74,Lua dong xuan,2122.3,289.8
2020,Kien Giang,27.97,31.12,25.59,78.81,2196.74,Lua he thu,2084.4,373.4
2020,Kien Giang,27.97,31.12,25.59,78.81,2196.74,Lua mi,0,0.1
2020,Kien Giang,27.97,31.12,25.59,78.81,2196.74,Lua mua,321.8,62.6
2020,Kien Giang,27.97,31.12,25.59,78.81,2196.74,Ngo,1.7,0.3
2020,Kien Giang,27.97,31.12,25.59,78.81,2196.74,San,7.9,0.4
2021,Kien Giang,27.46,30.41,25.26,80.4,2359.82,Khoai,33.5,1348
2021,Kien Giang,27.46,30.41,25.26,80.4,2359.82,Lua dong xuan,2166.1,284.4
2021,Kien Giang,27.46,30.41,25.26,80.4,2359.82,Lua he thu,2085,372.9
2021,Kien Giang,27.46,30.41,25.26,80.4,2359.82,Lua mi,-9.09E-13,0
2021,Kien Giang,27.46,30.41,25.26,80.4,2359.82,Lua mua,265.5,58.4
2021,Kien Giang,27.46,30.41,25.26,80.4,2359.82,Ngo,1.8,0.3
2021,Kien Giang,27.46,30.41,25.26,80.4,2359.82,San,6.8,0.3
2022,Kien Giang,27.62,30.59,25.46,80.59,2680.2,Khoai,33.1,1244.2
2022,Kien Giang,27.62,30.59,25.46,80.59,2680.2,Lua dong xuan,2089.5,283.9
2022,Kien Giang,27.62,30.59,25.46,80.59,2680.2,Lua he thu,1954.1,348.6
2022,Kien Giang,27.62,30.59,25.46,80.59,2680.2,Lua mi,0,0.1
2022,Kien Giang,27.62,30.59,25.46,80.59,2680.2,Lua mua,361.8,67.3
2022,Kien Giang,27.62,30.59,25.46,80.59,2680.2,Ngo,2.1,0.3
2022,Kien Giang,27.62,30.59,25.46,80.59,2680.2,San,5.5,0.3
2023,Kien Giang,28.02,30.93,25.81,80.37,2135.09,Khoai,27.6,1044.9
2023,Kien Giang,28.02,30.93,25.81,80.37,2135.09,Lua dong xuan,2159.6,281
2023,Kien Giang,28.02,30.93,25.81,80.37,2135.09,Lua he thu,2035.8,363.3
2023,Kien Giang,28.02,30.93,25.81,80.37,2135.09,Lua mi,9.09E-13,1.14E-13
2023,Kien Giang,28.02,30.93,25.81,80.37,2135.09,Lua mua,366.5,68.5
2023,Kien Giang,28.02,30.93,25.81,80.37,2135.09,Ngo,2.4,0.3
2023,Kien Giang,28.02,30.93,25.81,80.37,2135.09,San,6.4,0.3
2024,Kien Giang,28.5,31.48,26.19,79.61,2320.77,Khoai,24.8,949.7
2024,Kien Giang,28.5,31.48,26.19,79.61,2320.77,Lua dong xuan,2173,280.4
2024,Kien Giang,28.5,31.48,26.19,79.61,2320.77,Lua he thu,2141.1,372.9
2024,Kien Giang,28.5,31.48,26.19,79.61,2320.77,Lua mi,-9.09E-13,0
2024,Kien Giang,28.5,31.48,26.19,79.61,2320.77,Lua mua,400.4,72.4
2024,Kien Giang,28.5,31.48,26.19,79.61,2320.77,Ngo,2.8,0.4
2024,Kien Giang,28.5,31.48,26.19,79.61,2320.77,San,7.2,0.4
1995,Kon Tum,21.96,26.78,18.37,79.97,1832.56,Khoai,2.9,0.4
1995,Kon Tum,21.96,26.78,18.37,79.97,1832.56,Lua dong xuan,12.2,3.1
1995,Kon Tum,21.96,26.78,18.37,79.97,1832.56,Lua mi,7.11E-15,0
1995,Kon Tum,21.96,26.78,18.37,79.97,1832.56,Lua mua,28.7,16.2
1995,Kon Tum,21.96,26.78,18.37,79.97,1832.56,Ngo,4.8,2.7
1995,Kon Tum,21.96,26.78,18.37,79.97,1832.56,San,128.9,8.7
1996,Kon Tum,21.82,26.52,18.44,81.71,2387.06,Khoai,2.7,0.4
1996,Kon Tum,21.82,26.52,18.44,81.71,2387.06,Lua dong xuan,15,3.4
1996,Kon Tum,21.82,26.52,18.44,81.71,2387.06,Lua mi,0,3.55E-15
1996,Kon Tum,21.82,26.52,18.44,81.71,2387.06,Lua mua,26.2,15.5
1996,Kon Tum,21.82,26.52,18.44,81.71,2387.06,Ngo,6.3,3.2
1996,Kon Tum,21.82,26.52,18.44,81.71,2387.06,San,123.5,13.6
1997,Kon Tum,22.01,26.78,18.54,81.07,1987.94,Khoai,2,0.3
1997,Kon Tum,22.01,26.78,18.54,81.07,1987.94,Lua dong xuan,14.9,3.3
1997,Kon Tum,22.01,26.78,18.54,81.07,1987.94,Lua mi,7.11E-15,0
1997,Kon Tum,22.01,26.78,18.54,81.07,1987.94,Lua mua,30,15.8
1997,Kon Tum,22.01,26.78,18.54,81.07,1987.94,Ngo,7.8,3.4
1997,Kon Tum,22.01,26.78,18.54,81.07,1987.94,San,113.8,11.2
1998,Kon Tum,22.98,27.78,19.44,79.97,1898.47,Khoai,2.1,0.3
1998,Kon Tum,22.98,27.78,19.44,79.97,1898.47,Lua dong xuan,14.7,3.6
1998,Kon Tum,22.98,27.78,19.44,79.97,1898.47,Lua mi,0,0
1998,Kon Tum,22.98,27.78,19.44,79.97,1898.47,Lua mua,27.6,15.3
1998,Kon Tum,22.98,27.78,19.44,79.97,1898.47,Ngo,8.1,3.6
1998,Kon Tum,22.98,27.78,19.44,79.97,1898.47,San,96,10.6
1999,Kon Tum,21.8,26.14,18.76,83.6,2290.64,Khoai,1.7,0.3
1999,Kon Tum,21.8,26.14,18.76,83.6,2290.64,Lua dong xuan,13.4,3.6
1999,Kon Tum,21.8,26.14,18.76,83.6,2290.64,Lua mi,7.11E-15,0
1999,Kon Tum,21.8,26.14,18.76,83.6,2290.64,Lua mua,31.4,15.7
1999,Kon Tum,21.8,26.14,18.76,83.6,2290.64,Ngo,8.3,4.1
1999,Kon Tum,21.8,26.14,18.76,83.6,2290.64,San,114.1,11.5
2000,Kon Tum,22.11,26.55,18.94,81.83,2057.67,Khoai,1.6,0.2
2000,Kon Tum,22.11,26.55,18.94,81.83,2057.67,Lua dong xuan,16.3,4
2000,Kon Tum,22.11,26.55,18.94,81.83,2057.67,Lua mi,1.42E-14,3.55E-15
2000,Kon Tum,22.11,26.55,18.94,81.83,2057.67,Lua mua,35.5,16.9
2000,Kon Tum,22.11,26.55,18.94,81.83,2057.67,Ngo,13.1,4.4
2000,Kon Tum,22.11,26.55,18.94,81.83,2057.67,San,143.3,15
2001,Kon Tum,22.31,26.98,18.95,80.65,1771.32,Khoai,1.6,0.2
2001,Kon Tum,22.31,26.98,18.95,80.65,1771.32,Lua dong xuan,19.8,4.8
2001,Kon Tum,22.31,26.98,18.95,80.65,1771.32,Lua mi,0,-3.55E-15
2001,Kon Tum,22.31,26.98,18.95,80.65,1771.32,Lua mua,36.8,16.5
2001,Kon Tum,22.31,26.98,18.95,80.65,1771.32,Ngo,19.6,5.9
2001,Kon Tum,22.31,26.98,18.95,80.65,1771.32,San,155.8,15.6
2002,Kon Tum,22.43,27.19,19.05,79.88,1949.44,Khoai,1.5,0.2
2002,Kon Tum,22.43,27.19,19.05,79.88,1949.44,Lua dong xuan,21.2,5.1
2002,Kon Tum,22.43,27.19,19.05,79.88,1949.44,Lua mi,0,0
2002,Kon Tum,22.43,27.19,19.05,79.88,1949.44,Lua mua,38.3,15.7
2002,Kon Tum,22.43,27.19,19.05,79.88,1949.44,Ngo,24.6,7.2
2002,Kon Tum,22.43,27.19,19.05,79.88,1949.44,San,240.2,20.2
2003,Kon Tum,22.36,27.27,18.86,79.35,1851.65,Khoai,1.2,0.2
2003,Kon Tum,22.36,27.27,18.86,79.35,1851.65,Lua dong xuan,22.1,5.4
2003,Kon Tum,22.36,27.27,18.86,79.35,1851.65,Lua mi,0,0
2003,Kon Tum,22.36,27.27,18.86,79.35,1851.65,Lua mua,39.8,15.6
2003,Kon Tum,22.36,27.27,18.86,79.35,1851.65,Ngo,29.3,8.1
2003,Kon Tum,22.36,27.27,18.86,79.35,1851.65,San,299.7,23.4
2004,Kon Tum,22.19,27.19,18.43,78.41,1598.9,Khoai,1.3,0.2
2004,Kon Tum,22.19,27.19,18.43,78.41,1598.9,Lua dong xuan,23.8,5.9
2004,Kon Tum,22.19,27.19,18.43,78.41,1598.9,Lua mi,0,3.55E-15
2004,Kon Tum,22.19,27.19,18.43,78.41,1598.9,Lua mua,43.6,16.5
2004,Kon Tum,22.19,27.19,18.43,78.41,1598.9,Ngo,31.3,8.7
2004,Kon Tum,22.19,27.19,18.43,78.41,1598.9,San,317.2,24.3
2005,Kon Tum,22.29,26.89,18.96,80.37,1951.22,Khoai,1,0.2
2005,Kon Tum,22.29,26.89,18.96,80.37,1951.22,Lua dong xuan,22.8,6.2
2005,Kon Tum,22.29,26.89,18.96,80.37,1951.22,Lua mi,0,0
2005,Kon Tum,22.29,26.89,18.96,80.37,1951.22,Lua mua,43,17.1
2005,Kon Tum,22.29,26.89,18.96,80.37,1951.22,Ngo,32.3,9.7
2005,Kon Tum,22.29,26.89,18.96,80.37,1951.22,San,372.3,27.7
2006,Kon Tum,22.53,27.33,19.06,79.53,2202.71,Khoai,1.2,0.2
2006,Kon Tum,22.53,27.33,19.06,79.53,2202.71,Lua dong xuan,26.3,6.4
2006,Kon Tum,22.53,27.33,19.06,79.53,2202.71,Lua mi,-1.42E-14,0
2006,Kon Tum,22.53,27.33,19.06,79.53,2202.71,Lua mua,44.6,16.8
2006,Kon Tum,22.53,27.33,19.06,79.53,2202.71,Ngo,30.2,9.2
2006,Kon Tum,22.53,27.33,19.06,79.53,2202.71,San,448.1,32
2007,Kon Tum,22.27,26.96,18.93,80.97,2256.38,Khoai,1.2,0.2
2007,Kon Tum,22.27,26.96,18.93,80.97,2256.38,Lua dong xuan,28.1,6.5
2007,Kon Tum,22.27,26.96,18.93,80.97,2256.38,Lua mi,0,0
2007,Kon Tum,22.27,26.96,18.93,80.97,2256.38,Lua mua,46.6,16.7
2007,Kon Tum,22.27,26.96,18.93,80.97,2256.38,Ngo,30.4,8.7
2007,Kon Tum,22.27,26.96,18.93,80.97,2256.38,San,507,35.7
2008,Kon Tum,21.68,26.32,18.54,82.9,2046.16,Khoai,1.1,0.2
2008,Kon Tum,21.68,26.32,18.54,82.9,2046.16,Lua dong xuan,29.1,6.8
2008,Kon Tum,21.68,26.32,18.54,82.9,2046.16,Lua mi,-1.42E-14,0
2008,Kon Tum,21.68,26.32,18.54,82.9,2046.16,Lua mua,48.3,16.6
2008,Kon Tum,21.68,26.32,18.54,82.9,2046.16,Ngo,28.2,8
2008,Kon Tum,21.68,26.32,18.54,82.9,2046.16,San,553.1,37.8
2009,Kon Tum,22.08,26.71,18.8,82.54,2755.75,Khoai,1.1,0.2
2009,Kon Tum,22.08,26.71,18.8,82.54,2755.75,Lua dong xuan,30.9,7
2009,Kon Tum,22.08,26.71,18.8,82.54,2755.75,Lua mi,-1.42E-14,0
2009,Kon Tum,22.08,26.71,18.8,82.54,2755.75,Lua mua,46.5,16.8
2009,Kon Tum,22.08,26.71,18.8,82.54,2755.75,Ngo,28.4,8.2
2009,Kon Tum,22.08,26.71,18.8,82.54,2755.75,San,543,37.3
2010,Kon Tum,23,27.87,19.5,79.96,1893.94,Khoai,1.1,0.2
2010,Kon Tum,23,27.87,19.5,79.96,1893.94,Lua dong xuan,30.3,6.5
2010,Kon Tum,23,27.87,19.5,79.96,1893.94,Lua mi,0,0
2010,Kon Tum,23,27.87,19.5,79.96,1893.94,Lua mua,47.4,15.9
2010,Kon Tum,23,27.87,19.5,79.96,1893.94,Ngo,28.4,8
2010,Kon Tum,23,27.87,19.5,79.96,1893.94,San,563.4,37.7
2011,Kon Tum,21.88,26.28,18.76,81.86,2457.38,Khoai,1,0.1
2011,Kon Tum,21.88,26.28,18.76,81.86,2457.38,Lua dong xuan,27.4,6.6
2011,Kon Tum,21.88,26.28,18.76,81.86,2457.38,Lua mi,0,-3.55E-15
2011,Kon Tum,21.88,26.28,18.76,81.86,2457.38,Lua mua,49.6,16
2011,Kon Tum,21.88,26.28,18.76,81.86,2457.38,Ngo,26.2,7.3
2011,Kon Tum,21.88,26.28,18.76,81.86,2457.38,San,629,41.7
2012,Kon Tum,22.67,27.32,19.38,81.83,2106.11,Khoai,1.1,0.1
2012,Kon Tum,22.67,27.32,19.38,81.83,2106.11,Lua dong xuan,31.4,6.9
2012,Kon Tum,22.67,27.32,19.38,81.83,2106.11,Lua mi,0,0
2012,Kon Tum,22.67,27.32,19.38,81.83,2106.11,Lua mua,52.4,16.4
2012,Kon Tum,22.67,27.32,19.38,81.83,2106.11,Ngo,26.3,7.2
2012,Kon Tum,22.67,27.32,19.38,81.83,2106.11,San,600,39.7
2013,Kon Tum,22.43,27.03,19.19,81.31,2571.48,Khoai,1.1,0.1
2013,Kon Tum,22.43,27.03,19.19,81.31,2571.48,Lua dong xuan,31.6,7.1
2013,Kon Tum,22.43,27.03,19.19,81.31,2571.48,Lua mi,0,0
2013,Kon Tum,22.43,27.03,19.19,81.31,2571.48,Lua mua,52.1,16.3
2013,Kon Tum,22.43,27.03,19.19,81.31,2571.48,Ngo,26.7,7.3
2013,Kon Tum,22.43,27.03,19.19,81.31,2571.48,San,590,39
2014,Kon Tum,22.42,27.11,18.96,80.88,2080.52,Khoai,1.1,0.1
2014,Kon Tum,22.42,27.11,18.96,80.88,2080.52,Lua dong xuan,33,7.2
2014,Kon Tum,22.42,27.11,18.96,80.88,2080.52,Lua mi,0,0
2014,Kon Tum,22.42,27.11,18.96,80.88,2080.52,Lua mua,52.6,16.4
2014,Kon Tum,22.42,27.11,18.96,80.88,2080.52,Ngo,25,6.7
2014,Kon Tum,22.42,27.11,18.96,80.88,2080.52,San,573.3,38
2015,Kon Tum,22.89,27.88,19.17,79.98,1931.78,Khoai,1,0.1
2015,Kon Tum,22.89,27.88,19.17,79.98,1931.78,Lua dong xuan,35.8,7.6
2015,Kon Tum,22.89,27.88,19.17,79.98,1931.78,Lua mi,0,3.55E-15
2015,Kon Tum,22.89,27.88,19.17,79.98,1931.78,Lua mua,55.8,16.8
2015,Kon Tum,22.89,27.88,19.17,79.98,1931.78,Ngo,24.2,6.4
2015,Kon Tum,22.89,27.88,19.17,79.98,1931.78,San,592,39.5
2016,Kon Tum,23.19,27.81,19.82,80.89,2168.99,Khoai,1.2,0.2
2016,Kon Tum,23.19,27.81,19.82,80.89,2168.99,Lua dong xuan,30.8,7.4
2016,Kon Tum,23.19,27.81,19.82,80.89,2168.99,Lua mi,1.1,0.3
2016,Kon Tum,23.19,27.81,19.82,80.89,2168.99,Lua mua,56.3,16.8
2016,Kon Tum,23.19,27.81,19.82,80.89,2168.99,Ngo,24.9,6.4
2016,Kon Tum,23.19,27.81,19.82,80.89,2168.99,San,582.3,39.1
2017,Kon Tum,22.82,27.42,19.49,82.02,2185.54,Khoai,1.3,0.2
2017,Kon Tum,22.82,27.42,19.49,82.02,2185.54,Lua dong xuan,32.9,7.1
2017,Kon Tum,22.82,27.42,19.49,82.02,2185.54,Lua mi,1.2,0.4
2017,Kon Tum,22.82,27.42,19.49,82.02,2185.54,Lua mua,58.2,16.9
2017,Kon Tum,22.82,27.42,19.49,82.02,2185.54,Ngo,24.9,6.2
2017,Kon Tum,22.82,27.42,19.49,82.02,2185.54,San,576.5,38.6
2018,Kon Tum,22.96,27.81,19.42,80.3,2027.72,Khoai,1.3,164
2018,Kon Tum,22.96,27.81,19.42,80.3,2027.72,Lua dong xuan,33.6,7.1
2018,Kon Tum,22.96,27.81,19.42,80.3,2027.72,Lua mi,0.9,0.3
2018,Kon Tum,22.96,27.81,19.42,80.3,2027.72,Lua mua,58,16.6
2018,Kon Tum,22.96,27.81,19.42,80.3,2027.72,Ngo,24.4,5.9
2018,Kon Tum,22.96,27.81,19.42,80.3,2027.72,San,579.6,38.4
2019,Kon Tum,23.21,28.07,19.49,79.28,1761.33,Khoai,1.3,150
2019,Kon Tum,23.21,28.07,19.49,79.28,1761.33,Lua dong xuan,34.2,7.1
2019,Kon Tum,23.21,28.07,19.49,79.28,1761.33,Lua mi,0.5,0.2
2019,Kon Tum,23.21,28.07,19.49,79.28,1761.33,Lua mua,59.2,16.6
2019,Kon Tum,23.21,28.07,19.49,79.28,1761.33,Ngo,22,5.5
2019,Kon Tum,23.21,28.07,19.49,79.28,1761.33,San,601.8,38.2
2020,Kon Tum,23.04,27.99,19.4,79.71,2309.21,Khoai,1.5,187
2020,Kon Tum,23.04,27.99,19.4,79.71,2309.21,Lua dong xuan,33.5,7.1
2020,Kon Tum,23.04,27.99,19.4,79.71,2309.21,Lua mi,0,0
2020,Kon Tum,23.04,27.99,19.4,79.71,2309.21,Lua mua,56.8,16.2
2020,Kon Tum,23.04,27.99,19.4,79.71,2309.21,Ngo,21.7,5.3
2020,Kon Tum,23.04,27.99,19.4,79.71,2309.21,San,589.9,39.3
2021,Kon Tum,22.58,27.26,19.07,79.74,2377.46,Khoai,1.8,232
2021,Kon Tum,22.58,27.26,19.07,79.74,2377.46,Lua dong xuan,35.4,7.1
2021,Kon Tum,22.58,27.26,19.07,79.74,2377.46,Lua mi,0,0.1
2021,Kon Tum,22.58,27.26,19.07,79.74,2377.46,Lua mua,61.4,16.2
2021,Kon Tum,22.58,27.26,19.07,79.74,2377.46,Ngo,23.2,5.5
2021,Kon Tum,22.58,27.26,19.07,79.74,2377.46,San,584.9,38.8
2022,Kon Tum,22.51,27.13,19.18,81.11,2403.66,Khoai,5.1,649.1
2022,Kon Tum,22.51,27.13,19.18,81.11,2403.66,Lua dong xuan,36.4,7.3
2022,Kon Tum,22.51,27.13,19.18,81.11,2403.66,Lua mi,-1.42E-14,-0.1
2022,Kon Tum,22.51,27.13,19.18,81.11,2403.66,Lua mua,60.7,15.6
2022,Kon Tum,22.51,27.13,19.18,81.11,2403.66,Ngo,22.1,5.3
2022,Kon Tum,22.51,27.13,19.18,81.11,2403.66,San,612.1,39.3
2023,Kon Tum,22.75,27.29,19.49,81.89,2132.6,Khoai,5.7,717.9
2023,Kon Tum,22.75,27.29,19.49,81.89,2132.6,Lua dong xuan,36.6,7.3
2023,Kon Tum,22.75,27.29,19.49,81.89,2132.6,Lua mi,-0.1,0.1
2023,Kon Tum,22.75,27.29,19.49,81.89,2132.6,Lua mua,63.7,15.4
2023,Kon Tum,22.75,27.29,19.49,81.89,2132.6,Ngo,21.7,5
2023,Kon Tum,22.75,27.29,19.49,81.89,2132.6,San,619.1,39.3
2024,Kon Tum,23.28,28.02,19.77,79.04,2137.11,Khoai,6.5,792.7
2024,Kon Tum,23.28,28.02,19.77,79.04,2137.11,Lua dong xuan,37.2,7.2
2024,Kon Tum,23.28,28.02,19.77,79.04,2137.11,Lua mi,0,3.55E-15
2024,Kon Tum,23.28,28.02,19.77,79.04,2137.11,Lua mua,65,15.1
2024,Kon Tum,23.28,28.02,19.77,79.04,2137.11,Ngo,18.3,4.2
2024,Kon Tum,23.28,28.02,19.77,79.04,2137.11,San,648.8,40
1995,Lai Chau,19.77,24.01,16.23,83.29,2805.75,Khoai,3.3,0.7
1995,Lai Chau,19.77,24.01,16.23,83.29,2805.75,Lua dong xuan,20,5.5
1995,Lai Chau,19.77,24.01,16.23,83.29,2805.75,Lua mi,0,0
1995,Lai Chau,19.77,24.01,16.23,83.29,2805.75,Lua mua,80.8,41.9
1995,Lai Chau,19.77,24.01,16.23,83.29,2805.75,Ngo,30.1,27.2
1995,Lai Chau,19.77,24.01,16.23,83.29,2805.75,San,56.6,8.3
1996,Lai Chau,19.69,23.9,16.07,82.6,2555.46,Khoai,4.8,1.1
1996,Lai Chau,19.69,23.9,16.07,82.6,2555.46,Lua dong xuan,24.2,5.7
1996,Lai Chau,19.69,23.9,16.07,82.6,2555.46,Lua mi,0,-1.42E-14
1996,Lai Chau,19.69,23.9,16.07,82.6,2555.46,Lua mua,74.1,42.5
1996,Lai Chau,19.69,23.9,16.07,82.6,2555.46,Ngo,36.7,29.1
1996,Lai Chau,19.69,23.9,16.07,82.6,2555.46,San,61.1,8
1997,Lai Chau,19.83,24.18,16.24,83.09,2801.79,Khoai,4.3,1.4
1997,Lai Chau,19.83,24.18,16.24,83.09,2801.79,Lua dong xuan,26.9,5.7
1997,Lai Chau,19.83,24.18,16.24,83.09,2801.79,Lua mi,2.84E-14,0
1997,Lai Chau,19.83,24.18,16.24,83.09,2801.79,Lua mua,79.2,39.9
1997,Lai Chau,19.83,24.18,16.24,83.09,2801.79,Ngo,35.8,29
1997,Lai Chau,19.83,24.18,16.24,83.09,2801.79,San,59.5,8.2
1998,Lai Chau,20.7,25.33,16.69,80.26,2550.41,Khoai,5,1.1
1998,Lai Chau,20.7,25.33,16.69,80.26,2550.41,Lua dong xuan,26,5.7
1998,Lai Chau,20.7,25.33,16.69,80.26,2550.41,Lua mi,0,0
1998,Lai Chau,20.7,25.33,16.69,80.26,2550.41,Lua mua,81,40.4
1998,Lai Chau,20.7,25.33,16.69,80.26,2550.41,Ngo,40.5,29.7
1998,Lai Chau,20.7,25.33,16.69,80.26,2550.41,San,57.2,7.9
1999,Lai Chau,20.18,24.45,16.58,81.6,2223.2,Khoai,4,0.9
1999,Lai Chau,20.18,24.45,16.58,81.6,2223.2,Lua dong xuan,31.9,6.1
1999,Lai Chau,20.18,24.45,16.58,81.6,2223.2,Lua mi,0,0
1999,Lai Chau,20.18,24.45,16.58,81.6,2223.2,Lua mua,90.7,43.4
1999,Lai Chau,20.18,24.45,16.58,81.6,2223.2,Ngo,40.6,30.1
1999,Lai Chau,20.18,24.45,16.58,81.6,2223.2,San,62.5,8.4
2000,Lai Chau,20.09,24.35,16.45,81.25,2295.16,Khoai,1.2,0.3
2000,Lai Chau,20.09,24.35,16.45,81.25,2295.16,Lua dong xuan,36.1,6.7
2000,Lai Chau,20.09,24.35,16.45,81.25,2295.16,Lua mi,0,0
2000,Lai Chau,20.09,24.35,16.45,81.25,2295.16,Lua mua,95.5,45.2
2000,Lai Chau,20.09,24.35,16.45,81.25,2295.16,Ngo,43.2,31.1
2000,Lai Chau,20.09,24.35,16.45,81.25,2295.16,San,63,8.5
2001,Lai Chau,20.29,24.5,16.81,82.54,2433.48,Khoai,3,0.6
2001,Lai Chau,20.29,24.5,16.81,82.54,2433.48,Lua dong xuan,36.6,7.4
2001,Lai Chau,20.29,24.5,16.81,82.54,2433.48,Lua mi,0,-1.42E-14
2001,Lai Chau,20.29,24.5,16.81,82.54,2433.48,Lua mua,103,47.3
2001,Lai Chau,20.29,24.5,16.81,82.54,2433.48,Ngo,47.5,32.1
2001,Lai Chau,20.29,24.5,16.81,82.54,2433.48,San,51.8,6.9
2002,Lai Chau,20.4,24.78,16.74,81.47,2791.99,Khoai,3.1,0.7
2002,Lai Chau,20.4,24.78,16.74,81.47,2791.99,Lua dong xuan,41.7,8
2002,Lai Chau,20.4,24.78,16.74,81.47,2791.99,Lua mi,0,0.1
2002,Lai Chau,20.4,24.78,16.74,81.47,2791.99,Lua mua,99.9,47.7
2002,Lai Chau,20.4,24.78,16.74,81.47,2791.99,Ngo,55,33.8
2002,Lai Chau,20.4,24.78,16.74,81.47,2791.99,San,71.1,9.8
2003,Lai Chau,20.52,24.95,16.8,81.28,2169.97,Khoai,3.4,0.7
2003,Lai Chau,20.52,24.95,16.8,81.28,2169.97,Lua dong xuan,46,8.6
2003,Lai Chau,20.52,24.95,16.8,81.28,2169.97,Lua mi,2.84E-14,0
2003,Lai Chau,20.52,24.95,16.8,81.28,2169.97,Lua mua,108.7,47.5
2003,Lai Chau,20.52,24.95,16.8,81.28,2169.97,Ngo,61.1,36.9
2003,Lai Chau,20.52,24.95,16.8,81.28,2169.97,San,69,9.9
2004,Lai Chau,19.8,24.34,16.04,81.4,2480.48,Khoai,3.7,0.8
2004,Lai Chau,19.8,24.34,16.04,81.4,2480.48,Lua dong xuan,19.9,4.4
2004,Lai Chau,19.8,24.34,16.04,81.4,2480.48,Lua mi,0,0
2004,Lai Chau,19.8,24.34,16.04,81.4,2480.48,Lua mua,63.7,24.2
2004,Lai Chau,19.8,24.34,16.04,81.4,2480.48,Ngo,23,15
2004,Lai Chau,19.8,24.34,16.04,81.4,2480.48,San,43.5,5.5
2005,Lai Chau,20.25,24.74,16.56,80.4,2416.69,Khoai,3.8,0.7
2005,Lai Chau,20.25,24.74,16.56,80.4,2416.69,Lua dong xuan,23.1,4.7
2005,Lai Chau,20.25,24.74,16.56,80.4,2416.69,Lua mi,1.42E-14,0
2005,Lai Chau,20.25,24.74,16.56,80.4,2416.69,Lua mua,69.7,25.8
2005,Lai Chau,20.25,24.74,16.56,80.4,2416.69,Ngo,28.9,16
2005,Lai Chau,20.25,24.74,16.56,80.4,2416.69,San,42.1,5.5
2006,Lai Chau,20.47,25.09,16.68,80.11,2313,Khoai,4.1,0.8
2006,Lai Chau,20.47,25.09,16.68,80.11,2313,Lua dong xuan,24.8,5
2006,Lai Chau,20.47,25.09,16.68,80.11,2313,Lua mi,0,0
2006,Lai Chau,20.47,25.09,16.68,80.11,2313,Lua mua,74.3,25.4
2006,Lai Chau,20.47,25.09,16.68,80.11,2313,Ngo,32.1,17
2006,Lai Chau,20.47,25.09,16.68,80.11,2313,San,39.6,4.8
2007,Lai Chau,20.28,24.95,16.29,78.52,2185.26,Khoai,4.1,0.7
2007,Lai Chau,20.28,24.95,16.29,78.52,2185.26,Lua dong xuan,23.5,5
2007,Lai Chau,20.28,24.95,16.29,78.52,2185.26,Lua mi,0,-0.4
2007,Lai Chau,20.28,24.95,16.29,78.52,2185.26,Lua mua,76.4,25.2
2007,Lai Chau,20.28,24.95,16.29,78.52,2185.26,Ngo,37.5,17.8
2007,Lai Chau,20.28,24.95,16.29,78.52,2185.26,San,48.9,5.5
2008,Lai Chau,19.79,24.03,16.41,82.21,2830.97,Khoai,4.2,0.8
2008,Lai Chau,19.79,24.03,16.41,82.21,2830.97,Lua dong xuan,26,5.2
2008,Lai Chau,19.79,24.03,16.41,82.21,2830.97,Lua mi,0,0.6
2008,Lai Chau,19.79,24.03,16.41,82.21,2830.97,Lua mua,78.7,25.4
2008,Lai Chau,19.79,24.03,16.41,82.21,2830.97,Ngo,40.2,18.2
2008,Lai Chau,19.79,24.03,16.41,82.21,2830.97,San,42.9,5.3
2009,Lai Chau,20.72,25.42,16.82,78.09,2057.45,Khoai,4.2,0.8
2009,Lai Chau,20.72,25.42,16.82,78.09,2057.45,Lua dong xuan,27.8,5.4
2009,Lai Chau,20.72,25.42,16.82,78.09,2057.45,Lua mi,-2.84E-14,0
2009,Lai Chau,20.72,25.42,16.82,78.09,2057.45,Lua mua,84.1,24.8
2009,Lai Chau,20.72,25.42,16.82,78.09,2057.45,Ngo,43.2,18.7
2009,Lai Chau,20.72,25.42,16.82,78.09,2057.45,San,53.7,6.1
2010,Lai Chau,21.01,25.8,17.12,77.68,2221.76,Khoai,2.1,0.4
2010,Lai Chau,21.01,25.8,17.12,77.68,2221.76,Lua dong xuan,28.2,5.4
2010,Lai Chau,21.01,25.8,17.12,77.68,2221.76,Lua mi,0,0
2010,Lai Chau,21.01,25.8,17.12,77.68,2221.76,Lua mua,88.5,24.9
2010,Lai Chau,21.01,25.8,17.12,77.68,2221.76,Ngo,50.1,19.4
2010,Lai Chau,21.01,25.8,17.12,77.68,2221.76,San,46.7,5.4
2011,Lai Chau,19.61,23.69,16.38,83.45,1931.83,Khoai,2.1,0.4
2011,Lai Chau,19.61,23.69,16.38,83.45,1931.83,Lua dong xuan,28.7,5.5
2011,Lai Chau,19.61,23.69,16.38,83.45,1931.83,Lua mi,0,0
2011,Lai Chau,19.61,23.69,16.38,83.45,1931.83,Lua mua,89.9,23.8
2011,Lai Chau,19.61,23.69,16.38,83.45,1931.83,Ngo,52.7,20
2011,Lai Chau,19.61,23.69,16.38,83.45,1931.83,San,37,4.5
2012,Lai Chau,20.67,25.14,17.16,81.78,2400.26,Khoai,2.2,0.4
2012,Lai Chau,20.67,25.14,17.16,81.78,2400.26,Lua dong xuan,30.6,5.7
2012,Lai Chau,20.67,25.14,17.16,81.78,2400.26,Lua mi,0,0
2012,Lai Chau,20.67,25.14,17.16,81.78,2400.26,Lua mua,88.8,23.1
2012,Lai Chau,20.67,25.14,17.16,81.78,2400.26,Ngo,59.4,21.4
2012,Lai Chau,20.67,25.14,17.16,81.78,2400.26,San,35.6,4.4
2013,Lai Chau,20.31,25.03,16.64,80.91,2537.96,Khoai,1.9,0.4
2013,Lai Chau,20.31,25.03,16.64,80.91,2537.96,Lua dong xuan,32.3,6.1
2013,Lai Chau,20.31,25.03,16.64,80.91,2537.96,Lua mi,0,0
2013,Lai Chau,20.31,25.03,16.64,80.91,2537.96,Lua mua,93.9,24.2
2013,Lai Chau,20.31,25.03,16.64,80.91,2537.96,Ngo,57.3,21.2
2013,Lai Chau,20.31,25.03,16.64,80.91,2537.96,San,36.8,4.5
2014,Lai Chau,20.69,25.52,16.92,80.41,2367.75,Khoai,2.1,0.4
2014,Lai Chau,20.69,25.52,16.92,80.41,2367.75,Lua dong xuan,33.9,6.2
2014,Lai Chau,20.69,25.52,16.92,80.41,2367.75,Lua mi,0,0
2014,Lai Chau,20.69,25.52,16.92,80.41,2367.75,Lua mua,93.8,24.2
2014,Lai Chau,20.69,25.52,16.92,80.41,2367.75,Ngo,62.1,22.1
2014,Lai Chau,20.69,25.52,16.92,80.41,2367.75,San,36.5,4.4
2015,Lai Chau,20.99,25.66,17.27,80.04,2497.41,Khoai,1.4,0.3
2015,Lai Chau,20.99,25.66,17.27,80.04,2497.41,Lua dong xuan,35,6.4
2015,Lai Chau,20.99,25.66,17.27,80.04,2497.41,Lua mi,0,7.11E-15
2015,Lai Chau,20.99,25.66,17.27,80.04,2497.41,Lua mua,97.8,24.5
2015,Lai Chau,20.99,25.66,17.27,80.04,2497.41,Ngo,66,22.7
2015,Lai Chau,20.99,25.66,17.27,80.04,2497.41,San,36.9,4.4
2016,Lai Chau,20.75,25.53,17,80.95,2137.38,Khoai,1.6,0.3
2016,Lai Chau,20.75,25.53,17,80.95,2137.38,Lua dong xuan,35.4,6.4
2016,Lai Chau,20.75,25.53,17,80.95,2137.38,Lua mi,0,0
2016,Lai Chau,20.75,25.53,17,80.95,2137.38,Lua mua,101,25
2016,Lai Chau,20.75,25.53,17,80.95,2137.38,Ngo,69.9,22.8
2016,Lai Chau,20.75,25.53,17,80.95,2137.38,San,36.9,4.4
2017,Lai Chau,20.5,24.79,17.18,83.04,2559.47,Khoai,1.7,0.3
2017,Lai Chau,20.5,24.79,17.18,83.04,2559.47,Lua dong xuan,36,6.7
2017,Lai Chau,20.5,24.79,17.18,83.04,2559.47,Lua mi,0,0
2017,Lai Chau,20.5,24.79,17.18,83.04,2559.47,Lua mua,109.7,26.2
2017,Lai Chau,20.5,24.79,17.18,83.04,2559.47,Ngo,73,22.1
2017,Lai Chau,20.5,24.79,17.18,83.04,2559.47,San,37.7,4.5
2018,Lai Chau,20.26,24.65,16.89,83.63,2578.52,Khoai,2,356
2018,Lai Chau,20.26,24.65,16.89,83.63,2578.52,Lua dong xuan,36.1,6.7
2018,Lai Chau,20.26,24.65,16.89,83.63,2578.52,Lua mi,-2.84E-14,0
2018,Lai Chau,20.26,24.65,16.89,83.63,2578.52,Lua mua,107.7,25.4
2018,Lai Chau,20.26,24.65,16.89,83.63,2578.52,Ngo,70.4,21.2
2018,Lai Chau,20.26,24.65,16.89,83.63,2578.52,San,42.7,5.1
2019,Lai Chau,21.13,26.41,17.05,79.26,2121.05,Khoai,1.6,291
2019,Lai Chau,21.13,26.41,17.05,79.26,2121.05,Lua dong xuan,37.1,6.8
2019,Lai Chau,21.13,26.41,17.05,79.26,2121.05,Lua mi,0,0
2019,Lai Chau,21.13,26.41,17.05,79.26,2121.05,Lua mua,112.7,26.1
2019,Lai Chau,21.13,26.41,17.05,79.26,2121.05,Ngo,70.7,21.1
2019,Lai Chau,21.13,26.41,17.05,79.26,2121.05,San,43.5,5.1
2020,Lai Chau,20.41,25.34,16.76,81.87,2298.18,Khoai,1.4,267
2020,Lai Chau,20.41,25.34,16.76,81.87,2298.18,Lua dong xuan,33.9,6.8
2020,Lai Chau,20.41,25.34,16.76,81.87,2298.18,Lua mi,-2.84E-14,0
2020,Lai Chau,20.41,25.34,16.76,81.87,2298.18,Lua mua,114.9,25.9
2020,Lai Chau,20.41,25.34,16.76,81.87,2298.18,Ngo,71.3,21.3
2020,Lai Chau,20.41,25.34,16.76,81.87,2298.18,San,50.1,5.7
2021,Lai Chau,20.43,25.06,16.98,82.05,2272.86,Khoai,1.5,271
2021,Lai Chau,20.43,25.06,16.98,82.05,2272.86,Lua dong xuan,37.7,6.8
2021,Lai Chau,20.43,25.06,16.98,82.05,2272.86,Lua mi,0,7.11E-15
2021,Lai Chau,20.43,25.06,16.98,82.05,2272.86,Lua mua,114.3,25.5
2021,Lai Chau,20.43,25.06,16.98,82.05,2272.86,Ngo,74.5,20.8
2021,Lai Chau,20.43,25.06,16.98,82.05,2272.86,San,56,6.3
2022,Lai Chau,20.36,24.85,17.04,82.91,2265.34,Khoai,1.8,312.3
2022,Lai Chau,20.36,24.85,17.04,82.91,2265.34,Lua dong xuan,37.9,6.8
2022,Lai Chau,20.36,24.85,17.04,82.91,2265.34,Lua mi,0,0
2022,Lai Chau,20.36,24.85,17.04,82.91,2265.34,Lua mua,115.5,25.2
2022,Lai Chau,20.36,24.85,17.04,82.91,2265.34,Ngo,75.2,20.5
2022,Lai Chau,20.36,24.85,17.04,82.91,2265.34,San,61.7,6.8
2023,Lai Chau,21.22,26.11,17.49,78.96,1917.62,Khoai,1.3,212.6
2023,Lai Chau,21.22,26.11,17.49,78.96,1917.62,Lua dong xuan,37.3,6.8
2023,Lai Chau,21.22,26.11,17.49,78.96,1917.62,Lua mi,0,0
2023,Lai Chau,21.22,26.11,17.49,78.96,1917.62,Lua mua,115.2,24.6
2023,Lai Chau,21.22,26.11,17.49,78.96,1917.62,Ngo,72.8,19.6
2023,Lai Chau,21.22,26.11,17.49,78.96,1917.62,San,62,6.8
2024,Lai Chau,21.35,26.15,17.7,79.79,2559.15,Khoai,1,174.3
2024,Lai Chau,21.35,26.15,17.7,79.79,2559.15,Lua dong xuan,38.5,6.8
2024,Lai Chau,21.35,26.15,17.7,79.79,2559.15,Lua mi,0,0
2024,Lai Chau,21.35,26.15,17.7,79.79,2559.15,Lua mua,116.5,24.6
2024,Lai Chau,21.35,26.15,17.7,79.79,2559.15,Ngo,73.3,19.1
2024,Lai Chau,21.35,26.15,17.7,79.79,2559.15,San,84.2,8.6
1995,Lam Dong,22.51,27.37,18.96,80.51,1810.41,Khoai,15.5,2.9
1995,Lam Dong,22.51,27.37,18.96,80.51,1810.41,Lua dong xuan,15.7,5
1995,Lam Dong,22.51,27.37,18.96,80.51,1810.41,Lua he thu,,
1995,Lam Dong,22.51,27.37,18.96,80.51,1810.41,Lua mi,1.42E-14,0
1995,Lam Dong,22.51,27.37,18.96,80.51,1810.41,Lua mua,65.1,25.1
1995,Lam Dong,22.51,27.37,18.96,80.51,1810.41,Ngo,42.9,12.1
1995,Lam Dong,22.51,27.37,18.96,80.51,1810.41,San,,
1996,Lam Dong,22.29,26.98,18.9,82.38,2294.3,Khoai,16.7,2.8
1996,Lam Dong,22.29,26.98,18.9,82.38,2294.3,Lua dong xuan,18.1,5.4
1996,Lam Dong,22.29,26.98,18.9,82.38,2294.3,Lua he thu,,0
1996,Lam Dong,22.29,26.98,18.9,82.38,2294.3,Lua mi,-1.42E-14,0
1996,Lam Dong,22.29,26.98,18.9,82.38,2294.3,Lua mua,49.6,16
1996,Lam Dong,22.29,26.98,18.9,82.38,2294.3,Ngo,55.6,14.4
1996,Lam Dong,22.29,26.98,18.9,82.38,2294.3,San,,
1997,Lam Dong,22.42,27.22,18.93,81.02,1748.59,Khoai,18.9,2.9
1997,Lam Dong,22.42,27.22,18.93,81.02,1748.59,Lua dong xuan,24.6,6.4
1997,Lam Dong,22.42,27.22,18.93,81.02,1748.59,Lua he thu,19,8.6
1997,Lam Dong,22.42,27.22,18.93,81.02,1748.59,Lua mi,0,-7.11E-15
1997,Lam Dong,22.42,27.22,18.93,81.02,1748.59,Lua mua,52.8,16.6
1997,Lam Dong,22.42,27.22,18.93,81.02,1748.59,Ngo,65.5,14.8
1997,Lam Dong,22.42,27.22,18.93,81.02,1748.59,San,,
1998,Lam Dong,23.39,28.38,19.84,79.69,2235.85,Khoai,12.8,2.7
1998,Lam Dong,23.39,28.38,19.84,79.69,2235.85,Lua dong xuan,18.5,6.7
1998,Lam Dong,23.39,28.38,19.84,79.69,2235.85,Lua he thu,13.4,5.2
1998,Lam Dong,23.39,28.38,19.84,79.69,2235.85,Lua mi,0,0
1998,Lam Dong,23.39,28.38,19.84,79.69,2235.85,Lua mua,63,19.5
1998,Lam Dong,23.39,28.38,19.84,79.69,2235.85,Ngo,62.9,15.5
1998,Lam Dong,23.39,28.38,19.84,79.69,2235.85,San,,
1999,Lam Dong,22.27,26.65,19.27,84.3,2425.19,Khoai,17.1,2.6
1999,Lam Dong,22.27,26.65,19.27,84.3,2425.19,Lua dong xuan,25.9,7.4
1999,Lam Dong,22.27,26.65,19.27,84.3,2425.19,Lua he thu,11.4,5.6
1999,Lam Dong,22.27,26.65,19.27,84.3,2425.19,Lua mi,0,0
1999,Lam Dong,22.27,26.65,19.27,84.3,2425.19,Lua mua,61.4,18.8
1999,Lam Dong,22.27,26.65,19.27,84.3,2425.19,Ngo,56.7,13.7
1999,Lam Dong,22.27,26.65,19.27,84.3,2425.19,San,,
2000,Lam Dong,22.33,26.7,19.34,84.16,2150.31,Khoai,24,2.9
2000,Lam Dong,22.33,26.7,19.34,84.16,2150.31,Lua dong xuan,30.1,7.8
2000,Lam Dong,22.33,26.7,19.34,84.16,2150.31,Lua he thu,17,5.9
2000,Lam Dong,22.33,26.7,19.34,84.16,2150.31,Lua mi,0,0
2000,Lam Dong,22.33,26.7,19.34,84.16,2150.31,Lua mua,55,19
2000,Lam Dong,22.33,26.7,19.34,84.16,2150.31,Ngo,49,12.4
2000,Lam Dong,22.33,26.7,19.34,84.16,2150.31,San,,
2001,Lam Dong,22.72,27.44,19.42,81.17,1916.96,Khoai,23.3,2.5
2001,Lam Dong,22.72,27.44,19.42,81.17,1916.96,Lua dong xuan,35,8.7
2001,Lam Dong,22.72,27.44,19.42,81.17,1916.96,Lua he thu,14.4,5.2
2001,Lam Dong,22.72,27.44,19.42,81.17,1916.96,Lua mi,0,0
2001,Lam Dong,22.72,27.44,19.42,81.17,1916.96,Lua mua,67.2,18.6
2001,Lam Dong,22.72,27.44,19.42,81.17,1916.96,Ngo,42.6,13.2
2001,Lam Dong,22.72,27.44,19.42,81.17,1916.96,San,,
2002,Lam Dong,23.14,28.11,19.57,77.3,1800.12,Khoai,24.3,3
2002,Lam Dong,23.14,28.11,19.57,77.3,1800.12,Lua dong xuan,26.2,9.4
2002,Lam Dong,23.14,28.11,19.57,77.3,1800.12,Lua he thu,13.2,5.4
2002,Lam Dong,23.14,28.11,19.57,77.3,1800.12,Lua mi,0,0
2002,Lam Dong,23.14,28.11,19.57,77.3,1800.12,Lua mua,62.4,18.8
2002,Lam Dong,23.14,28.11,19.57,77.3,1800.12,Ngo,40,15.9
2002,Lam Dong,23.14,28.11,19.57,77.3,1800.12,San,,
2003,Lam Dong,22.76,27.65,19.26,79.6,1797.35,Khoai,26.5,3.1
2003,Lam Dong,22.76,27.65,19.26,79.6,1797.35,Lua dong xuan,32.5,9.4
2003,Lam Dong,22.76,27.65,19.26,79.6,1797.35,Lua he thu,18.6,5.4
2003,Lam Dong,22.76,27.65,19.26,79.6,1797.35,Lua mi,0,7.11E-15
2003,Lam Dong,22.76,27.65,19.26,79.6,1797.35,Lua mua,78.1,20
2003,Lam Dong,22.76,27.65,19.26,79.6,1797.35,Ngo,69.4,16.4
2003,Lam Dong,22.76,27.65,19.26,79.6,1797.35,San,,
2004,Lam Dong,22.73,27.58,19.13,78.52,1556.4,Khoai,27.8,3.2
2004,Lam Dong,22.73,27.58,19.13,78.52,1556.4,Lua dong xuan,39.6,9.5
2004,Lam Dong,22.73,27.58,19.13,78.52,1556.4,Lua he thu,21.4,5.8
2004,Lam Dong,22.73,27.58,19.13,78.52,1556.4,Lua mi,0,0
2004,Lam Dong,22.73,27.58,19.13,78.52,1556.4,Lua mua,77.6,20
2004,Lam Dong,22.73,27.58,19.13,78.52,1556.4,Ngo,65.9,16.2
2004,Lam Dong,22.73,27.58,19.13,78.52,1556.4,San,,
2005,Lam Dong,22.72,27.35,19.37,79.96,2048.21,Khoai,29.9,3
2005,Lam Dong,22.72,27.35,19.37,79.96,2048.21,Lua dong xuan,27.1,8.6
2005,Lam Dong,22.72,27.35,19.37,79.96,2048.21,Lua he thu,24.5,6
2005,Lam Dong,22.72,27.35,19.37,79.96,2048.21,Lua mi,2.84E-14,7.11E-15
2005,Lam Dong,22.72,27.35,19.37,79.96,2048.21,Lua mua,78.1,19.2
2005,Lam Dong,22.72,27.35,19.37,79.96,2048.21,Ngo,86.2,18.3
2005,Lam Dong,22.72,27.35,19.37,79.96,2048.21,San,13.7,
2006,Lam Dong,22.68,27.31,19.37,81,1987.82,Khoai,34.2,3
2006,Lam Dong,22.68,27.31,19.37,81,1987.82,Lua dong xuan,39.5,9.1
2006,Lam Dong,22.68,27.31,19.37,81,1987.82,Lua he thu,21.9,5.6
2006,Lam Dong,22.68,27.31,19.37,81,1987.82,Lua mi,0,0
2006,Lam Dong,22.68,27.31,19.37,81,1987.82,Lua mua,42.3,18
2006,Lam Dong,22.68,27.31,19.37,81,1987.82,Ngo,83.3,19.4
2006,Lam Dong,22.68,27.31,19.37,81,1987.82,San,,
2007,Lam Dong,22.62,27.36,19.26,80.93,2522.86,Khoai,29.1,2.9
2007,Lam Dong,22.62,27.36,19.26,80.93,2522.86,Lua dong xuan,40.1,9.1
2007,Lam Dong,22.62,27.36,19.26,80.93,2522.86,Lua he thu,25.5,5.9
2007,Lam Dong,22.62,27.36,19.26,80.93,2522.86,Lua mi,0,7.11E-15
2007,Lam Dong,22.62,27.36,19.26,80.93,2522.86,Lua mua,73.6,17.8
2007,Lam Dong,22.62,27.36,19.26,80.93,2522.86,Ngo,87.3,19.9
2007,Lam Dong,22.62,27.36,19.26,80.93,2522.86,San,,
2008,Lam Dong,22.32,26.96,19.09,82.65,2280.53,Khoai,32.9,2.9
2008,Lam Dong,22.32,26.96,19.09,82.65,2280.53,Lua dong xuan,44.2,9.4
2008,Lam Dong,22.32,26.96,19.09,82.65,2280.53,Lua he thu,26,6
2008,Lam Dong,22.32,26.96,19.09,82.65,2280.53,Lua mi,0.9,0.3
2008,Lam Dong,22.32,26.96,19.09,82.65,2280.53,Lua mua,73.4,16.8
2008,Lam Dong,22.32,26.96,19.09,82.65,2280.53,Ngo,73.7,18.4
2008,Lam Dong,22.32,26.96,19.09,82.65,2280.53,San,,
2009,Lam Dong,22.39,26.94,19.16,83.19,2104,Khoai,30.7,2.5
2009,Lam Dong,22.39,26.94,19.16,83.19,2104,Lua dong xuan,48,10.2
2009,Lam Dong,22.39,26.94,19.16,83.19,2104,Lua he thu,26.8,6.3
2009,Lam Dong,22.39,26.94,19.16,83.19,2104,Lua mi,0,0
2009,Lam Dong,22.39,26.94,19.16,83.19,2104,Lua mua,75.9,16.9
2009,Lam Dong,22.39,26.94,19.16,83.19,2104,Ngo,77.8,17.9
2009,Lam Dong,22.39,26.94,19.16,83.19,2104,San,,
2010,Lam Dong,23.14,27.92,19.76,80.81,2361.59,Khoai,26.9,2.2
2010,Lam Dong,23.14,27.92,19.76,80.81,2361.59,Lua dong xuan,48.1,10.8
2010,Lam Dong,23.14,27.92,19.76,80.81,2361.59,Lua he thu,24.7,5.9
2010,Lam Dong,23.14,27.92,19.76,80.81,2361.59,Lua mi,0,0
2010,Lam Dong,23.14,27.92,19.76,80.81,2361.59,Lua mua,69,17.1
2010,Lam Dong,23.14,27.92,19.76,80.81,2361.59,Ngo,71.2,16.2
2010,Lam Dong,23.14,27.92,19.76,80.81,2361.59,San,48.7,
2011,Lam Dong,22.43,26.82,19.39,81.69,2092.06,Khoai,29.5,2.3
2011,Lam Dong,22.43,26.82,19.39,81.69,2092.06,Lua dong xuan,53.9,11.2
2011,Lam Dong,22.43,26.82,19.39,81.69,2092.06,Lua he thu,27.9,6.2
2011,Lam Dong,22.43,26.82,19.39,81.69,2092.06,Lua mi,0,7.11E-15
2011,Lam Dong,22.43,26.82,19.39,81.69,2092.06,Lua mua,76.4,16.9
2011,Lam Dong,22.43,26.82,19.39,81.69,2092.06,Ngo,78.4,16.8
2011,Lam Dong,22.43,26.82,19.39,81.69,2092.06,San,80.2,
2012,Lam Dong,22.88,27.4,19.76,81.77,2064.46,Khoai,26.2,2
2012,Lam Dong,22.88,27.4,19.76,81.77,2064.46,Lua dong xuan,55.1,10.9
2012,Lam Dong,22.88,27.4,19.76,81.77,2064.46,Lua he thu,30.7,6.3
2012,Lam Dong,22.88,27.4,19.76,81.77,2064.46,Lua mi,2.84E-14,0
2012,Lam Dong,22.88,27.4,19.76,81.77,2064.46,Lua mua,77.4,16.1
2012,Lam Dong,22.88,27.4,19.76,81.77,2064.46,Ngo,88.1,17.7
2012,Lam Dong,22.88,27.4,19.76,81.77,2064.46,San,,
2013,Lam Dong,23.07,27.7,19.8,79.64,2061.38,Khoai,21.6,1.6
2013,Lam Dong,23.07,27.7,19.8,79.64,2061.38,Lua dong xuan,52.4,10.5
2013,Lam Dong,23.07,27.7,19.8,79.64,2061.38,Lua he thu,30.2,6.2
2013,Lam Dong,23.07,27.7,19.8,79.64,2061.38,Lua mi,0,0
2013,Lam Dong,23.07,27.7,19.8,79.64,2061.38,Lua mua,73.7,15.7
2013,Lam Dong,23.07,27.7,19.8,79.64,2061.38,Ngo,84,16.5
2013,Lam Dong,23.07,27.7,19.8,79.64,2061.38,San,,
2014,Lam Dong,22.76,27.49,19.4,80.08,2048.14,Khoai,19.9,1.5
2014,Lam Dong,22.76,27.49,19.4,80.08,2048.14,Lua dong xuan,53.8,10.6
2014,Lam Dong,22.76,27.49,19.4,80.08,2048.14,Lua he thu,30.7,6.2
2014,Lam Dong,22.76,27.49,19.4,80.08,2048.14,Lua mi,0,0
2014,Lam Dong,22.76,27.49,19.4,80.08,2048.14,Lua mua,73.5,15.2
2014,Lam Dong,22.76,27.49,19.4,80.08,2048.14,Ngo,79.1,15.4
2014,Lam Dong,22.76,27.49,19.4,80.08,2048.14,San,,
2015,Lam Dong,23.04,27.91,19.51,79.72,1627.4,Khoai,18.4,1.4
2015,Lam Dong,23.04,27.91,19.51,79.72,1627.4,Lua dong xuan,53.6,10.5
2015,Lam Dong,23.04,27.91,19.51,79.72,1627.4,Lua he thu,32,6.4
2015,Lam Dong,23.04,27.91,19.51,79.72,1627.4,Lua mi,0,0.1
2015,Lam Dong,23.04,27.91,19.51,79.72,1627.4,Lua mua,70.6,15
2015,Lam Dong,23.04,27.91,19.51,79.72,1627.4,Ngo,74.3,13.9
2015,Lam Dong,23.04,27.91,19.51,79.72,1627.4,San,,
2016,Lam Dong,23.45,28,20.25,81.42,2147.92,Khoai,24.8,1.8
2016,Lam Dong,23.45,28,20.25,81.42,2147.92,Lua dong xuan,47.1,9.7
2016,Lam Dong,23.45,28,20.25,81.42,2147.92,Lua he thu,29.1,5.6
2016,Lam Dong,23.45,28,20.25,81.42,2147.92,Lua mi,0.6,0
2016,Lam Dong,23.45,28,20.25,81.42,2147.92,Lua mua,69.2,14.7
2016,Lam Dong,23.45,28,20.25,81.42,2147.92,Ngo,69.3,12.8
2016,Lam Dong,23.45,28,20.25,81.42,2147.92,San,,
2017,Lam Dong,23.1,27.57,20.01,83.65,2446,Khoai,32.4,2.2
2017,Lam Dong,23.1,27.57,20.01,83.65,2446,Lua dong xuan,50.8,9.9
2017,Lam Dong,23.1,27.57,20.01,83.65,2446,Lua he thu,32.2,6.1
2017,Lam Dong,23.1,27.57,20.01,83.65,2446,Lua mi,0.3,0.1
2017,Lam Dong,23.1,27.57,20.01,83.65,2446,Lua mua,68.5,14.3
2017,Lam Dong,23.1,27.57,20.01,83.65,2446,Ngo,65.5,12
2017,Lam Dong,23.1,27.57,20.01,83.65,2446,San,,
2018,Lam Dong,23.22,27.8,19.99,81.15,2085.58,Khoai,35.9,2328
2018,Lam Dong,23.22,27.8,19.99,81.15,2085.58,Lua dong xuan,50.7,9.4
2018,Lam Dong,23.22,27.8,19.99,81.15,2085.58,Lua he thu,33.1,5.9
2018,Lam Dong,23.22,27.8,19.99,81.15,2085.58,Lua mi,0.3,0.1
2018,Lam Dong,23.22,27.8,19.99,81.15,2085.58,Lua mua,66.1,13.4
2018,Lam Dong,23.22,27.8,19.99,81.15,2085.58,Ngo,54.3,9.8
2018,Lam Dong,23.22,27.8,19.99,81.15,2085.58,San,,
2019,Lam Dong,23.42,28.25,19.89,79.32,1801.57,Khoai,38.3,2376
2019,Lam Dong,23.42,28.25,19.89,79.32,1801.57,Lua dong xuan,52.5,9.4
2019,Lam Dong,23.42,28.25,19.89,79.32,1801.57,Lua he thu,29,5.9
2019,Lam Dong,23.42,28.25,19.89,79.32,1801.57,Lua mi,0.2,0.1
2019,Lam Dong,23.42,28.25,19.89,79.32,1801.57,Lua mua,65.8,12.9
2019,Lam Dong,23.42,28.25,19.89,79.32,1801.57,Ngo,48,8.6
2019,Lam Dong,23.42,28.25,19.89,79.32,1801.57,San,,
2020,Lam Dong,23.11,27.76,19.78,81.74,2111.45,Khoai,52.2,2624
2020,Lam Dong,23.11,27.76,19.78,81.74,2111.45,Lua dong xuan,50,9.1
2020,Lam Dong,23.11,27.76,19.78,81.74,2111.45,Lua he thu,32,5.9
2020,Lam Dong,23.11,27.76,19.78,81.74,2111.45,Lua mi,0,-7.11E-15
2020,Lam Dong,23.11,27.76,19.78,81.74,2111.45,Lua mua,62.5,12.6
2020,Lam Dong,23.11,27.76,19.78,81.74,2111.45,Ngo,43.8,7.7
2020,Lam Dong,23.11,27.76,19.78,81.74,2111.45,San,,
2021,Lam Dong,22.61,27.08,19.46,82.32,2170.61,Khoai,60.6,2684
2021,Lam Dong,22.61,27.08,19.46,82.32,2170.61,Lua dong xuan,54.9,9.3
2021,Lam Dong,22.61,27.08,19.46,82.32,2170.61,Lua he thu,32.2,5.8
2021,Lam Dong,22.61,27.08,19.46,82.32,2170.61,Lua mi,0,0
2021,Lam Dong,22.61,27.08,19.46,82.32,2170.61,Lua mua,59.8,12.1
2021,Lam Dong,22.61,27.08,19.46,82.32,2170.61,Ngo,42.5,7.4
2021,Lam Dong,22.61,27.08,19.46,82.32,2170.61,San,,
2022,Lam Dong,22.74,27.23,19.58,82.42,2357.27,Khoai,72.5,2883.5
2022,Lam Dong,22.74,27.23,19.58,82.42,2357.27,Lua dong xuan,52.7,9.1
2022,Lam Dong,22.74,27.23,19.58,82.42,2357.27,Lua he thu,29.7,5.4
2022,Lam Dong,22.74,27.23,19.58,82.42,2357.27,Lua mi,0,0.1
2022,Lam Dong,22.74,27.23,19.58,82.42,2357.27,Lua mua,60.1,11.8
2022,Lam Dong,22.74,27.23,19.58,82.42,2357.27,Ngo,41.6,7.4
2022,Lam Dong,22.74,27.23,19.58,82.42,2357.27,San,,
2023,Lam Dong,22.96,27.42,19.78,82.45,2062.59,Khoai,73.6,2737.2
2023,Lam Dong,22.96,27.42,19.78,82.45,2062.59,Lua dong xuan,51,8.8
2023,Lam Dong,22.96,27.42,19.78,82.45,2062.59,Lua he thu,28.6,5.3
2023,Lam Dong,22.96,27.42,19.78,82.45,2062.59,Lua mi,0,0
2023,Lam Dong,22.96,27.42,19.78,82.45,2062.59,Lua mua,57.6,11.2
2023,Lam Dong,22.96,27.42,19.78,82.45,2062.59,Ngo,44.6,7.5
2023,Lam Dong,22.96,27.42,19.78,82.45,2062.59,San,,
2024,Lam Dong,23.54,28.13,20.17,80.47,2015.18,Khoai,82.5,2978.3
2024,Lam Dong,23.54,28.13,20.17,80.47,2015.18,Lua dong xuan,51.9,8.9
2024,Lam Dong,23.54,28.13,20.17,80.47,2015.18,Lua he thu,28.9,5.3
2024,Lam Dong,23.54,28.13,20.17,80.47,2015.18,Lua mi,0,0
2024,Lam Dong,23.54,28.13,20.17,80.47,2015.18,Lua mua,57.5,11
2024,Lam Dong,23.54,28.13,20.17,80.47,2015.18,Ngo,39.7,7
2024,Lam Dong,23.54,28.13,20.17,80.47,2015.18,San,,
1995,Lang Son,21.29,24.55,18.59,81.37,1896.14,Khoai,6.5,2.1
1995,Lang Son,21.29,24.55,18.59,81.37,1896.14,Lua dong xuan,46.2,10.8
1995,Lang Son,21.29,24.55,18.59,81.37,1896.14,Lua mi,0,0
1995,Lang Son,21.29,24.55,18.59,81.37,1896.14,Lua mua,82.3,34.6
1995,Lang Son,21.29,24.55,18.59,81.37,1896.14,Ngo,21.6,10.4
1995,Lang Son,21.29,24.55,18.59,81.37,1896.14,San,28.5,4
1996,Lang Son,21.1,24.76,18.14,80.74,1910.67,Khoai,9.1,2.2
1996,Lang Son,21.1,24.76,18.14,80.74,1910.67,Lua dong xuan,40.3,10.5
1996,Lang Son,21.1,24.76,18.14,80.74,1910.67,Lua mi,-2.84E-14,0
1996,Lang Son,21.1,24.76,18.14,80.74,1910.67,Lua mua,92.5,35.3
1996,Lang Son,21.1,24.76,18.14,80.74,1910.67,Ngo,24.9,10.2
1996,Lang Son,21.1,24.76,18.14,80.74,1910.67,San,41.3,4.8
1997,Lang Son,21.64,24.89,19.06,83.65,2267.08,Khoai,9.4,2.4
1997,Lang Son,21.64,24.89,19.06,83.65,2267.08,Lua dong xuan,53,12
1997,Lang Son,21.64,24.89,19.06,83.65,2267.08,Lua mi,0,-7.11E-15
1997,Lang Son,21.64,24.89,19.06,83.65,2267.08,Lua mua,101,35.2
1997,Lang Son,21.64,24.89,19.06,83.65,2267.08,Ngo,28.6,10.6
1997,Lang Son,21.64,24.89,19.06,83.65,2267.08,San,38,4.7
1998,Lang Son,22.43,26.02,19.5,80.24,1478.65,Khoai,12.1,2.5
1998,Lang Son,22.43,26.02,19.5,80.24,1478.65,Lua dong xuan,52.6,12.1
1998,Lang Son,22.43,26.02,19.5,80.24,1478.65,Lua mi,0,0
1998,Lang Son,22.43,26.02,19.5,80.24,1478.65,Lua mua,100,34
1998,Lang Son,22.43,26.02,19.5,80.24,1478.65,Ngo,28.4,10.1
1998,Lang Son,22.43,26.02,19.5,80.24,1478.65,San,29.6,4.1
1999,Lang Son,21.73,25.28,18.84,81.1,1675.47,Khoai,13.4,2.6
1999,Lang Son,21.73,25.28,18.84,81.1,1675.47,Lua dong xuan,51.7,11.6
1999,Lang Son,21.73,25.28,18.84,81.1,1675.47,Lua mi,0,0
1999,Lang Son,21.73,25.28,18.84,81.1,1675.47,Lua mua,97.6,33.9
1999,Lang Son,21.73,25.28,18.84,81.1,1675.47,Ngo,32.2,10.6
1999,Lang Son,21.73,25.28,18.84,81.1,1675.47,San,29.9,3.9
2000,Lang Son,21.6,25.12,18.73,81.42,1641.35,Khoai,11.7,2.6
2000,Lang Son,21.6,25.12,18.73,81.42,1641.35,Lua dong xuan,58.2,13
2000,Lang Son,21.6,25.12,18.73,81.42,1641.35,Lua mi,0,0
2000,Lang Son,21.6,25.12,18.73,81.42,1641.35,Lua mua,86.5,34.1
2000,Lang Son,21.6,25.12,18.73,81.42,1641.35,Ngo,44.8,12.7
2000,Lang Son,21.6,25.12,18.73,81.42,1641.35,San,37,4.7
2001,Lang Son,21.55,24.91,18.74,83.03,2133.4,Khoai,11.3,2.5
2001,Lang Son,21.55,24.91,18.74,83.03,2133.4,Lua dong xuan,69.3,14.5
2001,Lang Son,21.55,24.91,18.74,83.03,2133.4,Lua mi,0,-7.11E-15
2001,Lang Son,21.55,24.91,18.74,83.03,2133.4,Lua mua,109.8,34.6
2001,Lang Son,21.55,24.91,18.74,83.03,2133.4,Ngo,56.2,13.8
2001,Lang Son,21.55,24.91,18.74,83.03,2133.4,San,35,4.5
2002,Lang Son,21.86,25.27,19.11,83.67,1917.34,Khoai,12.5,2.4
2002,Lang Son,21.86,25.27,19.11,83.67,1917.34,Lua dong xuan,64.6,13.3
2002,Lang Son,21.86,25.27,19.11,83.67,1917.34,Lua mi,0,-0.1
2002,Lang Son,21.86,25.27,19.11,83.67,1917.34,Lua mua,113.5,34.4
2002,Lang Son,21.86,25.27,19.11,83.67,1917.34,Ngo,57.4,13.9
2002,Lang Son,21.86,25.27,19.11,83.67,1917.34,San,37.2,4.5
2003,Lang Son,22.33,26.16,19.18,80.97,1574.19,Khoai,13.2,2.6
2003,Lang Son,22.33,26.16,19.18,80.97,1574.19,Lua dong xuan,70.5,14.4
2003,Lang Son,22.33,26.16,19.18,80.97,1574.19,Lua mi,2.84E-14,0
2003,Lang Son,22.33,26.16,19.18,80.97,1574.19,Lua mua,120.2,34.1
2003,Lang Son,22.33,26.16,19.18,80.97,1574.19,Ngo,61.7,15
2003,Lang Son,22.33,26.16,19.18,80.97,1574.19,San,36.1,4.2
2004,Lang Son,21.48,25.36,18.3,80.3,1360.89,Khoai,12.7,2.7
2004,Lang Son,21.48,25.36,18.3,80.3,1360.89,Lua dong xuan,74.7,15.1
2004,Lang Son,21.48,25.36,18.3,80.3,1360.89,Lua mi,5.68E-14,0
2004,Lang Son,21.48,25.36,18.3,80.3,1360.89,Lua mua,117,34.3
2004,Lang Son,21.48,25.36,18.3,80.3,1360.89,Ngo,74.1,17.6
2004,Lang Son,21.48,25.36,18.3,80.3,1360.89,San,34.3,4.5
2005,Lang Son,21.51,24.97,18.71,81.49,1460.57,Khoai,12.4,2.6
2005,Lang Son,21.51,24.97,18.71,81.49,1460.57,Lua dong xuan,77.1,15.5
2005,Lang Son,21.51,24.97,18.71,81.49,1460.57,Lua mi,0,0
2005,Lang Son,21.51,24.97,18.71,81.49,1460.57,Lua mua,121.8,34
2005,Lang Son,21.51,24.97,18.71,81.49,1460.57,Ngo,79.8,18.4
2005,Lang Son,21.51,24.97,18.71,81.49,1460.57,San,40.7,4.6
2006,Lang Son,22.06,25.85,18.98,79.24,1714.25,Khoai,12.2,2.7
2006,Lang Son,22.06,25.85,18.98,79.24,1714.25,Lua dong xuan,69.7,14.6
2006,Lang Son,22.06,25.85,18.98,79.24,1714.25,Lua mi,0,0
2006,Lang Son,22.06,25.85,18.98,79.24,1714.25,Lua mua,118.7,34
2006,Lang Son,22.06,25.85,18.98,79.24,1714.25,Ngo,70.2,17.7
2006,Lang Son,22.06,25.85,18.98,79.24,1714.25,San,42.3,4.7
2007,Lang Son,21.87,25.7,18.78,78.67,1579.61,Khoai,12.6,2.7
2007,Lang Son,21.87,25.7,18.78,78.67,1579.61,Lua dong xuan,71.2,15.3
2007,Lang Son,21.87,25.7,18.78,78.67,1579.61,Lua mi,0,-1.42E-14
2007,Lang Son,21.87,25.7,18.78,78.67,1579.61,Lua mua,128,33.9
2007,Lang Son,21.87,25.7,18.78,78.67,1579.61,Ngo,89,19.1
2007,Lang Son,21.87,25.7,18.78,78.67,1579.61,San,48.9,5.1
2008,Lang Son,21.01,24.65,18.1,80.25,1899.52,Khoai,9.9,2.4
2008,Lang Son,21.01,24.65,18.1,80.25,1899.52,Lua dong xuan,72.9,15.1
2008,Lang Son,21.01,24.65,18.1,80.25,1899.52,Lua mi,-5.68E-14,-0.7
2008,Lang Son,21.01,24.65,18.1,80.25,1899.52,Lua mua,118.9,34.1
2008,Lang Son,21.01,24.65,18.1,80.25,1899.52,Ngo,94.9,20.7
2008,Lang Son,21.01,24.65,18.1,80.25,1899.52,San,44.4,5.1
2009,Lang Son,22.23,26.07,19.16,78.51,1412.81,Khoai,10.8,2.3
2009,Lang Son,22.23,26.07,19.16,78.51,1412.81,Lua dong xuan,77.5,15.8
2009,Lang Son,22.23,26.07,19.16,78.51,1412.81,Lua mi,0,0
2009,Lang Son,22.23,26.07,19.16,78.51,1412.81,Lua mua,116.6,34.1
2009,Lang Son,22.23,26.07,19.16,78.51,1412.81,Ngo,93.4,20.2
2009,Lang Son,22.23,26.07,19.16,78.51,1412.81,San,45.9,4.8
2010,Lang Son,22.13,25.68,19.16,80.52,1818.71,Khoai,11,2.2
2010,Lang Son,22.13,25.68,19.16,80.52,1818.71,Lua dong xuan,78.1,15.4
2010,Lang Son,22.13,25.68,19.16,80.52,1818.71,Lua mi,0,0
2010,Lang Son,22.13,25.68,19.16,80.52,1818.71,Lua mua,120.2,34.2
2010,Lang Son,22.13,25.68,19.16,80.52,1818.71,Ngo,97.2,20.2
2010,Lang Son,22.13,25.68,19.16,80.52,1818.71,San,50.1,5.1
2011,Lang Son,20.59,24.01,17.76,80.19,1526.87,Khoai,12.8,2.2
2011,Lang Son,20.59,24.01,17.76,80.19,1526.87,Lua dong xuan,79.7,15.5
2011,Lang Son,20.59,24.01,17.76,80.19,1526.87,Lua mi,0,0
2011,Lang Son,20.59,24.01,17.76,80.19,1526.87,Lua mua,90.2,34.1
2011,Lang Son,20.59,24.01,17.76,80.19,1526.87,Ngo,100.7,20.9
2011,Lang Son,20.59,24.01,17.76,80.19,1526.87,San,58.5,5.9
2012,Lang Son,21.54,24.74,18.88,83.71,1925.54,Khoai,12.1,2.3
2012,Lang Son,21.54,24.74,18.88,83.71,1925.54,Lua dong xuan,83.9,16.1
2012,Lang Son,21.54,24.74,18.88,83.71,1925.54,Lua mi,0,0
2012,Lang Son,21.54,24.74,18.88,83.71,1925.54,Lua mua,118.9,34.2
2012,Lang Son,21.54,24.74,18.88,83.71,1925.54,Ngo,103.8,21.8
2012,Lang Son,21.54,24.74,18.88,83.71,1925.54,San,61.8,6
2013,Lang Son,21.56,25.01,18.79,82.38,1843.1,Khoai,11.7,2.1
2013,Lang Son,21.56,25.01,18.79,82.38,1843.1,Lua dong xuan,83.9,16.1
2013,Lang Son,21.56,25.01,18.79,82.38,1843.1,Lua mi,0,0
2013,Lang Son,21.56,25.01,18.79,82.38,1843.1,Lua mua,124.2,34.7
2013,Lang Son,21.56,25.01,18.79,82.38,1843.1,Ngo,105.4,22
2013,Lang Son,21.56,25.01,18.79,82.38,1843.1,San,56.5,5.5
2014,Lang Son,21.79,25.29,18.95,82.15,1968.29,Khoai,12.6,2.1
2014,Lang Son,21.79,25.29,18.95,82.15,1968.29,Lua dong xuan,83.3,16.1
2014,Lang Son,21.79,25.29,18.95,82.15,1968.29,Lua mi,0,-1.42E-14
2014,Lang Son,21.79,25.29,18.95,82.15,1968.29,Lua mua,129.6,34.6
2014,Lang Son,21.79,25.29,18.95,82.15,1968.29,Ngo,98.4,21.6
2014,Lang Son,21.79,25.29,18.95,82.15,1968.29,San,51.8,5
2015,Lang Son,22.55,26.04,19.71,82.61,1871.9,Khoai,11.9,2
2015,Lang Son,22.55,26.04,19.71,82.61,1871.9,Lua dong xuan,79.8,15.4
2015,Lang Son,22.55,26.04,19.71,82.61,1871.9,Lua mi,-0.1,0
2015,Lang Son,22.55,26.04,19.71,82.61,1871.9,Lua mua,130.8,34.4
2015,Lang Son,22.55,26.04,19.71,82.61,1871.9,Ngo,104.4,22.1
2015,Lang Son,22.55,26.04,19.71,82.61,1871.9,San,45.2,4.5
2016,Lang Son,22.23,25.76,19.3,81.04,1759.51,Khoai,12.8,2.1
2016,Lang Son,22.23,25.76,19.3,81.04,1759.51,Lua dong xuan,85.1,16.2
2016,Lang Son,22.23,25.76,19.3,81.04,1759.51,Lua mi,0.1,-0.1
2016,Lang Son,22.23,25.76,19.3,81.04,1759.51,Lua mua,133.2,33.9
2016,Lang Son,22.23,25.76,19.3,81.04,1759.51,Ngo,108.2,22.2
2016,Lang Son,22.23,25.76,19.3,81.04,1759.51,San,39.1,3.9
2017,Lang Son,22.1,25.42,19.37,81.83,2039,Khoai,13.7,2.2
2017,Lang Son,22.1,25.42,19.37,81.83,2039,Lua dong xuan,81.6,15.7
2017,Lang Son,22.1,25.42,19.37,81.83,2039,Lua mi,0,0
2017,Lang Son,22.1,25.42,19.37,81.83,2039,Lua mua,124.3,33.8
2017,Lang Son,22.1,25.42,19.37,81.83,2039,Ngo,105.2,21.3
2017,Lang Son,22.1,25.42,19.37,81.83,2039,San,28,2.8
2018,Lang Son,22.04,25.48,19.27,82.89,1974.61,Khoai,13.1,2153
2018,Lang Son,22.04,25.48,19.27,82.89,1974.61,Lua dong xuan,83.5,15.5
2018,Lang Son,22.04,25.48,19.27,82.89,1974.61,Lua mi,0,0
2018,Lang Son,22.04,25.48,19.27,82.89,1974.61,Lua mua,121.8,33.3
2018,Lang Son,22.04,25.48,19.27,82.89,1974.61,Ngo,105.3,21
2018,Lang Son,22.04,25.48,19.27,82.89,1974.61,San,20.4,2.1
2019,Lang Son,22.55,26.01,19.71,83.19,1938.49,Khoai,12.3,1980
2019,Lang Son,22.55,26.01,19.71,83.19,1938.49,Lua dong xuan,79.3,15.4
2019,Lang Son,22.55,26.01,19.71,83.19,1938.49,Lua mi,0,0
2019,Lang Son,22.55,26.01,19.71,83.19,1938.49,Lua mua,124.6,33
2019,Lang Son,22.55,26.01,19.71,83.19,1938.49,Ngo,98.3,19.6
2019,Lang Son,22.55,26.01,19.71,83.19,1938.49,San,15.3,1.6
2020,Lang Son,22.24,25.49,19.55,81.85,1704.84,Khoai,9.7,1499
2020,Lang Son,22.24,25.49,19.55,81.85,1704.84,Lua dong xuan,79.7,15.6
2020,Lang Son,22.24,25.49,19.55,81.85,1704.84,Lua mi,0,0
2020,Lang Son,22.24,25.49,19.55,81.85,1704.84,Lua mua,127.2,32.5
2020,Lang Son,22.24,25.49,19.55,81.85,1704.84,Ngo,97.3,19.4
2020,Lang Son,22.24,25.49,19.55,81.85,1704.84,San,10.7,1.1
2021,Lang Son,22.41,25.97,19.45,80.59,1629.8,Khoai,9.2,1383
2021,Lang Son,22.41,25.97,19.45,80.59,1629.8,Lua dong xuan,77.6,15
2021,Lang Son,22.41,25.97,19.45,80.59,1629.8,Lua mi,0,0
2021,Lang Son,22.41,25.97,19.45,80.59,1629.8,Lua mua,125.6,32.2
2021,Lang Son,22.41,25.97,19.45,80.59,1629.8,Ngo,93.7,18.7
2021,Lang Son,22.41,25.97,19.45,80.59,1629.8,San,9.9,1
2022,Lang Son,21.81,25.33,18.93,81.39,1846.55,Khoai,9.8,1421.1
2022,Lang Son,21.81,25.33,18.93,81.39,1846.55,Lua dong xuan,80.5,15.6
2022,Lang Son,21.81,25.33,18.93,81.39,1846.55,Lua mi,-0.1,0
2022,Lang Son,21.81,25.33,18.93,81.39,1846.55,Lua mua,133,32.5
2022,Lang Son,21.81,25.33,18.93,81.39,1846.55,Ngo,96.2,19.2
2022,Lang Son,21.81,25.33,18.93,81.39,1846.55,San,9.7,0.9
2023,Lang Son,22.75,26.27,19.77,79.7,1531.4,Khoai,9.6,1355.6
2023,Lang Son,22.75,26.27,19.77,79.7,1531.4,Lua dong xuan,78.9,15.4
2023,Lang Son,22.75,26.27,19.77,79.7,1531.4,Lua mi,0,0
2023,Lang Son,22.75,26.27,19.77,79.7,1531.4,Lua mua,136.5,32.4
2023,Lang Son,22.75,26.27,19.77,79.7,1531.4,Ngo,101.6,19.9
2023,Lang Son,22.75,26.27,19.77,79.7,1531.4,San,8,0.9
2024,Lang Son,22.75,26.15,19.97,80.94,2098.37,Khoai,9.8,1359.7
2024,Lang Son,22.75,26.15,19.97,80.94,2098.37,Lua dong xuan,80,15.5
2024,Lang Son,22.75,26.15,19.97,80.94,2098.37,Lua mi,0,0.1
2024,Lang Son,22.75,26.15,19.97,80.94,2098.37,Lua mua,137.8,32.4
2024,Lang Son,22.75,26.15,19.97,80.94,2098.37,Ngo,103.9,20
2024,Lang Son,22.75,26.15,19.97,80.94,2098.37,San,8.2,0.9
1995,Lao Cai,20.08,23.85,17.04,83.4,2389.61,Khoai,3.2,0.6
1995,Lao Cai,20.08,23.85,17.04,83.4,2389.61,Lua dong xuan,26.5,6.7
1995,Lao Cai,20.08,23.85,17.04,83.4,2389.61,Lua mi,0,-7.11E-15
1995,Lao Cai,20.08,23.85,17.04,83.4,2389.61,Lua mua,56,26.4
1995,Lao Cai,20.08,23.85,17.04,83.4,2389.61,Ngo,27.7,19.3
1995,Lao Cai,20.08,23.85,17.04,83.4,2389.61,San,48.8,5.2
1996,Lao Cai,19.93,23.74,16.75,83.05,2238.28,Khoai,2.9,0.7
1996,Lao Cai,19.93,23.74,16.75,83.05,2238.28,Lua dong xuan,27.7,7
1996,Lao Cai,19.93,23.74,16.75,83.05,2238.28,Lua mi,0,0
1996,Lao Cai,19.93,23.74,16.75,83.05,2238.28,Lua mua,60,25.4
1996,Lao Cai,19.93,23.74,16.75,83.05,2238.28,Ngo,31.2,20.1
1996,Lao Cai,19.93,23.74,16.75,83.05,2238.28,San,54.1,6.2
1997,Lao Cai,20.45,24.33,17.35,82.76,2499.32,Khoai,3.3,0.6
1997,Lao Cai,20.45,24.33,17.35,82.76,2499.32,Lua dong xuan,28.4,7.3
1997,Lao Cai,20.45,24.33,17.35,82.76,2499.32,Lua mi,1.42E-14,7.11E-15
1997,Lao Cai,20.45,24.33,17.35,82.76,2499.32,Lua mua,58.9,25.1
1997,Lao Cai,20.45,24.33,17.35,82.76,2499.32,Ngo,29.9,21.2
1997,Lao Cai,20.45,24.33,17.35,82.76,2499.32,San,71.7,6.2
1998,Lao Cai,21.1,25.33,17.61,80.87,1940.91,Khoai,1.8,0.4
1998,Lao Cai,21.1,25.33,17.61,80.87,1940.91,Lua dong xuan,32,7.6
1998,Lao Cai,21.1,25.33,17.61,80.87,1940.91,Lua mi,0,0
1998,Lao Cai,21.1,25.33,17.61,80.87,1940.91,Lua mua,62.4,25.6
1998,Lao Cai,21.1,25.33,17.61,80.87,1940.91,Ngo,34.3,21
1998,Lao Cai,21.1,25.33,17.61,80.87,1940.91,San,48,6
1999,Lao Cai,20.52,24.35,17.4,82.83,1899.55,Khoai,2.1,0.4
1999,Lao Cai,20.52,24.35,17.4,82.83,1899.55,Lua dong xuan,34.2,8.1
1999,Lao Cai,20.52,24.35,17.4,82.83,1899.55,Lua mi,0,0
1999,Lao Cai,20.52,24.35,17.4,82.83,1899.55,Lua mua,69.7,27.4
1999,Lao Cai,20.52,24.35,17.4,82.83,1899.55,Ngo,37.1,22
1999,Lao Cai,20.52,24.35,17.4,82.83,1899.55,San,61.3,5.9
2000,Lao Cai,20.39,24.16,17.26,83.04,2128.06,Khoai,1.7,0.4
2000,Lao Cai,20.39,24.16,17.26,83.04,2128.06,Lua dong xuan,38,8.7
2000,Lao Cai,20.39,24.16,17.26,83.04,2128.06,Lua mi,0.1,0.1
2000,Lao Cai,20.39,24.16,17.26,83.04,2128.06,Lua mua,75,27.7
2000,Lao Cai,20.39,24.16,17.26,83.04,2128.06,Ngo,38.3,22.5
2000,Lao Cai,20.39,24.16,17.26,83.04,2128.06,San,64.1,6.2
2001,Lao Cai,20.59,24.36,17.45,82.92,2213.39,Khoai,2.2,0.5
2001,Lao Cai,20.59,24.36,17.45,82.92,2213.39,Lua dong xuan,42,9.3
2001,Lao Cai,20.59,24.36,17.45,82.92,2213.39,Lua mi,0.1,0.2
2001,Lao Cai,20.59,24.36,17.45,82.92,2213.39,Lua mua,80.1,27.5
2001,Lao Cai,20.59,24.36,17.45,82.92,2213.39,Ngo,44.9,23.5
2001,Lao Cai,20.59,24.36,17.45,82.92,2213.39,San,65.7,6.2
2002,Lao Cai,20.84,24.77,17.58,82.17,2387.52,Khoai,2.2,0.4
2002,Lao Cai,20.84,24.77,17.58,82.17,2387.52,Lua dong xuan,44.8,9.7
2002,Lao Cai,20.84,24.77,17.58,82.17,2387.52,Lua mi,0.1,0.1
2002,Lao Cai,20.84,24.77,17.58,82.17,2387.52,Lua mua,80.3,26.4
2002,Lao Cai,20.84,24.77,17.58,82.17,2387.52,Ngo,51.9,24.3
2002,Lao Cai,20.84,24.77,17.58,82.17,2387.52,San,63.7,5.9
2003,Lao Cai,21.03,25.04,17.66,81.64,1916.92,Khoai,2.5,0.5
2003,Lao Cai,21.03,25.04,17.66,81.64,1916.92,Lua dong xuan,48.4,10
2003,Lao Cai,21.03,25.04,17.66,81.64,1916.92,Lua mi,0.1,0.1
2003,Lao Cai,21.03,25.04,17.66,81.64,1916.92,Lua mua,88.5,26.9
2003,Lao Cai,21.03,25.04,17.66,81.64,1916.92,Ngo,57.3,24.6
2003,Lao Cai,21.03,25.04,17.66,81.64,1916.92,San,67.8,6.3
2004,Lao Cai,20.23,24.24,16.88,81.98,1981.29,Khoai,2.2,0.4
2004,Lao Cai,20.23,24.24,16.88,81.98,1981.29,Lua dong xuan,40.6,8.2
2004,Lao Cai,20.23,24.24,16.88,81.98,1981.29,Lua mi,0,0
2004,Lao Cai,20.23,24.24,16.88,81.98,1981.29,Lua mua,70.4,19.6
2004,Lao Cai,20.23,24.24,16.88,81.98,1981.29,Ngo,61,23.9
2004,Lao Cai,20.23,24.24,16.88,81.98,1981.29,San,56.7,5.1
2005,Lao Cai,20.48,24.49,17.25,81.7,2041.54,Khoai,2,0.4
2005,Lao Cai,20.48,24.49,17.25,81.7,2041.54,Lua dong xuan,42.6,8.4
2005,Lao Cai,20.48,24.49,17.25,81.7,2041.54,Lua mi,0,7.11E-15
2005,Lao Cai,20.48,24.49,17.25,81.7,2041.54,Lua mua,74.9,20
2005,Lao Cai,20.48,24.49,17.25,81.7,2041.54,Ngo,64.6,24.7
2005,Lao Cai,20.48,24.49,17.25,81.7,2041.54,San,63,5.6
2006,Lao Cai,20.73,24.8,17.47,81.85,2165.32,Khoai,2.5,0.5
2006,Lao Cai,20.73,24.8,17.47,81.85,2165.32,Lua dong xuan,43,8.4
2006,Lao Cai,20.73,24.8,17.47,81.85,2165.32,Lua mi,-2.84E-14,0
2006,Lao Cai,20.73,24.8,17.47,81.85,2165.32,Lua mua,74.7,19.5
2006,Lao Cai,20.73,24.8,17.47,81.85,2165.32,Ngo,65.9,25.1
2006,Lao Cai,20.73,24.8,17.47,81.85,2165.32,San,70.1,6.1
2007,Lao Cai,20.59,24.67,17.19,80.98,1914.27,Khoai,3.1,0.6
2007,Lao Cai,20.59,24.67,17.19,80.98,1914.27,Lua dong xuan,45.1,8.7
2007,Lao Cai,20.59,24.67,17.19,80.98,1914.27,Lua mi,0,-0.1
2007,Lao Cai,20.59,24.67,17.19,80.98,1914.27,Lua mua,78.9,19.5
2007,Lao Cai,20.59,24.67,17.19,80.98,1914.27,Ngo,75.8,26.6
2007,Lao Cai,20.59,24.67,17.19,80.98,1914.27,San,79.6,6.7
2008,Lao Cai,20.09,23.94,17,81.98,2460.67,Khoai,3.2,0.6
2008,Lao Cai,20.09,23.94,17,81.98,2460.67,Lua dong xuan,46.6,8.8
2008,Lao Cai,20.09,23.94,17,81.98,2460.67,Lua mi,-2.84E-14,-0.8
2008,Lao Cai,20.09,23.94,17,81.98,2460.67,Lua mua,71.8,19.5
2008,Lao Cai,20.09,23.94,17,81.98,2460.67,Ngo,80.7,28.8
2008,Lao Cai,20.09,23.94,17,81.98,2460.67,San,98.8,8.2
2009,Lao Cai,20.91,25,17.56,80.55,1782.14,Khoai,3.6,0.7
2009,Lao Cai,20.91,25,17.56,80.55,1782.14,Lua dong xuan,48.7,9
2009,Lao Cai,20.91,25,17.56,80.55,1782.14,Lua mi,0,0
2009,Lao Cai,20.91,25,17.56,80.55,1782.14,Lua mua,79.6,20.1
2009,Lao Cai,20.91,25,17.56,80.55,1782.14,Ngo,92.6,29.6
2009,Lao Cai,20.91,25,17.56,80.55,1782.14,San,97.8,8.5
2010,Lao Cai,21.26,25.57,17.8,79.17,1833.82,Khoai,4.5,0.8
2010,Lao Cai,21.26,25.57,17.8,79.17,1833.82,Lua dong xuan,49.5,9.1
2010,Lao Cai,21.26,25.57,17.8,79.17,1833.82,Lua mi,0,0
2010,Lao Cai,21.26,25.57,17.8,79.17,1833.82,Lua mua,76.9,20.6
2010,Lao Cai,21.26,25.57,17.8,79.17,1833.82,Ngo,101.6,31.1
2010,Lao Cai,21.26,25.57,17.8,79.17,1833.82,San,89.6,7.8
2011,Lao Cai,19.62,23.16,16.76,84.08,1803.25,Khoai,5.2,0.9
2011,Lao Cai,19.62,23.16,16.76,84.08,1803.25,Lua dong xuan,52.7,9.5
2011,Lao Cai,19.62,23.16,16.76,84.08,1803.25,Lua mi,0,0
2011,Lao Cai,19.62,23.16,16.76,84.08,1803.25,Lua mua,89,20.9
2011,Lao Cai,19.62,23.16,16.76,84.08,1803.25,Ngo,110,32.7
2011,Lao Cai,19.62,23.16,16.76,84.08,1803.25,San,113.5,9.7
2012,Lao Cai,20.8,24.74,17.73,82.92,2174.6,Khoai,5.1,0.9
2012,Lao Cai,20.8,24.74,17.73,82.92,2174.6,Lua dong xuan,54.8,9.8
2012,Lao Cai,20.8,24.74,17.73,82.92,2174.6,Lua mi,0,-1.42E-14
2012,Lao Cai,20.8,24.74,17.73,82.92,2174.6,Lua mua,89.5,20.8
2012,Lao Cai,20.8,24.74,17.73,82.92,2174.6,Ngo,115.6,33.7
2012,Lao Cai,20.8,24.74,17.73,82.92,2174.6,San,115.1,9.3
2013,Lao Cai,20.64,24.81,17.42,81.71,2096.21,Khoai,5.4,0.9
2013,Lao Cai,20.64,24.81,17.42,81.71,2096.21,Lua dong xuan,55,9.8
2013,Lao Cai,20.64,24.81,17.42,81.71,2096.21,Lua mi,0,0
2013,Lao Cai,20.64,24.81,17.42,81.71,2096.21,Lua mua,91.9,20.7
2013,Lao Cai,20.64,24.81,17.42,81.71,2096.21,Ngo,122.2,34.7
2013,Lao Cai,20.64,24.81,17.42,81.71,2096.21,San,114.9,9.2
2014,Lao Cai,20.87,25.03,17.63,82.37,2260.93,Khoai,5.7,1
2014,Lao Cai,20.87,25.03,17.63,82.37,2260.93,Lua dong xuan,54.8,9.9
2014,Lao Cai,20.87,25.03,17.63,82.37,2260.93,Lua mi,0,0
2014,Lao Cai,20.87,25.03,17.63,82.37,2260.93,Lua mua,93.6,20.9
2014,Lao Cai,20.87,25.03,17.63,82.37,2260.93,Ngo,117.7,39.1
2014,Lao Cai,20.87,25.03,17.63,82.37,2260.93,San,114.3,9.1
2015,Lao Cai,21.54,25.68,18.29,80.78,2096.89,Khoai,6,1
2015,Lao Cai,21.54,25.68,18.29,80.78,2096.89,Lua dong xuan,56.4,10
2015,Lao Cai,21.54,25.68,18.29,80.78,2096.89,Lua mi,5.68E-14,0.1
2015,Lao Cai,21.54,25.68,18.29,80.78,2096.89,Lua mua,93.7,20.7
2015,Lao Cai,21.54,25.68,18.29,80.78,2096.89,Ngo,133.2,36.8
2015,Lao Cai,21.54,25.68,18.29,80.78,2096.89,San,114.5,8.9
2016,Lao Cai,21.2,25.41,17.87,81.26,1909.57,Khoai,6.2,1
2016,Lao Cai,21.2,25.41,17.87,81.26,1909.57,Lua dong xuan,58,10.1
2016,Lao Cai,21.2,25.41,17.87,81.26,1909.57,Lua mi,-0.1,0
2016,Lao Cai,21.2,25.41,17.87,81.26,1909.57,Lua mua,100.3,21.5
2016,Lao Cai,21.2,25.41,17.87,81.26,1909.57,Ngo,138.7,37.6
2016,Lao Cai,21.2,25.41,17.87,81.26,1909.57,San,113.6,8.8
2017,Lao Cai,20.84,24.53,18,83.98,2578.52,Khoai,7.3,1.2
2017,Lao Cai,20.84,24.53,18,83.98,2578.52,Lua dong xuan,58.4,10.1
2017,Lao Cai,20.84,24.53,18,83.98,2578.52,Lua mi,0,0
2017,Lao Cai,20.84,24.53,18,83.98,2578.52,Lua mua,100.4,22.2
2017,Lao Cai,20.84,24.53,18,83.98,2578.52,Ngo,146.6,38.1
2017,Lao Cai,20.84,24.53,18,83.98,2578.52,San,111.5,8.4
2018,Lao Cai,20.89,24.74,17.91,83.31,2323.2,Khoai,7.4,1170
2018,Lao Cai,20.89,24.74,17.91,83.31,2323.2,Lua dong xuan,60.7,10.1
2018,Lao Cai,20.89,24.74,17.91,83.31,2323.2,Lua mi,0,0
2018,Lao Cai,20.89,24.74,17.91,83.31,2323.2,Lua mua,112.2,23.5
2018,Lao Cai,20.89,24.74,17.91,83.31,2323.2,Ngo,151.9,37.8
2018,Lao Cai,20.89,24.74,17.91,83.31,2323.2,San,92.1,7
2019,Lao Cai,21.49,25.89,18.12,82.08,2063.99,Khoai,7.5,1166
2019,Lao Cai,21.49,25.89,18.12,82.08,2063.99,Lua dong xuan,61.5,10.2
2019,Lao Cai,21.49,25.89,18.12,82.08,2063.99,Lua mi,0,0
2019,Lao Cai,21.49,25.89,18.12,82.08,2063.99,Lua mua,115.6,23.5
2019,Lao Cai,21.49,25.89,18.12,82.08,2063.99,Ngo,155.8,37.7
2019,Lao Cai,21.49,25.89,18.12,82.08,2063.99,San,78.8,6.1
2020,Lao Cai,20.87,24.97,17.81,82.94,2279.81,Khoai,7,1072
2020,Lao Cai,20.87,24.97,17.81,82.94,2279.81,Lua dong xuan,60,10.1
2020,Lao Cai,20.87,24.97,17.81,82.94,2279.81,Lua mi,0.1,0.1
2020,Lao Cai,20.87,24.97,17.81,82.94,2279.81,Lua mua,121.1,23.9
2020,Lao Cai,20.87,24.97,17.81,82.94,2279.81,Ngo,159.9,38.2
2020,Lao Cai,20.87,24.97,17.81,82.94,2279.81,San,74.6,5.5
2021,Lao Cai,20.86,24.82,17.89,82.92,2154.98,Khoai,7.7,1096
2021,Lao Cai,20.86,24.82,17.89,82.92,2154.98,Lua dong xuan,61.6,10.1
2021,Lao Cai,20.86,24.82,17.89,82.92,2154.98,Lua mi,0.1,0
2021,Lao Cai,20.86,24.82,17.89,82.92,2154.98,Lua mua,121.8,23.9
2021,Lao Cai,20.86,24.82,17.89,82.92,2154.98,Ngo,153.4,36.4
2021,Lao Cai,20.86,24.82,17.89,82.92,2154.98,San,82.8,5.5
2022,Lao Cai,20.61,24.5,17.65,83.09,2172.07,Khoai,5,741.7
2022,Lao Cai,20.61,24.5,17.65,83.09,2172.07,Lua dong xuan,60.6,9.9
2022,Lao Cai,20.61,24.5,17.65,83.09,2172.07,Lua mi,-5.68E-14,0
2022,Lao Cai,20.61,24.5,17.65,83.09,2172.07,Lua mua,123.2,23.6
2022,Lao Cai,20.61,24.5,17.65,83.09,2172.07,Ngo,151.3,35.1
2022,Lao Cai,20.61,24.5,17.65,83.09,2172.07,San,97.9,5.7
2023,Lao Cai,21.4,25.52,18.17,81.49,1791.17,Khoai,4.5,633.1
2023,Lao Cai,21.4,25.52,18.17,81.49,1791.17,Lua dong xuan,59.5,9.9
2023,Lao Cai,21.4,25.52,18.17,81.49,1791.17,Lua mi,0,0
2023,Lao Cai,21.4,25.52,18.17,81.49,1791.17,Lua mua,126.4,24.1
2023,Lao Cai,21.4,25.52,18.17,81.49,1791.17,Ngo,135.6,34.8
2023,Lao Cai,21.4,25.52,18.17,81.49,1791.17,San,92.6,5.7
2024,Lao Cai,21.55,25.59,18.48,82.28,2642.98,Khoai,4.4,604.2
2024,Lao Cai,21.55,25.59,18.48,82.28,2642.98,Lua dong xuan,60,9.9
2024,Lao Cai,21.55,25.59,18.48,82.28,2642.98,Lua mi,0,0
2024,Lao Cai,21.55,25.59,18.48,82.28,2642.98,Lua mua,118.9,24.3
2024,Lao Cai,21.55,25.59,18.48,82.28,2642.98,Ngo,131.5,32.8
2024,Lao Cai,21.55,25.59,18.48,82.28,2642.98,San,103.2,7
1995,Long An,27.54,32.07,24.35,76.63,1864,Khoai,0.1,0
1995,Long An,27.54,32.07,24.35,76.63,1864,Lua dong xuan,589.5,156
1995,Long An,27.54,32.07,24.35,76.63,1864,Lua he thu,350,120
1995,Long An,27.54,32.07,24.35,76.63,1864,Lua mi,1.14E-13,0
1995,Long An,27.54,32.07,24.35,76.63,1864,Lua mua,76.3,49.7
1995,Long An,27.54,32.07,24.35,76.63,1864,Ngo,0.4,0.1
1995,Long An,27.54,32.07,24.35,76.63,1864,San,14.4,2.6
1996,Long An,27.21,31.61,24.16,79.41,2103.59,Khoai,0.3,0.1
1996,Long An,27.21,31.61,24.16,79.41,2103.59,Lua dong xuan,735.7,181.6
1996,Long An,27.21,31.61,24.16,79.41,2103.59,Lua he thu,363.5,146.5
1996,Long An,27.21,31.61,24.16,79.41,2103.59,Lua mi,0,-5.68E-14
1996,Long An,27.21,31.61,24.16,79.41,2103.59,Lua mua,82,43.2
1996,Long An,27.21,31.61,24.16,79.41,2103.59,Ngo,0.6,0.1
1996,Long An,27.21,31.61,24.16,79.41,2103.59,San,9.7,1.9
1997,Long An,27.65,32.12,24.47,77.18,1619.38,Khoai,0,0
1997,Long An,27.65,32.12,24.47,77.18,1619.38,Lua dong xuan,866,205.9
1997,Long An,27.65,32.12,24.47,77.18,1619.38,Lua he thu,304.4,130.6
1997,Long An,27.65,32.12,24.47,77.18,1619.38,Lua mi,0,0
1997,Long An,27.65,32.12,24.47,77.18,1619.38,Lua mua,70.2,38
1997,Long An,27.65,32.12,24.47,77.18,1619.38,Ngo,2.5,0.5
1997,Long An,27.65,32.12,24.47,77.18,1619.38,San,6.7,1.7
1998,Long An,28.18,32.67,25.16,77.19,2019.17,Khoai,0.3,0.1
1998,Long An,28.18,32.67,25.16,77.19,2019.17,Lua dong xuan,953.2,218.3
1998,Long An,28.18,32.67,25.16,77.19,2019.17,Lua he thu,366.3,149.5
1998,Long An,28.18,32.67,25.16,77.19,2019.17,Lua mi,0,0
1998,Long An,28.18,32.67,25.16,77.19,2019.17,Lua mua,81,32.3
1998,Long An,28.18,32.67,25.16,77.19,2019.17,Ngo,0.7,0.2
1998,Long An,28.18,32.67,25.16,77.19,2019.17,San,6,1.2
1999,Long An,27.1,31.26,24.29,80.75,2175.82,Khoai,0.1,0.1
1999,Long An,27.1,31.26,24.29,80.75,2175.82,Lua dong xuan,956,234.6
1999,Long An,27.1,31.26,24.29,80.75,2175.82,Lua he thu,516.3,174.2
1999,Long An,27.1,31.26,24.29,80.75,2175.82,Lua mi,0,5.68E-14
1999,Long An,27.1,31.26,24.29,80.75,2175.82,Lua mua,50.5,32.4
1999,Long An,27.1,31.26,24.29,80.75,2175.82,Ngo,1,0.4
1999,Long An,27.1,31.26,24.29,80.75,2175.82,San,6,1
2000,Long An,27.39,31.59,24.53,80.05,2052.64,Khoai,0.1,0
2000,Long An,27.39,31.59,24.53,80.05,2052.64,Lua dong xuan,1093.4,255.3
2000,Long An,27.39,31.59,24.53,80.05,2052.64,Lua he thu,442.6,171.8
2000,Long An,27.39,31.59,24.53,80.05,2052.64,Lua mi,0,0
2000,Long An,27.39,31.59,24.53,80.05,2052.64,Lua mua,37.3,26
2000,Long An,27.39,31.59,24.53,80.05,2052.64,Ngo,1.3,0.4
2000,Long An,27.39,31.59,24.53,80.05,2052.64,San,8.1,1.2
2001,Long An,27.67,32,24.71,78.58,1771.47,Khoai,,
2001,Long An,27.67,32,24.71,78.58,1771.47,Lua dong xuan,1138.3,261.4
2001,Long An,27.67,32,24.71,78.58,1771.47,Lua he thu,435.2,155.3
2001,Long An,27.67,32,24.71,78.58,1771.47,Lua mi,-2.27E-13,5.68E-14
2001,Long An,27.67,32,24.71,78.58,1771.47,Lua mua,52.7,24.2
2001,Long An,27.67,32,24.71,78.58,1771.47,Ngo,8.9,1.9
2001,Long An,27.67,32,24.71,78.58,1771.47,San,4.4,0.7
2002,Long An,28.29,33,25.09,73.87,1510.47,Khoai,0.1,0
2002,Long An,28.29,33,25.09,73.87,1510.47,Lua dong xuan,1192.3,244.6
2002,Long An,28.29,33,25.09,73.87,1510.47,Lua he thu,496.2,166.2
2002,Long An,28.29,33,25.09,73.87,1510.47,Lua mi,0,0
2002,Long An,28.29,33,25.09,73.87,1510.47,Lua mua,50.1,22.5
2002,Long An,28.29,33,25.09,73.87,1510.47,Ngo,5.2,1.3
2002,Long An,28.29,33,25.09,73.87,1510.47,San,3.7,0.6
2003,Long An,27.9,32.33,24.84,76,1944.62,Khoai,0.3,0.1
2003,Long An,27.9,32.33,24.84,76,1944.62,Lua dong xuan,1172.6,233.4
2003,Long An,27.9,32.33,24.84,76,1944.62,Lua he thu,544.8,168.6
2003,Long An,27.9,32.33,24.84,76,1944.62,Lua mi,0,0
2003,Long An,27.9,32.33,24.84,76,1944.62,Lua mua,55.4,22.1
2003,Long An,27.9,32.33,24.84,76,1944.62,Ngo,10.8,2.4
2003,Long An,27.9,32.33,24.84,76,1944.62,San,11,1.4
2004,Long An,27.81,32.13,24.67,75.65,1511.59,Khoai,1.2,0.2
2004,Long An,27.81,32.13,24.67,75.65,1511.59,Lua dong xuan,1163.5,230.2
2004,Long An,27.81,32.13,24.67,75.65,1511.59,Lua he thu,680,181.5
2004,Long An,27.81,32.13,24.67,75.65,1511.59,Lua mi,0,5.68E-14
2004,Long An,27.81,32.13,24.67,75.65,1511.59,Lua mua,59.2,21.7
2004,Long An,27.81,32.13,24.67,75.65,1511.59,Ngo,10,2.2
2004,Long An,27.81,32.13,24.67,75.65,1511.59,San,5.6,0.8
2005,Long An,27.62,31.84,24.66,76.93,1825.48,Khoai,0.6,0.1
2005,Long An,27.62,31.84,24.66,76.93,1825.48,Lua dong xuan,1255.4,235.5
2005,Long An,27.62,31.84,24.66,76.93,1825.48,Lua he thu,622.9,174.9
2005,Long An,27.62,31.84,24.66,76.93,1825.48,Lua mi,0,0
2005,Long An,27.62,31.84,24.66,76.93,1825.48,Lua mua,55.9,18.9
2005,Long An,27.62,31.84,24.66,76.93,1825.48,Ngo,14.5,3.2
2005,Long An,27.62,31.84,24.66,76.93,1825.48,San,7.1,0.8
2006,Long An,27.68,31.9,24.72,77.59,1884.35,Khoai,0.6,0.1
2006,Long An,27.68,31.9,24.72,77.59,1884.35,Lua dong xuan,1196.9,234.5
2006,Long An,27.68,31.9,24.72,77.59,1884.35,Lua he thu,533.6,183.2
2006,Long An,27.68,31.9,24.72,77.59,1884.35,Lua mi,0,0
2006,Long An,27.68,31.9,24.72,77.59,1884.35,Lua mua,38.9,15.5
2006,Long An,27.68,31.9,24.72,77.59,1884.35,Ngo,22.3,4.6
2006,Long An,27.68,31.9,24.72,77.59,1884.35,San,6.1,0.7
2007,Long An,27.54,31.86,24.58,78.22,2105.58,Khoai,0.7,0.1
2007,Long An,27.54,31.86,24.58,78.22,2105.58,Lua dong xuan,1220.4,234.2
2007,Long An,27.54,31.86,24.58,78.22,2105.58,Lua he thu,703.5,178.8
2007,Long An,27.54,31.86,24.58,78.22,2105.58,Lua mi,2.27E-13,0
2007,Long An,27.54,31.86,24.58,78.22,2105.58,Lua mua,26.7,15.4
2007,Long An,27.54,31.86,24.58,78.22,2105.58,Ngo,26.6,4.6
2007,Long An,27.54,31.86,24.58,78.22,2105.58,San,8.6,0.9
2008,Long An,27.41,31.9,24.36,78.19,2043.91,Khoai,0.6,0.1
2008,Long An,27.41,31.9,24.36,78.19,2043.91,Lua dong xuan,1296.8,240
2008,Long An,27.41,31.9,24.36,78.19,2043.91,Lua he thu,834.5,201.7
2008,Long An,27.41,31.9,24.36,78.19,2043.91,Lua mi,0,0
2008,Long An,27.41,31.9,24.36,78.19,2043.91,Lua mua,46.8,15.3
2008,Long An,27.41,31.9,24.36,78.19,2043.91,Ngo,27.6,5.1
2008,Long An,27.41,31.9,24.36,78.19,2043.91,San,23.1,1.5
2009,Long An,27.58,32,24.54,79.08,1901.32,Khoai,0.3,0.1
2009,Long An,27.58,32,24.54,79.08,1901.32,Lua dong xuan,1322.8,249
2009,Long An,27.58,32,24.54,79.08,1901.32,Lua he thu,810.7,201.3
2009,Long An,27.58,32,24.54,79.08,1901.32,Lua mi,0,0
2009,Long An,27.58,32,24.54,79.08,1901.32,Lua mua,25.1,13.3
2009,Long An,27.58,32,24.54,79.08,1901.32,Ngo,19.5,4
2009,Long An,27.58,32,24.54,79.08,1901.32,San,15,1
2010,Long An,28.1,32.62,25.08,77.6,2191.16,Khoai,0.5,0.1
2010,Long An,28.1,32.62,25.08,77.6,2191.16,Lua dong xuan,1436.6,251.1
2010,Long An,28.1,32.62,25.08,77.6,2191.16,Lua he thu,828.8,207.7
2010,Long An,28.1,32.62,25.08,77.6,2191.16,Lua mi,0,0
2010,Long An,28.1,32.62,25.08,77.6,2191.16,Lua mua,39.4,12.3
2010,Long An,28.1,32.62,25.08,77.6,2191.16,Ngo,28.5,5.2
2010,Long An,28.1,32.62,25.08,77.6,2191.16,San,8.7,0.9
2011,Long An,27.5,31.86,24.55,78.1,2031.9,Khoai,1.2,0.2
2011,Long An,27.5,31.86,24.55,78.1,2031.9,Lua dong xuan,1486,254
2011,Long An,27.5,31.86,24.55,78.1,2031.9,Lua he thu,1031.5,220.2
2011,Long An,27.5,31.86,24.55,78.1,2031.9,Lua mi,0,5.68E-14
2011,Long An,27.5,31.86,24.55,78.1,2031.9,Lua mua,33.2,10
2011,Long An,27.5,31.86,24.55,78.1,2031.9,Ngo,25.9,4.9
2011,Long An,27.5,31.86,24.55,78.1,2031.9,San,231.6,1.5
2012,Long An,28.02,32.55,25.01,77.86,2072.93,Khoai,1,0.1
2012,Long An,28.02,32.55,25.01,77.86,2072.93,Lua dong xuan,1596.5,262.1
2012,Long An,28.02,32.55,25.01,77.86,2072.93,Lua he thu,1030.6,227.4
2012,Long An,28.02,32.55,25.01,77.86,2072.93,Lua mi,0,0
2012,Long An,28.02,32.55,25.01,77.86,2072.93,Lua mua,36.4,10.1
2012,Long An,28.02,32.55,25.01,77.86,2072.93,Ngo,23.8,4
2012,Long An,28.02,32.55,25.01,77.86,2072.93,San,20.9,1.3
2013,Long An,28.13,32.6,25.16,76.48,1933.87,Khoai,0.3,0
2013,Long An,28.13,32.6,25.16,76.48,1933.87,Lua dong xuan,1477.9,232.7
2013,Long An,28.13,32.6,25.16,76.48,1933.87,Lua he thu,1307.4,286.2
2013,Long An,28.13,32.6,25.16,76.48,1933.87,Lua mi,0,0
2013,Long An,28.13,32.6,25.16,76.48,1933.87,Lua mua,30.8,8.8
2013,Long An,28.13,32.6,25.16,76.48,1933.87,Ngo,22.4,3.9
2013,Long An,28.13,32.6,25.16,76.48,1933.87,San,23.2,1.3
2014,Long An,27.93,32.42,24.88,76.73,1786.15,Khoai,0.2,0
2014,Long An,27.93,32.42,24.88,76.73,1786.15,Lua dong xuan,1580.5,235.5
2014,Long An,27.93,32.42,24.88,76.73,1786.15,Lua he thu,1247.9,274.9
2014,Long An,27.93,32.42,24.88,76.73,1786.15,Lua mi,4.55E-13,-1.14E-13
2014,Long An,27.93,32.42,24.88,76.73,1786.15,Lua mua,32.2,8.8
2014,Long An,27.93,32.42,24.88,76.73,1786.15,Ngo,29.2,4.2
2014,Long An,27.93,32.42,24.88,76.73,1786.15,San,21.6,1.3
2015,Long An,28.34,32.96,25.17,75.04,1622.42,Khoai,0.4,0.1
2015,Long An,28.34,32.96,25.17,75.04,1622.42,Lua dong xuan,1569.7,233.9
2015,Long An,28.34,32.96,25.17,75.04,1622.42,Lua he thu,1331,283.9
2015,Long An,28.34,32.96,25.17,75.04,1622.42,Lua mi,0,-0.1
2015,Long An,28.34,32.96,25.17,75.04,1622.42,Lua mua,18,5.1
2015,Long An,28.34,32.96,25.17,75.04,1622.42,Ngo,29,4.2
2015,Long An,28.34,32.96,25.17,75.04,1622.42,San,17.9,1.2
2016,Long An,28.42,32.74,25.51,76.96,2008.72,Khoai,0.9,0.2
2016,Long An,28.42,32.74,25.51,76.96,2008.72,Lua dong xuan,1406.5,232.5
2016,Long An,28.42,32.74,25.51,76.96,2008.72,Lua he thu,1390.2,292.6
2016,Long An,28.42,32.74,25.51,76.96,2008.72,Lua mi,4.55E-13,0
2016,Long An,28.42,32.74,25.51,76.96,2008.72,Lua mua,5.5,2.3
2016,Long An,28.42,32.74,25.51,76.96,2008.72,Ngo,11.7,2.4
2016,Long An,28.42,32.74,25.51,76.96,2008.72,San,20.4,1.2
2017,Long An,27.98,32.15,25.17,79.51,2244.5,Khoai,0.7,0.1
2017,Long An,27.98,32.15,25.17,79.51,2244.5,Lua dong xuan,1310,234.2
2017,Long An,27.98,32.15,25.17,79.51,2244.5,Lua he thu,1327,290.3
2017,Long An,27.98,32.15,25.17,79.51,2244.5,Lua mi,0,0
2017,Long An,27.98,32.15,25.17,79.51,2244.5,Lua mua,6.2,2.2
2017,Long An,27.98,32.15,25.17,79.51,2244.5,Ngo,9,1.4
2017,Long An,27.98,32.15,25.17,79.51,2244.5,San,24.6,1.6
2018,Long An,28.08,32.31,25.25,77.96,2047.89,Khoai,0.1,8
2018,Long An,28.08,32.31,25.25,77.96,2047.89,Lua dong xuan,1441.3,235.6
2018,Long An,28.08,32.31,25.25,77.96,2047.89,Lua he thu,1354.4,273.5
2018,Long An,28.08,32.31,25.25,77.96,2047.89,Lua mi,0,0
2018,Long An,28.08,32.31,25.25,77.96,2047.89,Lua mua,7,2.2
2018,Long An,28.08,32.31,25.25,77.96,2047.89,Ngo,8.1,1.3
2018,Long An,28.08,32.31,25.25,77.96,2047.89,San,24,1.3
2019,Long An,28.25,32.63,25.19,76.24,1513.28,Khoai,0.1,9
2019,Long An,28.25,32.63,25.19,76.24,1513.28,Lua dong xuan,1471.3,232
2019,Long An,28.25,32.63,25.19,76.24,1513.28,Lua he thu,1295.9,272.2
2019,Long An,28.25,32.63,25.19,76.24,1513.28,Lua mi,0,-0.1
2019,Long An,28.25,32.63,25.19,76.24,1513.28,Lua mua,7.7,2.1
2019,Long An,28.25,32.63,25.19,76.24,1513.28,Ngo,3.9,0.7
2019,Long An,28.25,32.63,25.19,76.24,1513.28,San,32.7,1.8
2020,Long An,28.1,32.41,25.13,77.74,1736.86,Khoai,0.1,8
2020,Long An,28.1,32.41,25.13,77.74,1736.86,Lua dong xuan,1474.1,227.2
2020,Long An,28.1,32.41,25.13,77.74,1736.86,Lua he thu,1349.4,273.6
2020,Long An,28.1,32.41,25.13,77.74,1736.86,Lua mi,0,0
2020,Long An,28.1,32.41,25.13,77.74,1736.86,Lua mua,6.7,1.8
2020,Long An,28.1,32.41,25.13,77.74,1736.86,Ngo,2.5,0.4
2020,Long An,28.1,32.41,25.13,77.74,1736.86,San,26.4,1.9
2021,Long An,27.68,31.83,24.81,78.52,1977.49,Khoai,0.1,11
2021,Long An,27.68,31.83,24.81,78.52,1977.49,Lua dong xuan,1502.5,225.9
2021,Long An,27.68,31.83,24.81,78.52,1977.49,Lua he thu,1417.2,283.7
2021,Long An,27.68,31.83,24.81,78.52,1977.49,Lua mi,0,0
2021,Long An,27.68,31.83,24.81,78.52,1977.49,Lua mua,5.9,1.7
2021,Long An,27.68,31.83,24.81,78.52,1977.49,Ngo,1.6,0.3
2021,Long An,27.68,31.83,24.81,78.52,1977.49,San,19.4,1.4
2022,Long An,27.86,31.96,25.08,78.8,2143.16,Khoai,0.6,51.4
2022,Long An,27.86,31.96,25.08,78.8,2143.16,Lua dong xuan,1456.6,225.9
2022,Long An,27.86,31.96,25.08,78.8,2143.16,Lua he thu,1397.9,281.5
2022,Long An,27.86,31.96,25.08,78.8,2143.16,Lua mi,4.55E-13,-5.68E-14
2022,Long An,27.86,31.96,25.08,78.8,2143.16,Lua mua,6.6,1.6
2022,Long An,27.86,31.96,25.08,78.8,2143.16,Ngo,1.7,0.3
2022,Long An,27.86,31.96,25.08,78.8,2143.16,San,6.3,0.7
2023,Long An,28.07,32.14,25.16,79.61,1916.3,Khoai,0.4,31.5
2023,Long An,28.07,32.14,25.16,79.61,1916.3,Lua dong xuan,1526.6,225.2
2023,Long An,28.07,32.14,25.16,79.61,1916.3,Lua he thu,1549,289.8
2023,Long An,28.07,32.14,25.16,79.61,1916.3,Lua mi,-0.1,1.14E-13
2023,Long An,28.07,32.14,25.16,79.61,1916.3,Lua mua,5.4,1.3
2023,Long An,28.07,32.14,25.16,79.61,1916.3,Ngo,1.2,0.3
2023,Long An,28.07,32.14,25.16,79.61,1916.3,San,8.8,0.7
2024,Long An,28.68,32.76,25.75,78.1,1921.07,Khoai,0.6,53
2024,Long An,28.68,32.76,25.75,78.1,1921.07,Lua dong xuan,1557.1,235.7
2024,Long An,28.68,32.76,25.75,78.1,1921.07,Lua he thu,1659.3,302.1
2024,Long An,28.68,32.76,25.75,78.1,1921.07,Lua mi,0,1.14E-13
2024,Long An,28.68,32.76,25.75,78.1,1921.07,Lua mua,4.8,1.1
2024,Long An,28.68,32.76,25.75,78.1,1921.07,Ngo,1.4,0.3
2024,Long An,28.68,32.76,25.75,78.1,1921.07,San,12.7,1.1
1995,Nam Dinh,23.94,26.11,22.01,80.54,1540.93,Khoai,60.4,7.8
1995,Nam Dinh,23.94,26.11,22.01,80.54,1540.93,Lua dong xuan,435.8,80.9
1995,Nam Dinh,23.94,26.11,22.01,80.54,1540.93,Lua mi,0,0
1995,Nam Dinh,23.94,26.11,22.01,80.54,1540.93,Lua mua,351.4,82.6
1995,Nam Dinh,23.94,26.11,22.01,80.54,1540.93,Ngo,20,6.9
1996,Nam Dinh,23.78,26.12,21.73,80.71,2275.46,Khoai,68.2,8.5
1996,Nam Dinh,23.78,26.12,21.73,80.71,2275.46,Lua dong xuan,516.8,81.1
1996,Nam Dinh,23.78,26.12,21.73,80.71,2275.46,Lua mi,0,0
1996,Nam Dinh,23.78,26.12,21.73,80.71,2275.46,Lua mua,292.3,82
1996,Nam Dinh,23.78,26.12,21.73,80.71,2275.46,Ngo,22.9,7.4
1997,Nam Dinh,24.41,26.6,22.48,82.06,1951.28,Khoai,55.1,7.2
1997,Nam Dinh,24.41,26.6,22.48,82.06,1951.28,Lua dong xuan,531.3,81.7
1997,Nam Dinh,24.41,26.6,22.48,82.06,1951.28,Lua mi,0,0
1997,Nam Dinh,24.41,26.6,22.48,82.06,1951.28,Lua mua,373.1,83.4
1997,Nam Dinh,24.41,26.6,22.48,82.06,1951.28,Ngo,23.2,7.1
1998,Nam Dinh,25.12,27.5,23.06,79.28,1179.48,Khoai,47.5,6.2
1998,Nam Dinh,25.12,27.5,23.06,79.28,1179.48,Lua dong xuan,532.7,81.9
1998,Nam Dinh,25.12,27.5,23.06,79.28,1179.48,Lua mi,-1.14E-13,0
1998,Nam Dinh,25.12,27.5,23.06,79.28,1179.48,Lua mua,419.5,83.7
1998,Nam Dinh,25.12,27.5,23.06,79.28,1179.48,Ngo,19.1,6
1999,Nam Dinh,24.21,26.54,22.23,80.29,1508.65,Khoai,55.4,7
1999,Nam Dinh,24.21,26.54,22.23,80.29,1508.65,Lua dong xuan,537,81.9
1999,Nam Dinh,24.21,26.54,22.23,80.29,1508.65,Lua mi,1.14E-13,2.84E-14
1999,Nam Dinh,24.21,26.54,22.23,80.29,1508.65,Lua mua,436.8,83.8
1999,Nam Dinh,24.21,26.54,22.23,80.29,1508.65,Ngo,16.3,5.1
2000,Nam Dinh,24.02,26.31,22.01,81.49,1535.28,Khoai,52.1,7
2000,Nam Dinh,24.02,26.31,22.01,81.49,1535.28,Lua dong xuan,554.9,82.4
2000,Nam Dinh,24.02,26.31,22.01,81.49,1535.28,Lua mi,0,0
2000,Nam Dinh,24.02,26.31,22.01,81.49,1535.28,Lua mua,410.7,83.8
2000,Nam Dinh,24.02,26.31,22.01,81.49,1535.28,Ngo,10.9,3.4
2001,Nam Dinh,24.06,26.26,22.05,82.67,1940.3,Khoai,41.6,5.7
2001,Nam Dinh,24.06,26.26,22.05,82.67,1940.3,Lua dong xuan,553.4,82.1
2001,Nam Dinh,24.06,26.26,22.05,82.67,1940.3,Lua mi,-1.14E-13,-2.84E-14
2001,Nam Dinh,24.06,26.26,22.05,82.67,1940.3,Lua mua,417.3,83.2
2001,Nam Dinh,24.06,26.26,22.05,82.67,1940.3,Ngo,9.2,2.8
2002,Nam Dinh,24.37,26.66,22.39,82.79,1635.4,Khoai,41.9,5.6
2002,Nam Dinh,24.37,26.66,22.39,82.79,1635.4,Lua dong xuan,555.7,81.3
2002,Nam Dinh,24.37,26.66,22.39,82.79,1635.4,Lua mi,0,0
2002,Nam Dinh,24.37,26.66,22.39,82.79,1635.4,Lua mua,427.7,82.8
2002,Nam Dinh,24.37,26.66,22.39,82.79,1635.4,Ngo,10.1,2.9
2003,Nam Dinh,24.91,27.39,22.72,79.93,1341.28,Khoai,42.6,5.6
2003,Nam Dinh,24.91,27.39,22.72,79.93,1341.28,Lua dong xuan,556.3,80.9
2003,Nam Dinh,24.91,27.39,22.72,79.93,1341.28,Lua mi,-1.14E-13,0
2003,Nam Dinh,24.91,27.39,22.72,79.93,1341.28,Lua mua,389.9,82.1
2003,Nam Dinh,24.91,27.39,22.72,79.93,1341.28,Ngo,12.6,3.5
2004,Nam Dinh,24.05,26.51,21.86,80.35,1490.38,Khoai,33.3,4.3
2004,Nam Dinh,24.05,26.51,21.86,80.35,1490.38,Lua dong xuan,556.5,79.9
2004,Nam Dinh,24.05,26.51,21.86,80.35,1490.38,Lua mi,0,0
2004,Nam Dinh,24.05,26.51,21.86,80.35,1490.38,Lua mua,430.5,81.1
2004,Nam Dinh,24.05,26.51,21.86,80.35,1490.38,Ngo,15.6,4.1
2005,Nam Dinh,24.16,26.42,22.19,80.39,1755.07,Khoai,31.4,4.2
2005,Nam Dinh,24.16,26.42,22.19,80.39,1755.07,Lua dong xuan,547.7,78.3
2005,Nam Dinh,24.16,26.42,22.19,80.39,1755.07,Lua mi,0.1,0.1
2005,Nam Dinh,24.16,26.42,22.19,80.39,1755.07,Lua mua,234.9,80
2005,Nam Dinh,24.16,26.42,22.19,80.39,1755.07,Ngo,18.7,4.7
2006,Nam Dinh,24.57,27.02,22.47,79.89,1276.42,Khoai,34.3,4.1
2006,Nam Dinh,24.57,27.02,22.47,79.89,1276.42,Lua dong xuan,547.6,77.6
2006,Nam Dinh,24.57,27.02,22.47,79.89,1276.42,Lua mi,0.1,0.1
2006,Nam Dinh,24.57,27.02,22.47,79.89,1276.42,Lua mua,416.7,79.7
2006,Nam Dinh,24.57,27.02,22.47,79.89,1276.42,Ngo,19.7,5.1
2007,Nam Dinh,24.36,26.82,22.22,79.87,1499.85,Khoai,32.9,3.9
2007,Nam Dinh,24.36,26.82,22.22,79.87,1499.85,Lua dong xuan,516.9,77
2007,Nam Dinh,24.36,26.82,22.22,79.87,1499.85,Lua mi,0,-0.6
2007,Nam Dinh,24.36,26.82,22.22,79.87,1499.85,Lua mua,414.9,79.1
2007,Nam Dinh,24.36,26.82,22.22,79.87,1499.85,Ngo,17.1,4.1
2008,Nam Dinh,23.67,26.08,21.54,79.82,1675.64,Khoai,29.8,3.5
2008,Nam Dinh,23.67,26.08,21.54,79.82,1675.64,Lua dong xuan,519.4,76.9
2008,Nam Dinh,23.67,26.08,21.54,79.82,1675.64,Lua mi,0,-1.9
2008,Nam Dinh,23.67,26.08,21.54,79.82,1675.64,Lua mua,409.6,79.8
2008,Nam Dinh,23.67,26.08,21.54,79.82,1675.64,Ngo,19.1,4.6
2009,Nam Dinh,24.62,27.04,22.49,80.27,1718.32,Khoai,20,2.3
2009,Nam Dinh,24.62,27.04,22.49,80.27,1718.32,Lua dong xuan,528.8,78.3
2009,Nam Dinh,24.62,27.04,22.49,80.27,1718.32,Lua mi,0,0
2009,Nam Dinh,24.62,27.04,22.49,80.27,1718.32,Lua mua,360.3,80.3
2009,Nam Dinh,24.62,27.04,22.49,80.27,1718.32,Ngo,17.9,4.4
2010,Nam Dinh,24.73,27.09,22.62,80.11,2036.89,Khoai,21.7,2.4
2010,Nam Dinh,24.73,27.09,22.62,80.11,2036.89,Lua dong xuan,532.5,78.1
2010,Nam Dinh,24.73,27.09,22.62,80.11,2036.89,Lua mi,0,0
2010,Nam Dinh,24.73,27.09,22.62,80.11,2036.89,Lua mua,419.5,80.9
2010,Nam Dinh,24.73,27.09,22.62,80.11,2036.89,Ngo,20.5,4.9
2011,Nam Dinh,23.24,25.45,21.22,79.69,1948.88,Khoai,18.7,2.1
2011,Nam Dinh,23.24,25.45,21.22,79.69,1948.88,Lua dong xuan,537.2,78.1
2011,Nam Dinh,23.24,25.45,21.22,79.69,1948.88,Lua mi,0,0
2011,Nam Dinh,23.24,25.45,21.22,79.69,1948.88,Lua mua,394.4,80.3
2011,Nam Dinh,23.24,25.45,21.22,79.69,1948.88,Ngo,21,5
2012,Nam Dinh,24.32,26.51,22.33,82.14,1979.12,Khoai,18.3,2.1
2012,Nam Dinh,24.32,26.51,22.33,82.14,1979.12,Lua dong xuan,535.2,77.7
2012,Nam Dinh,24.32,26.51,22.33,82.14,1979.12,Lua mi,1.14E-13,0
2012,Nam Dinh,24.32,26.51,22.33,82.14,1979.12,Lua mua,398.6,79.6
2012,Nam Dinh,24.32,26.51,22.33,82.14,1979.12,Ngo,19.9,4.7
2013,Nam Dinh,24.2,26.51,22.17,81.17,2295.73,Khoai,17.4,1.9
2013,Nam Dinh,24.2,26.51,22.17,81.17,2295.73,Lua dong xuan,527.8,76.5
2013,Nam Dinh,24.2,26.51,22.17,81.17,2295.73,Lua mi,0,0
2013,Nam Dinh,24.2,26.51,22.17,81.17,2295.73,Lua mua,386.8,78.9
2013,Nam Dinh,24.2,26.51,22.17,81.17,2295.73,Ngo,17.8,4.2
2014,Nam Dinh,24.44,26.71,22.37,81.47,1710.7,Khoai,15.8,1.8
2014,Nam Dinh,24.44,26.71,22.37,81.47,1710.7,Lua dong xuan,527.5,76.3
2014,Nam Dinh,24.44,26.71,22.37,81.47,1710.7,Lua mi,-1.14E-13,-2.84E-14
2014,Nam Dinh,24.44,26.71,22.37,81.47,1710.7,Lua mua,410.2,78.6
2014,Nam Dinh,24.44,26.71,22.37,81.47,1710.7,Ngo,18.6,4.3
2015,Nam Dinh,25.22,27.53,23.18,80.87,1964.26,Khoai,14.9,1.7
2015,Nam Dinh,25.22,27.53,23.18,80.87,1964.26,Lua dong xuan,526.8,76.1
2015,Nam Dinh,25.22,27.53,23.18,80.87,1964.26,Lua mi,-1.14E-13,0.1
2015,Nam Dinh,25.22,27.53,23.18,80.87,1964.26,Lua mua,408.4,78.3
2015,Nam Dinh,25.22,27.53,23.18,80.87,1964.26,Ngo,19.6,4.4
2016,Nam Dinh,24.75,27.07,22.68,80.1,1690.47,Khoai,13.7,1.5
2016,Nam Dinh,24.75,27.07,22.68,80.1,1690.47,Lua dong xuan,525.5,75.7
2016,Nam Dinh,24.75,27.07,22.68,80.1,1690.47,Lua mi,0.2,0.1
2016,Nam Dinh,24.75,27.07,22.68,80.1,1690.47,Lua mua,398.4,77.3
2016,Nam Dinh,24.75,27.07,22.68,80.1,1690.47,Ngo,19.7,4.4
2017,Nam Dinh,24.64,26.83,22.71,80.76,2045.06,Khoai,13.2,1.4
2017,Nam Dinh,24.64,26.83,22.71,80.76,2045.06,Lua dong xuan,517.3,74.5
2017,Nam Dinh,24.64,26.83,22.71,80.76,2045.06,Lua mi,0.1,2.84E-14
2017,Nam Dinh,24.64,26.83,22.71,80.76,2045.06,Lua mua,324.6,76.6
2017,Nam Dinh,24.64,26.83,22.71,80.76,2045.06,Ngo,21.7,4.7
2018,Nam Dinh,24.59,26.85,22.63,81.53,2235.68,Khoai,13,1343
2018,Nam Dinh,24.59,26.85,22.63,81.53,2235.68,Lua dong xuan,514,73.9
2018,Nam Dinh,24.59,26.85,22.63,81.53,2235.68,Lua mi,0.1,2.84E-14
2018,Nam Dinh,24.59,26.85,22.63,81.53,2235.68,Lua mua,377.2,75.2
2018,Nam Dinh,24.59,26.85,22.63,81.53,2235.68,Ngo,19.9,4.2
2019,Nam Dinh,25.54,27.86,23.51,81.34,1634.89,Khoai,15.9,1359
2019,Nam Dinh,25.54,27.86,23.51,81.34,1634.89,Lua dong xuan,509.8,73.5
2019,Nam Dinh,25.54,27.86,23.51,81.34,1634.89,Lua mi,-0.1,-0.1
2019,Nam Dinh,25.54,27.86,23.51,81.34,1634.89,Lua mua,378.4,73.5
2019,Nam Dinh,25.54,27.86,23.51,81.34,1634.89,Ngo,17.8,3.7
2020,Nam Dinh,25.13,27.26,23.2,80.03,1802.74,Khoai,14.5,1195
2020,Nam Dinh,25.13,27.26,23.2,80.03,1802.74,Lua dong xuan,503.3,72.5
2020,Nam Dinh,25.13,27.26,23.2,80.03,1802.74,Lua mi,-1.14E-13,-2.84E-14
2020,Nam Dinh,25.13,27.26,23.2,80.03,1802.74,Lua mua,379.9,72.9
2020,Nam Dinh,25.13,27.26,23.2,80.03,1802.74,Ngo,16.7,3.3
2021,Nam Dinh,24.97,27.27,22.95,79.26,1669.17,Khoai,12.6,1033
2021,Nam Dinh,24.97,27.27,22.95,79.26,1669.17,Lua dong xuan,499,71.8
2021,Nam Dinh,24.97,27.27,22.95,79.26,1669.17,Lua mi,-1.14E-13,0
2021,Nam Dinh,24.97,27.27,22.95,79.26,1669.17,Lua mua,380.2,73.1
2021,Nam Dinh,24.97,27.27,22.95,79.26,1669.17,Ngo,15.1,2.9
2022,Nam Dinh,24.5,26.8,22.42,80.23,1843.51,Khoai,10.7,857.1
2022,Nam Dinh,24.5,26.8,22.42,80.23,1843.51,Lua dong xuan,493.2,71
2022,Nam Dinh,24.5,26.8,22.42,80.23,1843.51,Lua mi,0.1,0.1
2022,Nam Dinh,24.5,26.8,22.42,80.23,1843.51,Lua mua,380.9,72
2022,Nam Dinh,24.5,26.8,22.42,80.23,1843.51,Ngo,15.3,2.9
2023,Nam Dinh,25.25,27.53,23.16,79.51,1377.05,Khoai,10.6,840.3
2023,Nam Dinh,25.25,27.53,23.16,79.51,1377.05,Lua dong xuan,489.3,70.4
2023,Nam Dinh,25.25,27.53,23.16,79.51,1377.05,Lua mi,0,0
2023,Nam Dinh,25.25,27.53,23.16,79.51,1377.05,Lua mua,376.6,71.2
2023,Nam Dinh,25.25,27.53,23.16,79.51,1377.05,Ngo,15,2.8
2024,Nam Dinh,25.37,27.55,23.4,80.58,2221.13,Khoai,9.9,770.9
2024,Nam Dinh,25.37,27.55,23.4,80.58,2221.13,Lua dong xuan,488.5,70.3
2024,Nam Dinh,25.37,27.55,23.4,80.58,2221.13,Lua mi,-0.1,0.1
2024,Nam Dinh,25.37,27.55,23.4,80.58,2221.13,Lua mua,354.6,70.8
2024,Nam Dinh,25.37,27.55,23.4,80.58,2221.13,Ngo,15,2.8
1995,Nghe An,22.12,26,19.17,83.79,1654.39,Khoai,133.4,34.1
1995,Nghe An,22.12,26,19.17,83.79,1654.39,Lua dong xuan,306.3,79.1
1995,Nghe An,22.12,26,19.17,83.79,1654.39,Lua he thu,143.8,44.8
1995,Nghe An,22.12,26,19.17,83.79,1654.39,Lua mi,1.14E-13,2.84E-14
1995,Nghe An,22.12,26,19.17,83.79,1654.39,Lua mua,122.3,64.3
1995,Nghe An,22.12,26,19.17,83.79,1654.39,Ngo,32.8,24.7
1995,Nghe An,22.12,26,19.17,83.79,1654.39,San,50.2,11.3
1996,Nghe An,22.01,25.91,18.96,83.41,2155.65,Khoai,168.1,33.3
1996,Nghe An,22.01,25.91,18.96,83.41,2155.65,Lua dong xuan,303.7,78.6
1996,Nghe An,22.01,25.91,18.96,83.41,2155.65,Lua he thu,112.2,42.3
1996,Nghe An,22.01,25.91,18.96,83.41,2155.65,Lua mi,0,0
1996,Nghe An,22.01,25.91,18.96,83.41,2155.65,Lua mua,113.4,64
1996,Nghe An,22.01,25.91,18.96,83.41,2155.65,Ngo,56,27
1996,Nghe An,22.01,25.91,18.96,83.41,2155.65,San,66.3,11
1997,Nghe An,22.63,26.55,19.72,83.92,1661.55,Khoai,153.9,30.8
1997,Nghe An,22.63,26.55,19.72,83.92,1661.55,Lua dong xuan,354.6,80.1
1997,Nghe An,22.63,26.55,19.72,83.92,1661.55,Lua he thu,181,48.4
1997,Nghe An,22.63,26.55,19.72,83.92,1661.55,Lua mi,0,0
1997,Nghe An,22.63,26.55,19.72,83.92,1661.55,Lua mua,121,59.4
1997,Nghe An,22.63,26.55,19.72,83.92,1661.55,Ngo,70.8,35
1997,Nghe An,22.63,26.55,19.72,83.92,1661.55,San,43.6,10.9
1998,Nghe An,23.42,27.72,20.11,80.82,1145.25,Khoai,176.9,29.5
1998,Nghe An,23.42,27.72,20.11,80.82,1145.25,Lua dong xuan,351.8,80.7
1998,Nghe An,23.42,27.72,20.11,80.82,1145.25,Lua he thu,157.7,48.9
1998,Nghe An,23.42,27.72,20.11,80.82,1145.25,Lua mi,-1.14E-13,2.84E-14
1998,Nghe An,23.42,27.72,20.11,80.82,1145.25,Lua mua,98.6,54.6
1998,Nghe An,23.42,27.72,20.11,80.82,1145.25,Ngo,65.7,31.1
1998,Nghe An,23.42,27.72,20.11,80.82,1145.25,San,63.1,10.6
1999,Nghe An,22.43,26.39,19.44,82.9,1499.85,Khoai,180.8,32.2
1999,Nghe An,22.43,26.39,19.44,82.9,1499.85,Lua dong xuan,334.2,72.7
1999,Nghe An,22.43,26.39,19.44,82.9,1499.85,Lua he thu,199,48.5
1999,Nghe An,22.43,26.39,19.44,82.9,1499.85,Lua mi,1.14E-13,-2.84E-14
1999,Nghe An,22.43,26.39,19.44,82.9,1499.85,Lua mua,101.1,55.2
1999,Nghe An,22.43,26.39,19.44,82.9,1499.85,Ngo,80.4,37.7
1999,Nghe An,22.43,26.39,19.44,82.9,1499.85,San,66.9,10.3
2000,Nghe An,22.23,26.06,19.29,84.47,1754.05,Khoai,148.4,29.5
2000,Nghe An,22.23,26.06,19.29,84.47,1754.05,Lua dong xuan,423.5,82.1
2000,Nghe An,22.23,26.06,19.29,84.47,1754.05,Lua he thu,208.4,51.3
2000,Nghe An,22.23,26.06,19.29,84.47,1754.05,Lua mi,0.1,0.1
2000,Nghe An,22.23,26.06,19.29,84.47,1754.05,Lua mua,121.7,53.4
2000,Nghe An,22.23,26.06,19.29,84.47,1754.05,Ngo,78.7,37.5
2000,Nghe An,22.23,26.06,19.29,84.47,1754.05,San,68.5,11.2
2001,Nghe An,22.37,26.07,19.45,85.84,1924.93,Khoai,182.4,30.1
2001,Nghe An,22.37,26.07,19.45,85.84,1924.93,Lua dong xuan,452.7,84.4
2001,Nghe An,22.37,26.07,19.45,85.84,1924.93,Lua he thu,208.9,52.9
2001,Nghe An,22.37,26.07,19.45,85.84,1924.93,Lua mi,-1.14E-13,0
2001,Nghe An,22.37,26.07,19.45,85.84,1924.93,Lua mua,119.5,51.8
2001,Nghe An,22.37,26.07,19.45,85.84,1924.93,Ngo,90.2,33.9
2001,Nghe An,22.37,26.07,19.45,85.84,1924.93,San,61.6,10.2
2002,Nghe An,22.69,26.54,19.75,85.01,1787.7,Khoai,163.2,28.2
2002,Nghe An,22.69,26.54,19.75,85.01,1787.7,Lua dong xuan,488.5,85
2002,Nghe An,22.69,26.54,19.75,85.01,1787.7,Lua he thu,232.5,53.5
2002,Nghe An,22.69,26.54,19.75,85.01,1787.7,Lua mi,0,0
2002,Nghe An,22.69,26.54,19.75,85.01,1787.7,Lua mua,115.5,49.8
2002,Nghe An,22.69,26.54,19.75,85.01,1787.7,Ngo,100.5,35.5
2002,Nghe An,22.69,26.54,19.75,85.01,1787.7,San,78.4,9.9
2003,Nghe An,22.94,27.22,19.59,83.03,1527.64,Khoai,146.2,24.5
2003,Nghe An,22.94,27.22,19.59,83.03,1527.64,Lua dong xuan,493.7,85.2
2003,Nghe An,22.94,27.22,19.59,83.03,1527.64,Lua he thu,234,55.9
2003,Nghe An,22.94,27.22,19.59,83.03,1527.64,Lua mi,0,0
2003,Nghe An,22.94,27.22,19.59,83.03,1527.64,Lua mua,112.4,46
2003,Nghe An,22.94,27.22,19.59,83.03,1527.64,Ngo,141.6,45.1
2003,Nghe An,22.94,27.22,19.59,83.03,1527.64,San,149.9,11.3
2004,Nghe An,22.1,26.14,18.86,84.03,1592.75,Khoai,131.6,20.4
2004,Nghe An,22.1,26.14,18.86,84.03,1592.75,Lua dong xuan,501.2,83.7
2004,Nghe An,22.1,26.14,18.86,84.03,1592.75,Lua he thu,264.3,57.3
2004,Nghe An,22.1,26.14,18.86,84.03,1592.75,Lua mi,0,0
2004,Nghe An,22.1,26.14,18.86,84.03,1592.75,Lua mua,115.1,41.5
2004,Nghe An,22.1,26.14,18.86,84.03,1592.75,Ngo,217.3,60.3
2004,Nghe An,22.1,26.14,18.86,84.03,1592.75,San,198.3,12.5
2005,Nghe An,22.5,26.45,19.36,82.84,1886.74,Khoai,103.1,15.9
2005,Nghe An,22.5,26.45,19.36,82.84,1886.74,Lua dong xuan,494.6,83.5
2005,Nghe An,22.5,26.45,19.36,82.84,1886.74,Lua he thu,218.4,55.7
2005,Nghe An,22.5,26.45,19.36,82.84,1886.74,Lua mi,0,0
2005,Nghe An,22.5,26.45,19.36,82.84,1886.74,Lua mua,109.1,41
2005,Nghe An,22.5,26.45,19.36,82.84,1886.74,Ngo,218.6,64.4
2005,Nghe An,22.5,26.45,19.36,82.84,1886.74,San,248.2,13.9
2006,Nghe An,22.87,26.96,19.66,82.66,1488.2,Khoai,90.9,14.5
2006,Nghe An,22.87,26.96,19.66,82.66,1488.2,Lua dong xuan,529.5,84.3
2006,Nghe An,22.87,26.96,19.66,82.66,1488.2,Lua he thu,271.7,59.5
2006,Nghe An,22.87,26.96,19.66,82.66,1488.2,Lua mi,0,2.84E-14
2006,Nghe An,22.87,26.96,19.66,82.66,1488.2,Lua mua,110.1,38.4
2006,Nghe An,22.87,26.96,19.66,82.66,1488.2,Ngo,232.5,67.1
2006,Nghe An,22.87,26.96,19.66,82.66,1488.2,San,313.4,15.2
2007,Nghe An,22.83,27.01,19.46,80.9,1627.21,Khoai,78.3,12.9
2007,Nghe An,22.83,27.01,19.46,80.9,1627.21,Lua dong xuan,464,84.1
2007,Nghe An,22.83,27.01,19.46,80.9,1627.21,Lua he thu,281,59.6
2007,Nghe An,22.83,27.01,19.46,80.9,1627.21,Lua mi,0.1,-1.8
2007,Nghe An,22.83,27.01,19.46,80.9,1627.21,Lua mua,101.8,37.5
2007,Nghe An,22.83,27.01,19.46,80.9,1627.21,Ngo,206.9,59.6
2007,Nghe An,22.83,27.01,19.46,80.9,1627.21,San,324.8,16.2
2008,Nghe An,21.88,25.64,18.87,83.9,1893.9,Khoai,78.2,12.2
2008,Nghe An,21.88,25.64,18.87,83.9,1893.9,Lua dong xuan,517.2,84.5
2008,Nghe An,21.88,25.64,18.87,83.9,1893.9,Lua he thu,292.7,56.9
2008,Nghe An,21.88,25.64,18.87,83.9,1893.9,Lua mi,0.1,-1.4
2008,Nghe An,21.88,25.64,18.87,83.9,1893.9,Lua mua,124.4,41.7
2008,Nghe An,21.88,25.64,18.87,83.9,1893.9,Ngo,223.3,61.4
2008,Nghe An,21.88,25.64,18.87,83.9,1893.9,San,374.1,19.3
2009,Nghe An,22.87,27.08,19.55,82.12,1488.99,Khoai,67.6,11.1
2009,Nghe An,22.87,27.08,19.55,82.12,1488.99,Lua dong xuan,542,86.3
2009,Nghe An,22.87,27.08,19.55,82.12,1488.99,Lua he thu,285.8,65.6
2009,Nghe An,22.87,27.08,19.55,82.12,1488.99,Lua mi,0,0
2009,Nghe An,22.87,27.08,19.55,82.12,1488.99,Lua mua,71,32.5
2009,Nghe An,22.87,27.08,19.55,82.12,1488.99,Ngo,186,54
2009,Nghe An,22.87,27.08,19.55,82.12,1488.99,San,377.2,18.8
2010,Nghe An,23.24,27.5,19.89,81.79,2021.55,Khoai,74.4,11.4
2010,Nghe An,23.24,27.5,19.89,81.79,2021.55,Lua dong xuan,540.9,87.5
2010,Nghe An,23.24,27.5,19.89,81.79,2021.55,Lua he thu,201.3,58.2
2010,Nghe An,23.24,27.5,19.89,81.79,2021.55,Lua mi,0,0
2010,Nghe An,23.24,27.5,19.89,81.79,2021.55,Lua mua,86.4,37.7
2010,Nghe An,23.24,27.5,19.89,81.79,2021.55,Ngo,234.6,62.9
2010,Nghe An,23.24,27.5,19.89,81.79,2021.55,San,382.2,17.3
2011,Nghe An,21.38,24.85,18.58,85.87,2074.08,Khoai,68.9,10.4
2011,Nghe An,21.38,24.85,18.58,85.87,2074.08,Lua dong xuan,576.6,88.4
2011,Nghe An,21.38,24.85,18.58,85.87,2074.08,Lua he thu,251.9,54.3
2011,Nghe An,21.38,24.85,18.58,85.87,2074.08,Lua mi,0.1,0
2011,Nghe An,21.38,24.85,18.58,85.87,2074.08,Lua mua,131.4,43.3
2011,Nghe An,21.38,24.85,18.58,85.87,2074.08,Ngo,211.6,57.9
2011,Nghe An,21.38,24.85,18.58,85.87,2074.08,San,458.6,21
2012,Nghe An,22.86,26.83,19.83,84.82,1581.44,Khoai,55.1,8.7
2012,Nghe An,22.86,26.83,19.83,84.82,1581.44,Lua dong xuan,577.4,88.7
2012,Nghe An,22.86,26.83,19.83,84.82,1581.44,Lua he thu,268.2,59.4
2012,Nghe An,22.86,26.83,19.83,84.82,1581.44,Lua mi,0.1,0.1
2012,Nghe An,22.86,26.83,19.83,84.82,1581.44,Lua mua,124.2,38
2012,Nghe An,22.86,26.83,19.83,84.82,1581.44,Ngo,200.6,55.8
2012,Nghe An,22.86,26.83,19.83,84.82,1581.44,San,429.1,19.3
2013,Nghe An,22.47,26.32,19.39,84.41,2180.88,Khoai,52.7,8.1
2013,Nghe An,22.47,26.32,19.39,84.41,2180.88,Lua dong xuan,543.2,88.7
2013,Nghe An,22.47,26.32,19.39,84.41,2180.88,Lua he thu,271.3,59.9
2013,Nghe An,22.47,26.32,19.39,84.41,2180.88,Lua mi,0.1,0.1
2013,Nghe An,22.47,26.32,19.39,84.41,2180.88,Lua mua,115.6,35.6
2013,Nghe An,22.47,26.32,19.39,84.41,2180.88,Ngo,230.4,56.2
2013,Nghe An,22.47,26.32,19.39,84.41,2180.88,San,424.5,18.3
2014,Nghe An,22.85,26.99,19.64,83.89,1457.93,Khoai,40.9,6.3
2014,Nghe An,22.85,26.99,19.64,83.89,1457.93,Lua dong xuan,595.6,90.2
2014,Nghe An,22.85,26.99,19.64,83.89,1457.93,Lua he thu,281.6,59.3
2014,Nghe An,22.85,26.99,19.64,83.89,1457.93,Lua mi,0.1,0.1
2014,Nghe An,22.85,26.99,19.64,83.89,1457.93,Lua mua,135.3,38.4
2014,Nghe An,22.85,26.99,19.64,83.89,1457.93,Ngo,193.1,55.7
2014,Nghe An,22.85,26.99,19.64,83.89,1457.93,San,379.7,16.5
2015,Nghe An,23.73,28.01,20.44,81.51,1460.76,Khoai,40.8,6.1
2015,Nghe An,23.73,28.01,20.44,81.51,1460.76,Lua dong xuan,569.7,91.7
2015,Nghe An,23.73,28.01,20.44,81.51,1460.76,Lua he thu,275,55.6
2015,Nghe An,23.73,28.01,20.44,81.51,1460.76,Lua mi,0.1,0
2015,Nghe An,23.73,28.01,20.44,81.51,1460.76,Lua mua,134.1,39.3
2015,Nghe An,23.73,28.01,20.44,81.51,1460.76,Ngo,235.5,58.9
2015,Nghe An,23.73,28.01,20.44,81.51,1460.76,San,384.8,17.4
2016,Nghe An,23.38,27.58,20.11,81.66,1738.73,Khoai,34.5,5.3
2016,Nghe An,23.38,27.58,20.11,81.66,1738.73,Lua dong xuan,601.1,91.5
2016,Nghe An,23.38,27.58,20.11,81.66,1738.73,Lua he thu,270.2,54.6
2016,Nghe An,23.38,27.58,20.11,81.66,1738.73,Lua mi,0.1,0.1
2016,Nghe An,23.38,27.58,20.11,81.66,1738.73,Lua mua,136.1,39.9
2016,Nghe An,23.38,27.58,20.11,81.66,1738.73,Ngo,250.1,58.7
2016,Nghe An,23.38,27.58,20.11,81.66,1738.73,San,437,19.3
2017,Nghe An,23.05,26.78,20.15,83.59,1941.96,Khoai,26.4,4.1
2017,Nghe An,23.05,26.78,20.15,83.59,1941.96,Lua dong xuan,606.7,92.1
2017,Nghe An,23.05,26.78,20.15,83.59,1941.96,Lua he thu,289.8,59.5
2017,Nghe An,23.05,26.78,20.15,83.59,1941.96,Lua mi,0.1,0
2017,Nghe An,23.05,26.78,20.15,83.59,1941.96,Lua mua,118.6,37
2017,Nghe An,23.05,26.78,20.15,83.59,1941.96,Ngo,241.9,56
2017,Nghe An,23.05,26.78,20.15,83.59,1941.96,San,345.4,15.5
2018,Nghe An,23.1,27.02,20.11,83.37,2070.43,Khoai,25.4,4090
2018,Nghe An,23.1,27.02,20.11,83.37,2070.43,Lua dong xuan,622.9,92.4
2018,Nghe An,23.1,27.02,20.11,83.37,2070.43,Lua he thu,263.8,59
2018,Nghe An,23.1,27.02,20.11,83.37,2070.43,Lua mi,0,0
2018,Nghe An,23.1,27.02,20.11,83.37,2070.43,Lua mua,122.4,35
2018,Nghe An,23.1,27.02,20.11,83.37,2070.43,Ngo,207,48.4
2018,Nghe An,23.1,27.02,20.11,83.37,2070.43,San,305.2,13.6
2019,Nghe An,24.05,28.25,20.83,82.26,1684.56,Khoai,26.6,3877
2019,Nghe An,24.05,28.25,20.83,82.26,1684.56,Lua dong xuan,611.4,92.4
2019,Nghe An,24.05,28.25,20.83,82.26,1684.56,Lua he thu,242.5,60.3
2019,Nghe An,24.05,28.25,20.83,82.26,1684.56,Lua mi,0.1,2.84E-14
2019,Nghe An,24.05,28.25,20.83,82.26,1684.56,Lua mua,92.2,29
2019,Nghe An,24.05,28.25,20.83,82.26,1684.56,Ngo,214.2,47.7
2019,Nghe An,24.05,28.25,20.83,82.26,1684.56,San,324.3,14.7
2020,Nghe An,23.66,27.62,20.55,81.87,1900.21,Khoai,25,3625
2020,Nghe An,23.66,27.62,20.55,81.87,1900.21,Lua dong xuan,613.7,92.3
2020,Nghe An,23.66,27.62,20.55,81.87,1900.21,Lua he thu,264.2,59.1
2020,Nghe An,23.66,27.62,20.55,81.87,1900.21,Lua mi,0.1,-0.1
2020,Nghe An,23.66,27.62,20.55,81.87,1900.21,Lua mua,96.4,28.9
2020,Nghe An,23.66,27.62,20.55,81.87,1900.21,Ngo,203.4,45.5
2020,Nghe An,23.66,27.62,20.55,81.87,1900.21,San,315.8,13.5
2021,Nghe An,23.22,27.17,20.07,82.51,1853.8,Khoai,24.3,3442
2021,Nghe An,23.22,27.17,20.07,82.51,1853.8,Lua dong xuan,629.9,91.7
2021,Nghe An,23.22,27.17,20.07,82.51,1853.8,Lua he thu,318,61.8
2021,Nghe An,23.22,27.17,20.07,82.51,1853.8,Lua mi,-0.1,-2.84E-14
2021,Nghe An,23.22,27.17,20.07,82.51,1853.8,Lua mua,95.3,25.9
2021,Nghe An,23.22,27.17,20.07,82.51,1853.8,Ngo,207.8,45.7
2021,Nghe An,23.22,27.17,20.07,82.51,1853.8,San,322.1,13.7
2022,Nghe An,23.01,26.93,19.93,82.37,1756.6,Khoai,24.6,3433.8
2022,Nghe An,23.01,26.93,19.93,82.37,1756.6,Lua dong xuan,607.6,91.5
2022,Nghe An,23.01,26.93,19.93,82.37,1756.6,Lua he thu,309.9,60.2
2022,Nghe An,23.01,26.93,19.93,82.37,1756.6,Lua mi,0,2.84E-14
2022,Nghe An,23.01,26.93,19.93,82.37,1756.6,Lua mua,78,21.4
2022,Nghe An,23.01,26.93,19.93,82.37,1756.6,Ngo,211.6,45.8
2022,Nghe An,23.01,26.93,19.93,82.37,1756.6,San,333.3,13
2023,Nghe An,23.68,27.75,20.43,81.28,1538.12,Khoai,23.4,3161.1
2023,Nghe An,23.68,27.75,20.43,81.28,1538.12,Lua dong xuan,628.3,91.3
2023,Nghe An,23.68,27.75,20.43,81.28,1538.12,Lua he thu,291.7,57
2023,Nghe An,23.68,27.75,20.43,81.28,1538.12,Lua mi,0,0
2023,Nghe An,23.68,27.75,20.43,81.28,1538.12,Lua mua,82.2,20.8
2023,Nghe An,23.68,27.75,20.43,81.28,1538.12,Ngo,219.6,46.7
2023,Nghe An,23.68,27.75,20.43,81.28,1538.12,San,302.8,13
2024,Nghe An,23.72,27.63,20.68,83.71,2057.82,Khoai,24.3,3255.3
2024,Nghe An,23.72,27.63,20.68,83.71,2057.82,Lua dong xuan,628.6,91
2024,Nghe An,23.72,27.63,20.68,83.71,2057.82,Lua he thu,302.9,56.9
2024,Nghe An,23.72,27.63,20.68,83.71,2057.82,Lua mi,0,0
2024,Nghe An,23.72,27.63,20.68,83.71,2057.82,Lua mua,83.4,20.3
2024,Nghe An,23.72,27.63,20.68,83.71,2057.82,Ngo,219.3,46.2
2024,Nghe An,23.72,27.63,20.68,83.71,2057.82,San,289.5,12.5
1995,Ninh Binh,23.59,26.55,21.18,81.62,1583.04,Khoai,21.5,4.6
1995,Ninh Binh,23.59,26.55,21.18,81.62,1583.04,Lua dong xuan,178,40.9
1995,Ninh Binh,23.59,26.55,21.18,81.62,1583.04,Lua mi,-5.68E-14,0
1995,Ninh Binh,23.59,26.55,21.18,81.62,1583.04,Lua mua,138.8,39.4
1995,Ninh Binh,23.59,26.55,21.18,81.62,1583.04,Ngo,10.1,5.2
1996,Ninh Binh,23.49,26.68,20.87,81.28,2245.59,Khoai,13,3.3
1996,Ninh Binh,23.49,26.68,20.87,81.28,2245.59,Lua dong xuan,214.1,41.3
1996,Ninh Binh,23.49,26.68,20.87,81.28,2245.59,Lua mi,0,-1.42E-14
1996,Ninh Binh,23.49,26.68,20.87,81.28,2245.59,Lua mua,62.8,26.1
1996,Ninh Binh,23.49,26.68,20.87,81.28,2245.59,Ngo,13.3,6.9
1997,Ninh Binh,24.16,27.18,21.75,82.39,1807.11,Khoai,22.6,3.6
1997,Ninh Binh,24.16,27.18,21.75,82.39,1807.11,Lua dong xuan,225.6,41.6
1997,Ninh Binh,24.16,27.18,21.75,82.39,1807.11,Lua mi,0,-1.42E-14
1997,Ninh Binh,24.16,27.18,21.75,82.39,1807.11,Lua mua,149.2,39.3
1997,Ninh Binh,24.16,27.18,21.75,82.39,1807.11,Ngo,21.4,7.7
1998,Ninh Binh,24.88,28.15,22.22,79.56,1195.22,Khoai,20.8,3.7
1998,Ninh Binh,24.88,28.15,22.22,79.56,1195.22,Lua dong xuan,228.7,41.9
1998,Ninh Binh,24.88,28.15,22.22,79.56,1195.22,Lua mi,-5.68E-14,1.42E-14
1998,Ninh Binh,24.88,28.15,22.22,79.56,1195.22,Lua mua,176.6,39.7
1998,Ninh Binh,24.88,28.15,22.22,79.56,1195.22,Ngo,19.1,6.8
1999,Ninh Binh,23.97,27.12,21.46,81.24,1610.87,Khoai,23.3,3.9
1999,Ninh Binh,23.97,27.12,21.46,81.24,1610.87,Lua dong xuan,231.7,42
1999,Ninh Binh,23.97,27.12,21.46,81.24,1610.87,Lua mi,0,0
1999,Ninh Binh,23.97,27.12,21.46,81.24,1610.87,Lua mua,196.8,40.2
1999,Ninh Binh,23.97,27.12,21.46,81.24,1610.87,Ngo,20,6.6
2000,Ninh Binh,23.81,26.89,21.29,82.28,1590.08,Khoai,19,3.3
2000,Ninh Binh,23.81,26.89,21.29,82.28,1590.08,Lua dong xuan,243.9,42.4
2000,Ninh Binh,23.81,26.89,21.29,82.28,1590.08,Lua mi,0,0
2000,Ninh Binh,23.81,26.89,21.29,82.28,1590.08,Lua mua,182.7,40.6
2000,Ninh Binh,23.81,26.89,21.29,82.28,1590.08,Ngo,18.9,6.7
2001,Ninh Binh,23.79,26.75,21.3,83.85,1927.91,Khoai,25.2,3.9
2001,Ninh Binh,23.79,26.75,21.3,83.85,1927.91,Lua dong xuan,247.2,42.7
2001,Ninh Binh,23.79,26.75,21.3,83.85,1927.91,Lua mi,0,0
2001,Ninh Binh,23.79,26.75,21.3,83.85,1927.91,Lua mua,193.2,40.5
2001,Ninh Binh,23.79,26.75,21.3,83.85,1927.91,Ngo,15.5,5.1
2002,Ninh Binh,24.11,27.19,21.65,83.69,1575.73,Khoai,21.4,3.4
2002,Ninh Binh,24.11,27.19,21.65,83.69,1575.73,Lua dong xuan,250.4,42.4
2002,Ninh Binh,24.11,27.19,21.65,83.69,1575.73,Lua mi,5.68E-14,0
2002,Ninh Binh,24.11,27.19,21.65,83.69,1575.73,Lua mua,205.5,40.1
2002,Ninh Binh,24.11,27.19,21.65,83.69,1575.73,Ngo,14.9,4.9
2003,Ninh Binh,24.68,28.1,21.84,80.54,1327.05,Khoai,22.2,3.3
2003,Ninh Binh,24.68,28.1,21.84,80.54,1327.05,Lua dong xuan,254.3,42.2
2003,Ninh Binh,24.68,28.1,21.84,80.54,1327.05,Lua mi,0,0
2003,Ninh Binh,24.68,28.1,21.84,80.54,1327.05,Lua mua,173.5,39.7
2003,Ninh Binh,24.68,28.1,21.84,80.54,1327.05,Ngo,16.8,5.1
2004,Ninh Binh,23.75,27.06,21,81.29,1425.22,Khoai,21.5,3
2004,Ninh Binh,23.75,27.06,21,81.29,1425.22,Lua dong xuan,258.4,42
2004,Ninh Binh,23.75,27.06,21,81.29,1425.22,Lua mi,0,0
2004,Ninh Binh,23.75,27.06,21,81.29,1425.22,Lua mua,202.1,39.4
2004,Ninh Binh,23.75,27.06,21,81.29,1425.22,Ngo,17.6,5
2005,Ninh Binh,23.91,26.97,21.39,81.18,1752.51,Khoai,19.2,2.8
2005,Ninh Binh,23.91,26.97,21.39,81.18,1752.51,Lua dong xuan,257.9,41.5
2005,Ninh Binh,23.91,26.97,21.39,81.18,1752.51,Lua mi,0,0
2005,Ninh Binh,23.91,26.97,21.39,81.18,1752.51,Lua mua,139.2,38.6
2005,Ninh Binh,23.91,26.97,21.39,81.18,1752.51,Ngo,18.2,5.7
2006,Ninh Binh,24.32,27.62,21.68,80.69,1308.62,Khoai,17.4,2.7
2006,Ninh Binh,24.32,27.62,21.68,80.69,1308.62,Lua dong xuan,262.4,41.3
2006,Ninh Binh,24.32,27.62,21.68,80.69,1308.62,Lua mi,5.68E-14,0
2006,Ninh Binh,24.32,27.62,21.68,80.69,1308.62,Lua mua,202.5,38.5
2006,Ninh Binh,24.32,27.62,21.68,80.69,1308.62,Ngo,19.4,5.9
2007,Ninh Binh,24.13,27.44,21.39,80.51,1503.39,Khoai,22.2,2.7
2007,Ninh Binh,24.13,27.44,21.39,80.51,1503.39,Lua dong xuan,243.1,41
2007,Ninh Binh,24.13,27.44,21.39,80.51,1503.39,Lua mi,0,-1.2
2007,Ninh Binh,24.13,27.44,21.39,80.51,1503.39,Lua mua,201.5,38.2
2007,Ninh Binh,24.13,27.44,21.39,80.51,1503.39,Ngo,28.5,8.4
2008,Ninh Binh,23.38,26.58,20.77,80.74,1736.57,Khoai,18.8,2.5
2008,Ninh Binh,23.38,26.58,20.77,80.74,1736.57,Lua dong xuan,256.1,41.1
2008,Ninh Binh,23.38,26.58,20.77,80.74,1736.57,Lua mi,0,-0.8
2008,Ninh Binh,23.38,26.58,20.77,80.74,1736.57,Lua mua,211.8,39.3
2008,Ninh Binh,23.38,26.58,20.77,80.74,1736.57,Ngo,24.1,6.9
2009,Ninh Binh,24.41,27.73,21.72,80.59,1748.56,Khoai,15.4,2.1
2009,Ninh Binh,24.41,27.73,21.72,80.59,1748.56,Lua dong xuan,258.2,41.5
2009,Ninh Binh,24.41,27.73,21.72,80.59,1748.56,Lua mi,-5.68E-14,0
2009,Ninh Binh,24.41,27.73,21.72,80.59,1748.56,Lua mua,225.9,39.8
2009,Ninh Binh,24.41,27.73,21.72,80.59,1748.56,Ngo,19.1,6
2010,Ninh Binh,24.6,27.86,21.88,80.15,2027.97,Khoai,19.4,2.7
2010,Ninh Binh,24.6,27.86,21.88,80.15,2027.97,Lua dong xuan,266.9,41.6
2010,Ninh Binh,24.6,27.86,21.88,80.15,2027.97,Lua mi,0,1.42E-14
2010,Ninh Binh,24.6,27.86,21.88,80.15,2027.97,Lua mua,218.6,39.5
2010,Ninh Binh,24.6,27.86,21.88,80.15,2027.97,Ngo,23.1,7.1
2011,Ninh Binh,22.97,25.89,20.49,80.87,1939.06,Khoai,20.6,2.7
2011,Ninh Binh,22.97,25.89,20.49,80.87,1939.06,Lua dong xuan,272.1,41.6
2011,Ninh Binh,22.97,25.89,20.49,80.87,1939.06,Lua mi,1.14E-13,0
2011,Ninh Binh,22.97,25.89,20.49,80.87,1939.06,Lua mua,215.8,39.2
2011,Ninh Binh,22.97,25.89,20.49,80.87,1939.06,Ngo,25.8,7.2
2012,Ninh Binh,24.07,27.05,21.62,83.17,1957.26,Khoai,17.2,2.2
2012,Ninh Binh,24.07,27.05,21.62,83.17,1957.26,Lua dong xuan,272.2,41.9
2012,Ninh Binh,24.07,27.05,21.62,83.17,1957.26,Lua mi,0,0
2012,Ninh Binh,24.07,27.05,21.62,83.17,1957.26,Lua mua,218.2,39.3
2012,Ninh Binh,24.07,27.05,21.62,83.17,1957.26,Ngo,18.8,6.1
2013,Ninh Binh,23.93,27.04,21.42,82.18,2209.85,Khoai,19.4,2.4
2013,Ninh Binh,23.93,27.04,21.42,82.18,2209.85,Lua dong xuan,273.7,41.9
2013,Ninh Binh,23.93,27.04,21.42,82.18,2209.85,Lua mi,0,0
2013,Ninh Binh,23.93,27.04,21.42,82.18,2209.85,Lua mua,187.2,39
2013,Ninh Binh,23.93,27.04,21.42,82.18,2209.85,Ngo,21.5,6.1
2014,Ninh Binh,24.2,27.33,21.62,82.2,1737.13,Khoai,17.7,2.1
2014,Ninh Binh,24.2,27.33,21.62,82.2,1737.13,Lua dong xuan,275,41.8
2014,Ninh Binh,24.2,27.33,21.62,82.2,1737.13,Lua mi,-5.68E-14,0
2014,Ninh Binh,24.2,27.33,21.62,82.2,1737.13,Lua mua,209.3,38.6
2014,Ninh Binh,24.2,27.33,21.62,82.2,1737.13,Ngo,21.6,6.3
2015,Ninh Binh,25.06,28.28,22.46,81.12,1946.84,Khoai,18.3,2.2
2015,Ninh Binh,25.06,28.28,22.46,81.12,1946.84,Lua dong xuan,275.1,41.7
2015,Ninh Binh,25.06,28.28,22.46,81.12,1946.84,Lua mi,0,0
2015,Ninh Binh,25.06,28.28,22.46,81.12,1946.84,Lua mua,200.3,37.6
2015,Ninh Binh,25.06,28.28,22.46,81.12,1946.84,Ngo,21.5,6.8
2016,Ninh Binh,24.6,27.77,22.01,80.79,1671.58,Khoai,13.2,1.6
2016,Ninh Binh,24.6,27.77,22.01,80.79,1671.58,Lua dong xuan,275.2,41.6
2016,Ninh Binh,24.6,27.77,22.01,80.79,1671.58,Lua mi,-0.1,0
2016,Ninh Binh,24.6,27.77,22.01,80.79,1671.58,Lua mua,192.9,37.1
2016,Ninh Binh,24.6,27.77,22.01,80.79,1671.58,Ngo,23.7,6.6
2017,Ninh Binh,24.47,27.4,22.09,81.59,1892.95,Khoai,12.6,1.5
2017,Ninh Binh,24.47,27.4,22.09,81.59,1892.95,Lua dong xuan,271.8,41.1
2017,Ninh Binh,24.47,27.4,22.09,81.59,1892.95,Lua mi,0,0
2017,Ninh Binh,24.47,27.4,22.09,81.59,1892.95,Lua mua,165.2,36.6
2017,Ninh Binh,24.47,27.4,22.09,81.59,1892.95,Ngo,22.2,6.1
2018,Ninh Binh,24.46,27.51,22.03,82.11,2135.33,Khoai,11.7,1364
2018,Ninh Binh,24.46,27.51,22.03,82.11,2135.33,Lua dong xuan,270.6,40.6
2018,Ninh Binh,24.46,27.51,22.03,82.11,2135.33,Lua mi,0,1.42E-14
2018,Ninh Binh,24.46,27.51,22.03,82.11,2135.33,Lua mua,186.6,35
2018,Ninh Binh,24.46,27.51,22.03,82.11,2135.33,Ngo,18.6,5.1
2019,Ninh Binh,25.33,28.5,22.76,81.98,1704.84,Khoai,10.9,1182
2019,Ninh Binh,25.33,28.5,22.76,81.98,1704.84,Lua dong xuan,271.3,40.6
2019,Ninh Binh,25.33,28.5,22.76,81.98,1704.84,Lua mi,0,0
2019,Ninh Binh,25.33,28.5,22.76,81.98,1704.84,Lua mua,177.3,33
2019,Ninh Binh,25.33,28.5,22.76,81.98,1704.84,Ngo,20.2,5.5
2020,Ninh Binh,24.9,27.82,22.46,80.49,1842.25,Khoai,7.8,805
2020,Ninh Binh,24.9,27.82,22.46,80.49,1842.25,Lua dong xuan,267.5,40.2
2020,Ninh Binh,24.9,27.82,22.46,80.49,1842.25,Lua mi,0,-1.42E-14
2020,Ninh Binh,24.9,27.82,22.46,80.49,1842.25,Lua mua,171.5,31.7
2020,Ninh Binh,24.9,27.82,22.46,80.49,1842.25,Ngo,19.4,5.2
2021,Ninh Binh,24.82,27.95,22.24,79.53,1578.59,Khoai,6.6,669
2021,Ninh Binh,24.82,27.95,22.24,79.53,1578.59,Lua dong xuan,266.8,39.9
2021,Ninh Binh,24.82,27.95,22.24,79.53,1578.59,Lua mi,0,0
2021,Ninh Binh,24.82,27.95,22.24,79.53,1578.59,Lua mua,173.2,31.8
2021,Ninh Binh,24.82,27.95,22.24,79.53,1578.59,Ngo,18.1,4.8
2022,Ninh Binh,24.3,27.37,21.72,80.95,1871.86,Khoai,8.8,893.3
2022,Ninh Binh,24.3,27.37,21.72,80.95,1871.86,Lua dong xuan,264.5,39.8
2022,Ninh Binh,24.3,27.37,21.72,80.95,1871.86,Lua mi,0.1,0
2022,Ninh Binh,24.3,27.37,21.72,80.95,1871.86,Lua mua,173.2,31.4
2022,Ninh Binh,24.3,27.37,21.72,80.95,1871.86,Ngo,16.3,4.3
2023,Ninh Binh,25.06,28.17,22.42,80.11,1445.74,Khoai,7.8,754.3
2023,Ninh Binh,25.06,28.17,22.42,80.11,1445.74,Lua dong xuan,264.7,39.6
2023,Ninh Binh,25.06,28.17,22.42,80.11,1445.74,Lua mi,5.68E-14,0
2023,Ninh Binh,25.06,28.17,22.42,80.11,1445.74,Lua mua,169,31.2
2023,Ninh Binh,25.06,28.17,22.42,80.11,1445.74,Ngo,16.7,4.3
2024,Ninh Binh,25.16,28.16,22.68,81.55,2212.2,Khoai,7,647.7
2024,Ninh Binh,25.16,28.16,22.68,81.55,2212.2,Lua dong xuan,264.4,39.6
2024,Ninh Binh,25.16,28.16,22.68,81.55,2212.2,Lua mi,0.1,0
2024,Ninh Binh,25.16,28.16,22.68,81.55,2212.2,Lua mua,164.7,31.2
2024,Ninh Binh,25.16,28.16,22.68,81.55,2212.2,Ngo,16.9,4.3
1995,Ninh Thuan,24.98,28.69,22.19,80.11,1568.49,Khoai,0.6,0.2
1995,Ninh Thuan,24.98,28.69,22.19,80.11,1568.49,Lua dong xuan,44.3,9.6
1995,Ninh Thuan,24.98,28.69,22.19,80.11,1568.49,Lua he thu,36.7,8.4
1995,Ninh Thuan,24.98,28.69,22.19,80.11,1568.49,Lua mi,0,0
1995,Ninh Thuan,24.98,28.69,22.19,80.11,1568.49,Lua mua,44.2,12.2
1995,Ninh Thuan,24.98,28.69,22.19,80.11,1568.49,Ngo,6.7,6.8
1996,Ninh Thuan,24.83,28.42,22.15,80.67,1805.86,Khoai,0.8,0.2
1996,Ninh Thuan,24.83,28.42,22.15,80.67,1805.86,Lua dong xuan,39.8,8.1
1996,Ninh Thuan,24.83,28.42,22.15,80.67,1805.86,Lua he thu,40.8,10
1996,Ninh Thuan,24.83,28.42,22.15,80.67,1805.86,Lua mi,-2.84E-14,0
1996,Ninh Thuan,24.83,28.42,22.15,80.67,1805.86,Lua mua,43.3,11.6
1996,Ninh Thuan,24.83,28.42,22.15,80.67,1805.86,Ngo,7.8,7.1
1997,Ninh Thuan,25.29,29.21,22.4,77.88,1092.94,Khoai,0.4,0.1
1997,Ninh Thuan,25.29,29.21,22.4,77.88,1092.94,Lua dong xuan,49,10.2
1997,Ninh Thuan,25.29,29.21,22.4,77.88,1092.94,Lua he thu,46.2,10.3
1997,Ninh Thuan,25.29,29.21,22.4,77.88,1092.94,Lua mi,0,0
1997,Ninh Thuan,25.29,29.21,22.4,77.88,1092.94,Lua mua,42.5,11.1
1997,Ninh Thuan,25.29,29.21,22.4,77.88,1092.94,Ngo,12.9,8
1998,Ninh Thuan,25.91,29.77,23.13,79.14,1900.17,Khoai,0.1,0.1
1998,Ninh Thuan,25.91,29.77,23.13,79.14,1900.17,Lua dong xuan,45.8,9.3
1998,Ninh Thuan,25.91,29.77,23.13,79.14,1900.17,Lua he thu,45.2,9.6
1998,Ninh Thuan,25.91,29.77,23.13,79.14,1900.17,Lua mi,0,0
1998,Ninh Thuan,25.91,29.77,23.13,79.14,1900.17,Lua mua,40,11.1
1998,Ninh Thuan,25.91,29.77,23.13,79.14,1900.17,Ngo,10.7,8
1999,Ninh Thuan,25.08,28.55,22.59,80.82,1752.43,Khoai,0.2,0.1
1999,Ninh Thuan,25.08,28.55,22.59,80.82,1752.43,Lua dong xuan,65.7,11.5
1999,Ninh Thuan,25.08,28.55,22.59,80.82,1752.43,Lua he thu,55,11.1
1999,Ninh Thuan,25.08,28.55,22.59,80.82,1752.43,Lua mi,0,0
1999,Ninh Thuan,25.08,28.55,22.59,80.82,1752.43,Lua mua,39.6,12.8
1999,Ninh Thuan,25.08,28.55,22.59,80.82,1752.43,Ngo,11.6,8.8
2000,Ninh Thuan,25.08,28.53,22.63,81.15,1710.63,Khoai,0.6,0.1
2000,Ninh Thuan,25.08,28.53,22.63,81.15,1710.63,Lua dong xuan,62.8,11.4
2000,Ninh Thuan,25.08,28.53,22.63,81.15,1710.63,Lua he thu,51.4,10.7
2000,Ninh Thuan,25.08,28.53,22.63,81.15,1710.63,Lua mi,0.3,0.3
2000,Ninh Thuan,25.08,28.53,22.63,81.15,1710.63,Lua mua,31.5,11.9
2000,Ninh Thuan,25.08,28.53,22.63,81.15,1710.63,Ngo,20.1,10.8
2001,Ninh Thuan,25.33,28.98,22.71,79.66,1454.44,Khoai,0.7,0.1
2001,Ninh Thuan,25.33,28.98,22.71,79.66,1454.44,Lua dong xuan,58.4,11.4
2001,Ninh Thuan,25.33,28.98,22.71,79.66,1454.44,Lua he thu,40,8.9
2001,Ninh Thuan,25.33,28.98,22.71,79.66,1454.44,Lua mi,0.3,0.3
2001,Ninh Thuan,25.33,28.98,22.71,79.66,1454.44,Lua mua,36.8,11.8
2001,Ninh Thuan,25.33,28.98,22.71,79.66,1454.44,Ngo,21.1,10.5
2002,Ninh Thuan,25.56,29.38,22.8,77.09,1438.22,Khoai,0.6,0.1
2002,Ninh Thuan,25.56,29.38,22.8,77.09,1438.22,Lua dong xuan,60.8,11.1
2002,Ninh Thuan,25.56,29.38,22.8,77.09,1438.22,Lua he thu,30.3,8
2002,Ninh Thuan,25.56,29.38,22.8,77.09,1438.22,Lua mi,0.7,0.4
2002,Ninh Thuan,25.56,29.38,22.8,77.09,1438.22,Lua mua,47.2,11.2
2002,Ninh Thuan,25.56,29.38,22.8,77.09,1438.22,Ngo,19.4,10.3
2003,Ninh Thuan,25.27,29.08,22.53,78.41,1400.15,Khoai,0.1,0.1
2003,Ninh Thuan,25.27,29.08,22.53,78.41,1400.15,Lua dong xuan,59.6,11.4
2003,Ninh Thuan,25.27,29.08,22.53,78.41,1400.15,Lua he thu,43.1,9.2
2003,Ninh Thuan,25.27,29.08,22.53,78.41,1400.15,Lua mi,0.1,0.3
2003,Ninh Thuan,25.27,29.08,22.53,78.41,1400.15,Lua mua,35.2,11.7
2003,Ninh Thuan,25.27,29.08,22.53,78.41,1400.15,Ngo,27.7,10.9
2004,Ninh Thuan,25.31,29.25,22.42,76.18,1035.43,Khoai,0.1,0.1
2004,Ninh Thuan,25.31,29.25,22.42,76.18,1035.43,Lua dong xuan,60.1,11.4
2004,Ninh Thuan,25.31,29.25,22.42,76.18,1035.43,Lua he thu,53.6,10.6
2004,Ninh Thuan,25.31,29.25,22.42,76.18,1035.43,Lua mi,0.2,0.2
2004,Ninh Thuan,25.31,29.25,22.42,76.18,1035.43,Lua mua,43.9,11.9
2004,Ninh Thuan,25.31,29.25,22.42,76.18,1035.43,Ngo,27.7,12.3
2005,Ninh Thuan,25.41,29.18,22.68,77.43,1720.21,Khoai,0.4,0.1
2005,Ninh Thuan,25.41,29.18,22.68,77.43,1720.21,Lua dong xuan,23.9,4.6
2005,Ninh Thuan,25.41,29.18,22.68,77.43,1720.21,Lua he thu,27.8,5.6
2005,Ninh Thuan,25.41,29.18,22.68,77.43,1720.21,Lua mi,0.5,0.4
2005,Ninh Thuan,25.41,29.18,22.68,77.43,1720.21,Lua mua,28.2,6.8
2005,Ninh Thuan,25.41,29.18,22.68,77.43,1720.21,Ngo,36.7,13.3
2006,Ninh Thuan,25.41,29.09,22.73,78.59,1533.07,Khoai,0.4,0.1
2006,Ninh Thuan,25.41,29.09,22.73,78.59,1533.07,Lua dong xuan,74.6,12.2
2006,Ninh Thuan,25.41,29.09,22.73,78.59,1533.07,Lua he thu,52.7,10.5
2006,Ninh Thuan,25.41,29.09,22.73,78.59,1533.07,Lua mi,1.1,0.6
2006,Ninh Thuan,25.41,29.09,22.73,78.59,1533.07,Lua mua,43.8,11.5
2006,Ninh Thuan,25.41,29.09,22.73,78.59,1533.07,Ngo,38.8,13.5
2007,Ninh Thuan,25.09,28.67,22.47,80.04,2008.44,Khoai,0.5,0.1
2007,Ninh Thuan,25.09,28.67,22.47,80.04,2008.44,Lua dong xuan,62.7,10.2
2007,Ninh Thuan,25.09,28.67,22.47,80.04,2008.44,Lua he thu,58.9,11.1
2007,Ninh Thuan,25.09,28.67,22.47,80.04,2008.44,Lua mi,0.5,0.3
2007,Ninh Thuan,25.09,28.67,22.47,80.04,2008.44,Lua mua,51.6,12.1
2007,Ninh Thuan,25.09,28.67,22.47,80.04,2008.44,Ngo,41.3,14.2
2008,Ninh Thuan,24.89,28.47,22.33,80.89,1983.04,Khoai,0.6,0.1
2008,Ninh Thuan,24.89,28.47,22.33,80.89,1983.04,Lua dong xuan,75.9,12
2008,Ninh Thuan,24.89,28.47,22.33,80.89,1983.04,Lua he thu,68.3,12.9
2008,Ninh Thuan,24.89,28.47,22.33,80.89,1983.04,Lua mi,0.5,0.3
2008,Ninh Thuan,24.89,28.47,22.33,80.89,1983.04,Lua mua,56.1,13
2008,Ninh Thuan,24.89,28.47,22.33,80.89,1983.04,Ngo,47.6,14.7
2009,Ninh Thuan,25.07,28.62,22.5,81.28,1724.95,Khoai,1.8,0.4
2009,Ninh Thuan,25.07,28.62,22.5,81.28,1724.95,Lua dong xuan,79.7,13.2
2009,Ninh Thuan,25.07,28.62,22.5,81.28,1724.95,Lua he thu,79.3,13.7
2009,Ninh Thuan,25.07,28.62,22.5,81.28,1724.95,Lua mi,0.2,0.1
2009,Ninh Thuan,25.07,28.62,22.5,81.28,1724.95,Lua mua,54.6,12.3
2009,Ninh Thuan,25.07,28.62,22.5,81.28,1724.95,Ngo,51.9,15.2
2010,Ninh Thuan,25.51,29.03,22.94,80.44,2011.01,Khoai,2.5,0.2
2010,Ninh Thuan,25.51,29.03,22.94,80.44,2011.01,Lua dong xuan,79.6,13.1
2010,Ninh Thuan,25.51,29.03,22.94,80.44,2011.01,Lua he thu,60,11.1
2010,Ninh Thuan,25.51,29.03,22.94,80.44,2011.01,Lua mi,0.2,0.1
2010,Ninh Thuan,25.51,29.03,22.94,80.44,2011.01,Lua mua,48.4,13.6
2010,Ninh Thuan,25.51,29.03,22.94,80.44,2011.01,Ngo,46.6,14.5
2011,Ninh Thuan,24.92,28.2,22.56,80.44,1989.47,Khoai,1.7,0.2
2011,Ninh Thuan,24.92,28.2,22.56,80.44,1989.47,Lua dong xuan,90.1,14.3
2011,Ninh Thuan,24.92,28.2,22.56,80.44,1989.47,Lua he thu,84.7,14.3
2011,Ninh Thuan,24.92,28.2,22.56,80.44,1989.47,Lua mi,0.4,0.2
2011,Ninh Thuan,24.92,28.2,22.56,80.44,1989.47,Lua mua,48.4,10.2
2011,Ninh Thuan,24.92,28.2,22.56,80.44,1989.47,Ngo,56.5,15.8
2012,Ninh Thuan,25.52,29.01,23.04,79.97,1799.86,Khoai,1.8,0.2
2012,Ninh Thuan,25.52,29.01,23.04,79.97,1799.86,Lua dong xuan,86.1,14.3
2012,Ninh Thuan,25.52,29.01,23.04,79.97,1799.86,Lua he thu,86,14.5
2012,Ninh Thuan,25.52,29.01,23.04,79.97,1799.86,Lua mi,0.3,0.2
2012,Ninh Thuan,25.52,29.01,23.04,79.97,1799.86,Lua mua,64.7,12.7
2012,Ninh Thuan,25.52,29.01,23.04,79.97,1799.86,Ngo,52.9,15.8
2013,Ninh Thuan,25.45,28.93,22.95,79.05,1650.58,Khoai,1.7,0.2
2013,Ninh Thuan,25.45,28.93,22.95,79.05,1650.58,Lua dong xuan,92.4,15
2013,Ninh Thuan,25.45,28.93,22.95,79.05,1650.58,Lua he thu,78.8,13.7
2013,Ninh Thuan,25.45,28.93,22.95,79.05,1650.58,Lua mi,0.4,0.2
2013,Ninh Thuan,25.45,28.93,22.95,79.05,1650.58,Lua mua,75.9,14.9
2013,Ninh Thuan,25.45,28.93,22.95,79.05,1650.58,Ngo,59.5,15.4
2014,Ninh Thuan,25.51,29.31,22.72,76.8,1210.42,Khoai,1.1,0.1
2014,Ninh Thuan,25.51,29.31,22.72,76.8,1210.42,Lua dong xuan,110.9,16
2014,Ninh Thuan,25.51,29.31,22.72,76.8,1210.42,Lua he thu,81.6,12.8
2014,Ninh Thuan,25.51,29.31,22.72,76.8,1210.42,Lua mi,0.3,0.2
2014,Ninh Thuan,25.51,29.31,22.72,76.8,1210.42,Lua mua,75.2,14
2014,Ninh Thuan,25.51,29.31,22.72,76.8,1210.42,Ngo,58.5,14
2015,Ninh Thuan,25.79,29.66,22.94,76.65,1099.59,Khoai,1.1,0.1
2015,Ninh Thuan,25.79,29.66,22.94,76.65,1099.59,Lua dong xuan,85.8,12.8
2015,Ninh Thuan,25.79,29.66,22.94,76.65,1099.59,Lua he thu,73.5,11.6
2015,Ninh Thuan,25.79,29.66,22.94,76.65,1099.59,Lua mi,0.2,7.11E-15
2015,Ninh Thuan,25.79,29.66,22.94,76.65,1099.59,Lua mua,65.2,12.9
2015,Ninh Thuan,25.79,29.66,22.94,76.65,1099.59,Ngo,48.7,11.8
2016,Ninh Thuan,25.94,29.54,23.4,79.89,1959.92,Khoai,1.5,0.1
2016,Ninh Thuan,25.94,29.54,23.4,79.89,1959.92,Lua dong xuan,96.5,14.8
2016,Ninh Thuan,25.94,29.54,23.4,79.89,1959.92,Lua he thu,75.5,12.4
2016,Ninh Thuan,25.94,29.54,23.4,79.89,1959.92,Lua mi,0.1,7.11E-15
2016,Ninh Thuan,25.94,29.54,23.4,79.89,1959.92,Lua mua,39.8,14.2
2016,Ninh Thuan,25.94,29.54,23.4,79.89,1959.92,Ngo,45.5,11.7
2017,Ninh Thuan,25.71,29.1,23.25,81.54,1997.78,Khoai,2.8,0.3
2017,Ninh Thuan,25.71,29.1,23.25,81.54,1997.78,Lua dong xuan,105.6,16.7
2017,Ninh Thuan,25.71,29.1,23.25,81.54,1997.78,Lua he thu,100.4,17
2017,Ninh Thuan,25.71,29.1,23.25,81.54,1997.78,Lua mi,0.4,0.2
2017,Ninh Thuan,25.71,29.1,23.25,81.54,1997.78,Lua mua,70.6,14.7
2017,Ninh Thuan,25.71,29.1,23.25,81.54,1997.78,Ngo,50.7,12.9
2018,Ninh Thuan,25.97,29.66,23.31,77.41,1351.65,Khoai,3.4,271
2018,Ninh Thuan,25.97,29.66,23.31,77.41,1351.65,Lua dong xuan,109.5,17
2018,Ninh Thuan,25.97,29.66,23.31,77.41,1351.65,Lua he thu,86.2,14.4
2018,Ninh Thuan,25.97,29.66,23.31,77.41,1351.65,Lua mi,0.6,0.3
2018,Ninh Thuan,25.97,29.66,23.31,77.41,1351.65,Lua mua,47.6,11.5
2018,Ninh Thuan,25.97,29.66,23.31,77.41,1351.65,Ngo,49.5,11.7
2019,Ninh Thuan,26.32,30.16,23.48,75.82,1147.87,Khoai,3.3,259
2019,Ninh Thuan,26.32,30.16,23.48,75.82,1147.87,Lua dong xuan,111.2,17.1
2019,Ninh Thuan,26.32,30.16,23.48,75.82,1147.87,Lua he thu,88.5,14.8
2019,Ninh Thuan,26.32,30.16,23.48,75.82,1147.87,Lua mi,0.4,0.2
2019,Ninh Thuan,26.32,30.16,23.48,75.82,1147.87,Lua mua,63.1,12.5
2019,Ninh Thuan,26.32,30.16,23.48,75.82,1147.87,Ngo,47.5,11
2020,Ninh Thuan,25.83,29.43,23.21,79.26,1613.63,Khoai,2.4,174
2020,Ninh Thuan,25.83,29.43,23.21,79.26,1613.63,Lua dong xuan,79.8,12
2020,Ninh Thuan,25.83,29.43,23.21,79.26,1613.63,Lua he thu,69.7,11
2020,Ninh Thuan,25.83,29.43,23.21,79.26,1613.63,Lua mi,0.9,0.3
2020,Ninh Thuan,25.83,29.43,23.21,79.26,1613.63,Lua mua,51.4,9.6
2020,Ninh Thuan,25.83,29.43,23.21,79.26,1613.63,Ngo,48.1,10.2
2021,Ninh Thuan,25.44,29,22.89,78.37,1692.2,Khoai,3.1,215
2021,Ninh Thuan,25.44,29,22.89,78.37,1692.2,Lua dong xuan,118.5,17.4
2021,Ninh Thuan,25.44,29,22.89,78.37,1692.2,Lua he thu,90.4,14.6
2021,Ninh Thuan,25.44,29,22.89,78.37,1692.2,Lua mi,0.7,0.4
2021,Ninh Thuan,25.44,29,22.89,78.37,1692.2,Lua mua,65.4,12.2
2021,Ninh Thuan,25.44,29,22.89,78.37,1692.2,Ngo,51.9,11.4
2022,Ninh Thuan,25.37,28.82,22.86,80.24,1932.47,Khoai,3.2,233.6
2022,Ninh Thuan,25.37,28.82,22.86,80.24,1932.47,Lua dong xuan,118.3,17.9
2022,Ninh Thuan,25.37,28.82,22.86,80.24,1932.47,Lua he thu,96.8,15.7
2022,Ninh Thuan,25.37,28.82,22.86,80.24,1932.47,Lua mi,0.3,0
2022,Ninh Thuan,25.37,28.82,22.86,80.24,1932.47,Lua mua,65.2,11.9
2022,Ninh Thuan,25.37,28.82,22.86,80.24,1932.47,Ngo,54.9,11.2
2023,Ninh Thuan,25.76,29.36,23.19,79.14,1593.84,Khoai,3.2,230.7
2023,Ninh Thuan,25.76,29.36,23.19,79.14,1593.84,Lua dong xuan,114.9,17.2
2023,Ninh Thuan,25.76,29.36,23.19,79.14,1593.84,Lua he thu,100.9,16.3
2023,Ninh Thuan,25.76,29.36,23.19,79.14,1593.84,Lua mi,0.1,0
2023,Ninh Thuan,25.76,29.36,23.19,79.14,1593.84,Lua mua,73.6,13.5
2023,Ninh Thuan,25.76,29.36,23.19,79.14,1593.84,Ngo,60.8,11.8
2024,Ninh Thuan,26.13,29.7,23.5,78.4,1542.33,Khoai,3.5,218.3
2024,Ninh Thuan,26.13,29.7,23.5,78.4,1542.33,Lua dong xuan,115.2,17.3
2024,Ninh Thuan,26.13,29.7,23.5,78.4,1542.33,Lua he thu,88.7,13.8
2024,Ninh Thuan,26.13,29.7,23.5,78.4,1542.33,Lua mi,0,0
2024,Ninh Thuan,26.13,29.7,23.5,78.4,1542.33,Lua mua,84.6,15.1
2024,Ninh Thuan,26.13,29.7,23.5,78.4,1542.33,Ngo,59.4,11.4
1995,Phu Tho,22.85,26.16,20.15,82.26,1993.51,Khoai,28.3,5
1995,Phu Tho,22.85,26.16,20.15,82.26,1993.51,Lua dong xuan,87,35.9
1995,Phu Tho,22.85,26.16,20.15,82.26,1993.51,Lua mi,0,0
1995,Phu Tho,22.85,26.16,20.15,82.26,1993.51,Lua mua,97.7,34.4
1995,Phu Tho,22.85,26.16,20.15,82.26,1993.51,Ngo,23.9,9.6
1995,Phu Tho,22.85,26.16,20.15,82.26,1993.51,San,72.9,8.6
1996,Phu Tho,22.71,26.25,19.78,81.79,2416.81,Khoai,21.7,4.8
1996,Phu Tho,22.71,26.25,19.78,81.79,2416.81,Lua dong xuan,98.9,34.4
1996,Phu Tho,22.71,26.25,19.78,81.79,2416.81,Lua mi,0,0
1996,Phu Tho,22.71,26.25,19.78,81.79,2416.81,Lua mua,86.4,31.7
1996,Phu Tho,22.71,26.25,19.78,81.79,2416.81,Ngo,31,11.5
1996,Phu Tho,22.71,26.25,19.78,81.79,2416.81,San,54.1,8.8
1997,Phu Tho,23.27,26.68,20.56,82.98,2305.66,Khoai,27.7,4.9
1997,Phu Tho,23.27,26.68,20.56,82.98,2305.66,Lua dong xuan,110.5,36.5
1997,Phu Tho,23.27,26.68,20.56,82.98,2305.66,Lua mi,0,1.42E-14
1997,Phu Tho,23.27,26.68,20.56,82.98,2305.66,Lua mua,94,32.6
1997,Phu Tho,23.27,26.68,20.56,82.98,2305.66,Ngo,34,13.1
1997,Phu Tho,23.27,26.68,20.56,82.98,2305.66,San,82.2,8.6
1998,Phu Tho,24.01,27.77,20.93,80.79,1757.4,Khoai,21.6,4.8
1998,Phu Tho,24.01,27.77,20.93,80.79,1757.4,Lua dong xuan,105.7,36.5
1998,Phu Tho,24.01,27.77,20.93,80.79,1757.4,Lua mi,0,0
1998,Phu Tho,24.01,27.77,20.93,80.79,1757.4,Lua mua,110.4,34
1998,Phu Tho,24.01,27.77,20.93,80.79,1757.4,Ngo,31.6,12.8
1998,Phu Tho,24.01,27.77,20.93,80.79,1757.4,San,71,8
1999,Phu Tho,23.33,26.83,20.48,82.31,1802.89,Khoai,25.4,5.6
1999,Phu Tho,23.33,26.83,20.48,82.31,1802.89,Lua dong xuan,110.8,32.3
1999,Phu Tho,23.33,26.83,20.48,82.31,1802.89,Lua mi,0,-1.42E-14
1999,Phu Tho,23.33,26.83,20.48,82.31,1802.89,Lua mua,129.8,34.9
1999,Phu Tho,23.33,26.83,20.48,82.31,1802.89,Ngo,44.9,16.1
1999,Phu Tho,23.33,26.83,20.48,82.31,1802.89,San,64.1,8
2000,Phu Tho,23.19,26.52,20.41,82.21,1946.7,Khoai,21.8,4.8
2000,Phu Tho,23.19,26.52,20.41,82.21,1946.7,Lua dong xuan,154.8,36.3
2000,Phu Tho,23.19,26.52,20.41,82.21,1946.7,Lua mi,0,0
2000,Phu Tho,23.19,26.52,20.41,82.21,1946.7,Lua mua,127.5,35.3
2000,Phu Tho,23.19,26.52,20.41,82.21,1946.7,Ngo,42.5,16.2
2000,Phu Tho,23.19,26.52,20.41,82.21,1946.7,San,80.8,8.6
2001,Phu Tho,23.33,26.69,20.51,82.85,1959.78,Khoai,24.7,5.1
2001,Phu Tho,23.33,26.69,20.51,82.85,1959.78,Lua dong xuan,167,36.9
2001,Phu Tho,23.33,26.69,20.51,82.85,1959.78,Lua mi,0,-1.42E-14
2001,Phu Tho,23.33,26.69,20.51,82.85,1959.78,Lua mua,142.2,34.3
2001,Phu Tho,23.33,26.69,20.51,82.85,1959.78,Ngo,48.1,14.9
2001,Phu Tho,23.33,26.69,20.51,82.85,1959.78,San,92.5,8.5
2002,Phu Tho,23.6,27.04,20.79,82.94,1945.22,Khoai,24,4.8
2002,Phu Tho,23.6,27.04,20.79,82.94,1945.22,Lua dong xuan,185.1,37.9
2002,Phu Tho,23.6,27.04,20.79,82.94,1945.22,Lua mi,0,0
2002,Phu Tho,23.6,27.04,20.79,82.94,1945.22,Lua mua,160.5,35.1
2002,Phu Tho,23.6,27.04,20.79,82.94,1945.22,Ngo,55,16.2
2002,Phu Tho,23.6,27.04,20.79,82.94,1945.22,San,89.7,8
2003,Phu Tho,23.99,27.88,20.75,80.66,1695.18,Khoai,24.6,4.8
2003,Phu Tho,23.99,27.88,20.75,80.66,1695.18,Lua dong xuan,192.5,38.3
2003,Phu Tho,23.99,27.88,20.75,80.66,1695.18,Lua mi,0,0
2003,Phu Tho,23.99,27.88,20.75,80.66,1695.18,Lua mua,157.6,35.2
2003,Phu Tho,23.99,27.88,20.75,80.66,1695.18,Ngo,66.5,19.3
2003,Phu Tho,23.99,27.88,20.75,80.66,1695.18,San,88.3,7.8
2004,Phu Tho,23.14,26.84,19.99,80.74,1697.47,Khoai,22,4.1
2004,Phu Tho,23.14,26.84,19.99,80.74,1697.47,Lua dong xuan,185.7,37.1
2004,Phu Tho,23.14,26.84,19.99,80.74,1697.47,Lua mi,0,-1.42E-14
2004,Phu Tho,23.14,26.84,19.99,80.74,1697.47,Lua mua,164.4,35.6
2004,Phu Tho,23.14,26.84,19.99,80.74,1697.47,Ngo,71.7,20.1
2004,Phu Tho,23.14,26.84,19.99,80.74,1697.47,San,91.6,8
2005,Phu Tho,23.16,26.62,20.26,82.11,1969.71,Khoai,22.3,3.9
2005,Phu Tho,23.16,26.62,20.26,82.11,1969.71,Lua dong xuan,196,37.9
2005,Phu Tho,23.16,26.62,20.26,82.11,1969.71,Lua mi,0,0
2005,Phu Tho,23.16,26.62,20.26,82.11,1969.71,Lua mua,159.4,35.3
2005,Phu Tho,23.16,26.62,20.26,82.11,1969.71,Ngo,74.8,20.3
2005,Phu Tho,23.16,26.62,20.26,82.11,1969.71,San,88.8,7.7
2006,Phu Tho,23.57,27.14,20.55,81.55,1813.09,Khoai,26.4,4.5
2006,Phu Tho,23.57,27.14,20.55,81.55,1813.09,Lua dong xuan,191.1,37.9
2006,Phu Tho,23.57,27.14,20.55,81.55,1813.09,Lua mi,0,0
2006,Phu Tho,23.57,27.14,20.55,81.55,1813.09,Lua mua,151.4,33.5
2006,Phu Tho,23.57,27.14,20.55,81.55,1813.09,Ngo,65.8,18
2006,Phu Tho,23.57,27.14,20.55,81.55,1813.09,San,90.2,7.8
2007,Phu Tho,23.49,27.13,20.37,80.82,1881.6,Khoai,24.4,4.1
2007,Phu Tho,23.49,27.13,20.37,80.82,1881.6,Lua dong xuan,157.9,37
2007,Phu Tho,23.49,27.13,20.37,80.82,1881.6,Lua mi,0,3.9
2007,Phu Tho,23.49,27.13,20.37,80.82,1881.6,Lua mua,166.3,34.8
2007,Phu Tho,23.49,27.13,20.37,80.82,1881.6,Ngo,82.2,21.6
2007,Phu Tho,23.49,27.13,20.37,80.82,1881.6,San,88.6,7.5
2008,Phu Tho,22.74,26.18,19.89,81.65,2140.33,Khoai,20.1,3.3
2008,Phu Tho,22.74,26.18,19.89,81.65,2140.33,Lua dong xuan,180.3,35.1
2008,Phu Tho,22.74,26.18,19.89,81.65,2140.33,Lua mi,0,-3.4
2008,Phu Tho,22.74,26.18,19.89,81.65,2140.33,Lua mua,151.5,32.8
2008,Phu Tho,22.74,26.18,19.89,81.65,2140.33,Ngo,89.5,23.1
2008,Phu Tho,22.74,26.18,19.89,81.65,2140.33,San,87.9,7.3
2009,Phu Tho,23.71,27.43,20.63,80.36,1700.06,Khoai,17.8,3
2009,Phu Tho,23.71,27.43,20.63,80.36,1700.06,Lua dong xuan,197.7,36.9
2009,Phu Tho,23.71,27.43,20.63,80.36,1700.06,Lua mi,0,1.42E-14
2009,Phu Tho,23.71,27.43,20.63,80.36,1700.06,Lua mua,165.1,34.4
2009,Phu Tho,23.71,27.43,20.63,80.36,1700.06,Ngo,63.4,16.4
2009,Phu Tho,23.71,27.43,20.63,80.36,1700.06,San,87.9,7.3
2010,Phu Tho,23.85,27.57,20.76,80.75,2301.85,Khoai,21,3.4
2010,Phu Tho,23.85,27.57,20.76,80.75,2301.85,Lua dong xuan,192.2,35.5
2010,Phu Tho,23.85,27.57,20.76,80.75,2301.85,Lua mi,-5.68E-14,0
2010,Phu Tho,23.85,27.57,20.76,80.75,2301.85,Lua mua,160.1,33.3
2010,Phu Tho,23.85,27.57,20.76,80.75,2301.85,Ngo,90.4,20.7
2010,Phu Tho,23.85,27.57,20.76,80.75,2301.85,San,96.3,7.6
2011,Phu Tho,22.33,25.5,19.59,82.27,1745.45,Khoai,17.3,2.8
2011,Phu Tho,22.33,25.5,19.59,82.27,1745.45,Lua dong xuan,206.6,35.8
2011,Phu Tho,22.33,25.5,19.59,82.27,1745.45,Lua mi,0,0
2011,Phu Tho,22.33,25.5,19.59,82.27,1745.45,Lua mua,169.8,33.9
2011,Phu Tho,22.33,25.5,19.59,82.27,1745.45,Ngo,94.3,21.4
2011,Phu Tho,22.33,25.5,19.59,82.27,1745.45,San,105,8.1
2012,Phu Tho,23.35,26.72,20.59,83.13,2011.97,Khoai,18.8,2.8
2012,Phu Tho,23.35,26.72,20.59,83.13,2011.97,Lua dong xuan,211.1,36.7
2012,Phu Tho,23.35,26.72,20.59,83.13,2011.97,Lua mi,0,0
2012,Phu Tho,23.35,26.72,20.59,83.13,2011.97,Lua mua,164.4,32.5
2012,Phu Tho,23.35,26.72,20.59,83.13,2011.97,Ngo,79.1,17.4
2012,Phu Tho,23.35,26.72,20.59,83.13,2011.97,San,122,9.2
2013,Phu Tho,23.29,26.82,20.44,82.68,2141.21,Khoai,18.4,2.9
2013,Phu Tho,23.29,26.82,20.44,82.68,2141.21,Lua dong xuan,212.7,36.7
2013,Phu Tho,23.29,26.82,20.44,82.68,2141.21,Lua mi,0,0
2013,Phu Tho,23.29,26.82,20.44,82.68,2141.21,Lua mua,166.9,33.1
2013,Phu Tho,23.29,26.82,20.44,82.68,2141.21,Ngo,84.4,18.6
2013,Phu Tho,23.29,26.82,20.44,82.68,2141.21,San,116.6,8.7
2014,Phu Tho,23.44,27,20.5,82.69,2108.49,Khoai,16.6,2.6
2014,Phu Tho,23.44,27,20.5,82.69,2108.49,Lua dong xuan,213.1,37
2014,Phu Tho,23.44,27,20.5,82.69,2108.49,Lua mi,0,0
2014,Phu Tho,23.44,27,20.5,82.69,2108.49,Lua mua,162.9,32.6
2014,Phu Tho,23.44,27,20.5,82.69,2108.49,Ngo,85.8,18.7
2014,Phu Tho,23.44,27,20.5,82.69,2108.49,San,116.5,8.6
2015,Phu Tho,24.34,27.96,21.4,81.4,1987.47,Khoai,14.5,2.3
2015,Phu Tho,24.34,27.96,21.4,81.4,1987.47,Lua dong xuan,212.5,37.2
2015,Phu Tho,24.34,27.96,21.4,81.4,1987.47,Lua mi,0,-1.42E-14
2015,Phu Tho,24.34,27.96,21.4,81.4,1987.47,Lua mua,157.9,32.2
2015,Phu Tho,24.34,27.96,21.4,81.4,1987.47,Ngo,89.5,19.2
2015,Phu Tho,24.34,27.96,21.4,81.4,1987.47,San,115.1,8.3
2016,Phu Tho,23.98,27.57,21,81.25,1995.37,Khoai,13.9,2.1
2016,Phu Tho,23.98,27.57,21,81.25,1995.37,Lua dong xuan,221.7,37.1
2016,Phu Tho,23.98,27.57,21,81.25,1995.37,Lua mi,0.1,0
2016,Phu Tho,23.98,27.57,21,81.25,1995.37,Lua mua,151.5,30.6
2016,Phu Tho,23.98,27.57,21,81.25,1995.37,Ngo,87.1,18.7
2016,Phu Tho,23.98,27.57,21,81.25,1995.37,San,115,8.3
2017,Phu Tho,23.68,26.93,21.04,82.79,2440.6,Khoai,13.1,2
2017,Phu Tho,23.68,26.93,21.04,82.79,2440.6,Lua dong xuan,221.7,37
2017,Phu Tho,23.68,26.93,21.04,82.79,2440.6,Lua mi,0,0
2017,Phu Tho,23.68,26.93,21.04,82.79,2440.6,Lua mua,146.2,30.1
2017,Phu Tho,23.68,26.93,21.04,82.79,2440.6,Ngo,87,18.2
2017,Phu Tho,23.68,26.93,21.04,82.79,2440.6,San,107.7,7.7
2018,Phu Tho,23.82,27.26,21.08,82.32,2411.69,Khoai,10.4,1557
2018,Phu Tho,23.82,27.26,21.08,82.32,2411.69,Lua dong xuan,228.1,36.8
2018,Phu Tho,23.82,27.26,21.08,82.32,2411.69,Lua mi,0,0
2018,Phu Tho,23.82,27.26,21.08,82.32,2411.69,Lua mua,137.8,27.5
2018,Phu Tho,23.82,27.26,21.08,82.32,2411.69,Ngo,80.5,16.7
2018,Phu Tho,23.82,27.26,21.08,82.32,2411.69,San,101.3,6.9
2019,Phu Tho,24.28,27.9,21.36,83.42,2045.3,Khoai,10.2,1498
2019,Phu Tho,24.28,27.9,21.36,83.42,2045.3,Lua dong xuan,216.3,36.5
2019,Phu Tho,24.28,27.9,21.36,83.42,2045.3,Lua mi,0,-1.42E-14
2019,Phu Tho,24.28,27.9,21.36,83.42,2045.3,Lua mua,128.9,25.2
2019,Phu Tho,24.28,27.9,21.36,83.42,2045.3,Ngo,82.5,17.1
2019,Phu Tho,24.28,27.9,21.36,83.42,2045.3,San,98.3,6.5
2020,Phu Tho,23.84,27.38,21.02,82.48,2244.52,Khoai,8.4,1230
2020,Phu Tho,23.84,27.38,21.02,82.48,2244.52,Lua dong xuan,216.3,36.3
2020,Phu Tho,23.84,27.38,21.02,82.48,2244.52,Lua mi,0,1.42E-14
2020,Phu Tho,23.84,27.38,21.02,82.48,2244.52,Lua mua,131.4,25
2020,Phu Tho,23.84,27.38,21.02,82.48,2244.52,Ngo,81.8,16.9
2020,Phu Tho,23.84,27.38,21.02,82.48,2244.52,San,87.7,5.8
2021,Phu Tho,23.96,27.62,21.07,81.09,1941.47,Khoai,6.7,939
2021,Phu Tho,23.96,27.62,21.07,81.09,1941.47,Lua dong xuan,223.6,36.1
2021,Phu Tho,23.96,27.62,21.07,81.09,1941.47,Lua mi,5.68E-14,-0.1
2021,Phu Tho,23.96,27.62,21.07,81.09,1941.47,Lua mua,128.6,24.1
2021,Phu Tho,23.96,27.62,21.07,81.09,1941.47,Ngo,83.1,17
2021,Phu Tho,23.96,27.62,21.07,81.09,1941.47,San,86.8,5.6
2022,Phu Tho,23.5,26.97,20.71,81.75,2232.71,Khoai,5.6,778
2022,Phu Tho,23.5,26.97,20.71,81.75,2232.71,Lua dong xuan,218.2,35.8
2022,Phu Tho,23.5,26.97,20.71,81.75,2232.71,Lua mi,-0.1,0
2022,Phu Tho,23.5,26.97,20.71,81.75,2232.71,Lua mua,127.6,23.5
2022,Phu Tho,23.5,26.97,20.71,81.75,2232.71,Ngo,85.5,17.3
2022,Phu Tho,23.5,26.97,20.71,81.75,2232.71,San,89.6,5.2
2023,Phu Tho,24.26,27.89,21.25,81.07,1863.06,Khoai,5.2,713.6
2023,Phu Tho,24.26,27.89,21.25,81.07,1863.06,Lua dong xuan,217.9,35.6
2023,Phu Tho,24.26,27.89,21.25,81.07,1863.06,Lua mi,0.1,0
2023,Phu Tho,24.26,27.89,21.25,81.07,1863.06,Lua mua,128.2,22.8
2023,Phu Tho,24.26,27.89,21.25,81.07,1863.06,Ngo,81.3,16.7
2023,Phu Tho,24.26,27.89,21.25,81.07,1863.06,San,81.1,5.2
2024,Phu Tho,24.33,27.79,21.55,82.78,2489.51,Khoai,5,680
2024,Phu Tho,24.33,27.79,21.55,82.78,2489.51,Lua dong xuan,218.4,35.4
2024,Phu Tho,24.33,27.79,21.55,82.78,2489.51,Lua mi,-0.1,0
2024,Phu Tho,24.33,27.79,21.55,82.78,2489.51,Lua mua,114.8,22.6
2024,Phu Tho,24.33,27.79,21.55,82.78,2489.51,Ngo,80,16.7
2024,Phu Tho,24.33,27.79,21.55,82.78,2489.51,San,86,5.5
1995,Phu Yen,25.26,28.45,22.88,81.02,1846.14,Khoai,4.6,1.1
1995,Phu Yen,25.26,28.45,22.88,81.02,1846.14,Lua dong xuan,114.3,23.1
1995,Phu Yen,25.26,28.45,22.88,81.02,1846.14,Lua he thu,109.3,21.3
1995,Phu Yen,25.26,28.45,22.88,81.02,1846.14,Lua mi,0,0
1995,Phu Yen,25.26,28.45,22.88,81.02,1846.14,Lua mua,33,14.5
1995,Phu Yen,25.26,28.45,22.88,81.02,1846.14,Ngo,1.5,2.9
1995,Phu Yen,25.26,28.45,22.88,81.02,1846.14,San,30.5,3
1996,Phu Yen,25.02,28.02,22.8,82.48,2223.02,Khoai,3.9,0.8
1996,Phu Yen,25.02,28.02,22.8,82.48,2223.02,Lua dong xuan,135.5,23.7
1996,Phu Yen,25.02,28.02,22.8,82.48,2223.02,Lua he thu,112.1,21.7
1996,Phu Yen,25.02,28.02,22.8,82.48,2223.02,Lua mi,0,7.11E-15
1996,Phu Yen,25.02,28.02,22.8,82.48,2223.02,Lua mua,25.8,12.5
1996,Phu Yen,25.02,28.02,22.8,82.48,2223.02,Ngo,2.6,4.3
1996,Phu Yen,25.02,28.02,22.8,82.48,2223.02,San,42.8,3.3
1997,Phu Yen,25.65,28.88,23.29,79.42,1385.25,Khoai,5.5,0.9
1997,Phu Yen,25.65,28.88,23.29,79.42,1385.25,Lua dong xuan,141.2,23.9
1997,Phu Yen,25.65,28.88,23.29,79.42,1385.25,Lua he thu,118.6,21.7
1997,Phu Yen,25.65,28.88,23.29,79.42,1385.25,Lua mi,5.68E-14,0
1997,Phu Yen,25.65,28.88,23.29,79.42,1385.25,Lua mua,22.1,10.4
1997,Phu Yen,25.65,28.88,23.29,79.42,1385.25,Ngo,2.9,4.5
1997,Phu Yen,25.65,28.88,23.29,79.42,1385.25,San,26.4,2.4
1998,Phu Yen,26.31,29.61,23.96,80.63,2416.35,Khoai,4.5,0.8
1998,Phu Yen,26.31,29.61,23.96,80.63,2416.35,Lua dong xuan,122.7,24.3
1998,Phu Yen,26.31,29.61,23.96,80.63,2416.35,Lua he thu,113.4,21.7
1998,Phu Yen,26.31,29.61,23.96,80.63,2416.35,Lua mi,0,1.42E-14
1998,Phu Yen,26.31,29.61,23.96,80.63,2416.35,Lua mua,32.6,14.8
1998,Phu Yen,26.31,29.61,23.96,80.63,2416.35,Ngo,2.3,3.6
1998,Phu Yen,26.31,29.61,23.96,80.63,2416.35,San,18.2,2.5
1999,Phu Yen,25.46,28.37,23.34,81.08,2361.51,Khoai,4.6,0.8
1999,Phu Yen,25.46,28.37,23.34,81.08,2361.51,Lua dong xuan,138.5,24.5
1999,Phu Yen,25.46,28.37,23.34,81.08,2361.51,Lua he thu,125.1,22.8
1999,Phu Yen,25.46,28.37,23.34,81.08,2361.51,Lua mi,0,0
1999,Phu Yen,25.46,28.37,23.34,81.08,2361.51,Lua mua,25.6,12.2
1999,Phu Yen,25.46,28.37,23.34,81.08,2361.51,Ngo,2.6,3.7
1999,Phu Yen,25.46,28.37,23.34,81.08,2361.51,San,17.6,2.4
2000,Phu Yen,25.37,28.28,23.29,81.61,2234.72,Khoai,3.6,0.7
2000,Phu Yen,25.37,28.28,23.29,81.61,2234.72,Lua dong xuan,128,24.5
2000,Phu Yen,25.37,28.28,23.29,81.61,2234.72,Lua he thu,128.9,23
2000,Phu Yen,25.37,28.28,23.29,81.61,2234.72,Lua mi,-5.68E-14,0
2000,Phu Yen,25.37,28.28,23.29,81.61,2234.72,Lua mua,20.7,10.2
2000,Phu Yen,25.37,28.28,23.29,81.61,2234.72,Ngo,2.8,4
2000,Phu Yen,25.37,28.28,23.29,81.61,2234.72,San,24.3,2.6
2001,Phu Yen,25.81,28.95,23.56,79.3,1603.29,Khoai,2.9,0.6
2001,Phu Yen,25.81,28.95,23.56,79.3,1603.29,Lua dong xuan,129.6,25.3
2001,Phu Yen,25.81,28.95,23.56,79.3,1603.29,Lua he thu,134.9,23.4
2001,Phu Yen,25.81,28.95,23.56,79.3,1603.29,Lua mi,0,0
2001,Phu Yen,25.81,28.95,23.56,79.3,1603.29,Lua mua,16.1,10.8
2001,Phu Yen,25.81,28.95,23.56,79.3,1603.29,Ngo,3.5,4.9
2001,Phu Yen,25.81,28.95,23.56,79.3,1603.29,San,34.6,3
2002,Phu Yen,25.87,29,23.65,78.68,1564.39,Khoai,2.3,0.5
2002,Phu Yen,25.87,29,23.65,78.68,1564.39,Lua dong xuan,154.8,25.1
2002,Phu Yen,25.87,29,23.65,78.68,1564.39,Lua he thu,115,22.8
2002,Phu Yen,25.87,29,23.65,78.68,1564.39,Lua mi,0,7.11E-15
2002,Phu Yen,25.87,29,23.65,78.68,1564.39,Lua mua,24.7,10.4
2002,Phu Yen,25.87,29,23.65,78.68,1564.39,Ngo,4.2,5.3
2002,Phu Yen,25.87,29,23.65,78.68,1564.39,San,46.6,4
2003,Phu Yen,25.73,28.98,23.41,78.99,1434.51,Khoai,2,0.4
2003,Phu Yen,25.73,28.98,23.41,78.99,1434.51,Lua dong xuan,152.4,25.2
2003,Phu Yen,25.73,28.98,23.41,78.99,1434.51,Lua he thu,140.5,23.7
2003,Phu Yen,25.73,28.98,23.41,78.99,1434.51,Lua mi,5.68E-14,0
2003,Phu Yen,25.73,28.98,23.41,78.99,1434.51,Lua mua,25.3,10.2
2003,Phu Yen,25.73,28.98,23.41,78.99,1434.51,Ngo,8.9,5.6
2003,Phu Yen,25.73,28.98,23.41,78.99,1434.51,San,76.2,4.7
2004,Phu Yen,25.59,28.82,23.22,77.84,1211.05,Khoai,1.5,0.3
2004,Phu Yen,25.59,28.82,23.22,77.84,1211.05,Lua dong xuan,152.1,25.4
2004,Phu Yen,25.59,28.82,23.22,77.84,1211.05,Lua he thu,146.7,24
2004,Phu Yen,25.59,28.82,23.22,77.84,1211.05,Lua mi,0,0
2004,Phu Yen,25.59,28.82,23.22,77.84,1211.05,Lua mua,25.5,10.1
2004,Phu Yen,25.59,28.82,23.22,77.84,1211.05,Ngo,10.9,5.8
2004,Phu Yen,25.59,28.82,23.22,77.84,1211.05,San,95.7,5.6
2005,Phu Yen,25.63,28.76,23.42,79.62,2056.46,Khoai,1.3,0.3
2005,Phu Yen,25.63,28.76,23.42,79.62,2056.46,Lua dong xuan,154.4,25.3
2005,Phu Yen,25.63,28.76,23.42,79.62,2056.46,Lua he thu,137.6,22.7
2005,Phu Yen,25.63,28.76,23.42,79.62,2056.46,Lua mi,0,0
2005,Phu Yen,25.63,28.76,23.42,79.62,2056.46,Lua mua,23.5,10.3
2005,Phu Yen,25.63,28.76,23.42,79.62,2056.46,Ngo,12.8,6.2
2005,Phu Yen,25.63,28.76,23.42,79.62,2056.46,San,173.2,10.6
2006,Phu Yen,25.74,28.81,23.52,79.77,1608.47,Khoai,1.4,0.3
2006,Phu Yen,25.74,28.81,23.52,79.77,1608.47,Lua dong xuan,140.5,25.3
2006,Phu Yen,25.74,28.81,23.52,79.77,1608.47,Lua he thu,146.8,23.6
2006,Phu Yen,25.74,28.81,23.52,79.77,1608.47,Lua mi,0,0
2006,Phu Yen,25.74,28.81,23.52,79.77,1608.47,Lua mua,26.9,9
2006,Phu Yen,25.74,28.81,23.52,79.77,1608.47,Ngo,16.2,6.9
2006,Phu Yen,25.74,28.81,23.52,79.77,1608.47,San,155.2,10.4
2007,Phu Yen,25.44,28.45,23.28,80.96,2410.93,Khoai,1.4,0.3
2007,Phu Yen,25.44,28.45,23.28,80.96,2410.93,Lua dong xuan,165.8,25.5
2007,Phu Yen,25.44,28.45,23.28,80.96,2410.93,Lua he thu,138.4,23.4
2007,Phu Yen,25.44,28.45,23.28,80.96,2410.93,Lua mi,0,0
2007,Phu Yen,25.44,28.45,23.28,80.96,2410.93,Lua mua,17.8,7.7
2007,Phu Yen,25.44,28.45,23.28,80.96,2410.93,Ngo,15.4,5.8
2007,Phu Yen,25.44,28.45,23.28,80.96,2410.93,San,184.7,13.1
2008,Phu Yen,25.22,28.22,23.1,81.28,2300.34,Khoai,1.1,0.2
2008,Phu Yen,25.22,28.22,23.1,81.28,2300.34,Lua dong xuan,118.1,25.6
2008,Phu Yen,25.22,28.22,23.1,81.28,2300.34,Lua he thu,156.1,23.7
2008,Phu Yen,25.22,28.22,23.1,81.28,2300.34,Lua mi,0,0
2008,Phu Yen,25.22,28.22,23.1,81.28,2300.34,Lua mua,20.4,7.4
2008,Phu Yen,25.22,28.22,23.1,81.28,2300.34,Ngo,17.5,6.4
2008,Phu Yen,25.22,28.22,23.1,81.28,2300.34,San,247.9,16.5
2009,Phu Yen,25.53,28.59,23.32,80.91,2101.19,Khoai,1.6,0.3
2009,Phu Yen,25.53,28.59,23.32,80.91,2101.19,Lua dong xuan,163.4,25.7
2009,Phu Yen,25.53,28.59,23.32,80.91,2101.19,Lua he thu,151.7,24
2009,Phu Yen,25.53,28.59,23.32,80.91,2101.19,Lua mi,0,-7.11E-15
2009,Phu Yen,25.53,28.59,23.32,80.91,2101.19,Lua mua,11.7,7
2009,Phu Yen,25.53,28.59,23.32,80.91,2101.19,Ngo,15.3,6.6
2009,Phu Yen,25.53,28.59,23.32,80.91,2101.19,San,154.8,14.2
2010,Phu Yen,26.09,29.27,23.8,80.59,2340.28,Khoai,1.6,0.3
2010,Phu Yen,26.09,29.27,23.8,80.59,2340.28,Lua dong xuan,175.2,26.1
2010,Phu Yen,26.09,29.27,23.8,80.59,2340.28,Lua he thu,153.7,23.8
2010,Phu Yen,26.09,29.27,23.8,80.59,2340.28,Lua mi,0,0
2010,Phu Yen,26.09,29.27,23.8,80.59,2340.28,Lua mua,17.9,6.6
2010,Phu Yen,26.09,29.27,23.8,80.59,2340.28,Ngo,17.2,6.9
2010,Phu Yen,26.09,29.27,23.8,80.59,2340.28,San,176.7,15.2
2011,Phu Yen,25.26,28.05,23.24,80.06,2047.88,Khoai,1.5,0.3
2011,Phu Yen,25.26,28.05,23.24,80.06,2047.88,Lua dong xuan,156.9,26.4
2011,Phu Yen,25.26,28.05,23.24,80.06,2047.88,Lua he thu,167.2,24.4
2011,Phu Yen,25.26,28.05,23.24,80.06,2047.88,Lua mi,0,0
2011,Phu Yen,25.26,28.05,23.24,80.06,2047.88,Lua mua,20.1,6.6
2011,Phu Yen,25.26,28.05,23.24,80.06,2047.88,Ngo,21,6.6
2011,Phu Yen,25.26,28.05,23.24,80.06,2047.88,San,280,17.9
2012,Phu Yen,26.01,28.96,23.9,80.1,1582.63,Khoai,1.3,0.3
2012,Phu Yen,26.01,28.96,23.9,80.1,1582.63,Lua dong xuan,166.6,26.3
2012,Phu Yen,26.01,28.96,23.9,80.1,1582.63,Lua he thu,158.4,24.5
2012,Phu Yen,26.01,28.96,23.9,80.1,1582.63,Lua mi,0,0
2012,Phu Yen,26.01,28.96,23.9,80.1,1582.63,Lua mua,21,6.3
2012,Phu Yen,26.01,28.96,23.9,80.1,1582.63,Ngo,22.7,6
2012,Phu Yen,26.01,28.96,23.9,80.1,1582.63,San,305.7,19.1
2013,Phu Yen,25.73,28.57,23.63,80.05,1888.84,Khoai,1.7,0.3
2013,Phu Yen,25.73,28.57,23.63,80.05,1888.84,Lua dong xuan,181.7,26.9
2013,Phu Yen,25.73,28.57,23.63,80.05,1888.84,Lua he thu,162.5,25
2013,Phu Yen,25.73,28.57,23.63,80.05,1888.84,Lua mi,0,0
2013,Phu Yen,25.73,28.57,23.63,80.05,1888.84,Lua mua,19.6,5.9
2013,Phu Yen,25.73,28.57,23.63,80.05,1888.84,Ngo,22.7,6.3
2013,Phu Yen,25.73,28.57,23.63,80.05,1888.84,San,378.5,22.3
2014,Phu Yen,25.73,28.77,23.49,79.27,1521.88,Khoai,1.2,0.2
2014,Phu Yen,25.73,28.77,23.49,79.27,1521.88,Lua dong xuan,188.7,26.9
2014,Phu Yen,25.73,28.77,23.49,79.27,1521.88,Lua he thu,157.7,24.4
2014,Phu Yen,25.73,28.77,23.49,79.27,1521.88,Lua mi,0,0
2014,Phu Yen,25.73,28.77,23.49,79.27,1521.88,Lua mua,18.6,5.7
2014,Phu Yen,25.73,28.77,23.49,79.27,1521.88,Ngo,22,6.2
2014,Phu Yen,25.73,28.77,23.49,79.27,1521.88,San,354,19.5
2015,Phu Yen,26.12,29.31,23.76,78.94,1252.76,Khoai,0.9,0.2
2015,Phu Yen,26.12,29.31,23.76,78.94,1252.76,Lua dong xuan,195.6,26.9
2015,Phu Yen,26.12,29.31,23.76,78.94,1252.76,Lua he thu,162.8,24.5
2015,Phu Yen,26.12,29.31,23.76,78.94,1252.76,Lua mi,-5.68E-14,0
2015,Phu Yen,26.12,29.31,23.76,78.94,1252.76,Lua mua,19.7,5.8
2015,Phu Yen,26.12,29.31,23.76,78.94,1252.76,Ngo,23.8,5.9
2015,Phu Yen,26.12,29.31,23.76,78.94,1252.76,San,414.1,23
2016,Phu Yen,26.38,29.53,24.13,79.88,1944.33,Khoai,1,0.2
2016,Phu Yen,26.38,29.53,24.13,79.88,1944.33,Lua dong xuan,182.1,26.9
2016,Phu Yen,26.38,29.53,24.13,79.88,1944.33,Lua he thu,174.5,24.8
2016,Phu Yen,26.38,29.53,24.13,79.88,1944.33,Lua mi,0,0
2016,Phu Yen,26.38,29.53,24.13,79.88,1944.33,Lua mua,19.6,5.8
2016,Phu Yen,26.38,29.53,24.13,79.88,1944.33,Ngo,22.5,5.8
2016,Phu Yen,26.38,29.53,24.13,79.88,1944.33,San,527.9,25.2
2017,Phu Yen,26.16,29.22,23.94,81.02,2353.43,Khoai,0.9,0.1
2017,Phu Yen,26.16,29.22,23.94,81.02,2353.43,Lua dong xuan,185.1,26.8
2017,Phu Yen,26.16,29.22,23.94,81.02,2353.43,Lua he thu,171.3,24.9
2017,Phu Yen,26.16,29.22,23.94,81.02,2353.43,Lua mi,5.68E-14,0
2017,Phu Yen,26.16,29.22,23.94,81.02,2353.43,Lua mua,18,5.2
2017,Phu Yen,26.16,29.22,23.94,81.02,2353.43,Ngo,22.4,5.5
2017,Phu Yen,26.16,29.22,23.94,81.02,2353.43,San,502.5,23.1
2018,Phu Yen,26.15,29.18,23.96,79.37,1593.45,Khoai,0.9,94
2018,Phu Yen,26.15,29.18,23.96,79.37,1593.45,Lua dong xuan,202.6,26.9
2018,Phu Yen,26.15,29.18,23.96,79.37,1593.45,Lua he thu,171.8,24.8
2018,Phu Yen,26.15,29.18,23.96,79.37,1593.45,Lua mi,5.68E-14,0
2018,Phu Yen,26.15,29.18,23.96,79.37,1593.45,Lua mua,17.8,4.9
2018,Phu Yen,26.15,29.18,23.96,79.37,1593.45,Ngo,25.9,6
2018,Phu Yen,26.15,29.18,23.96,79.37,1593.45,San,526.4,24.7
2019,Phu Yen,26.69,29.91,24.29,77.51,1570.92,Khoai,0.7,73
2019,Phu Yen,26.69,29.91,24.29,77.51,1570.92,Lua dong xuan,197.8,26.6
2019,Phu Yen,26.69,29.91,24.29,77.51,1570.92,Lua he thu,160.1,24.7
2019,Phu Yen,26.69,29.91,24.29,77.51,1570.92,Lua mi,0.5,0.1
2019,Phu Yen,26.69,29.91,24.29,77.51,1570.92,Lua mua,15,4.1
2019,Phu Yen,26.69,29.91,24.29,77.51,1570.92,Ngo,23.7,5.2
2019,Phu Yen,26.69,29.91,24.29,77.51,1570.92,San,569.1,25.9
2020,Phu Yen,26.15,29.3,23.89,80.36,2003.18,Khoai,0.8,81
2020,Phu Yen,26.15,29.3,23.89,80.36,2003.18,Lua dong xuan,198.7,26.5
2020,Phu Yen,26.15,29.3,23.89,80.36,2003.18,Lua he thu,176.1,24.1
2020,Phu Yen,26.15,29.3,23.89,80.36,2003.18,Lua mi,-5.68E-14,0
2020,Phu Yen,26.15,29.3,23.89,80.36,2003.18,Lua mua,15.5,4.2
2020,Phu Yen,26.15,29.3,23.89,80.36,2003.18,Ngo,22.1,4.6
2020,Phu Yen,26.15,29.3,23.89,80.36,2003.18,San,664.4,29.5
2021,Phu Yen,25.7,28.64,23.55,79.64,2091.32,Khoai,0.8,84
2021,Phu Yen,25.7,28.64,23.55,79.64,2091.32,Lua dong xuan,207.1,26.6
2021,Phu Yen,25.7,28.64,23.55,79.64,2091.32,Lua he thu,167.5,24.6
2021,Phu Yen,25.7,28.64,23.55,79.64,2091.32,Lua mi,0,-0.1
2021,Phu Yen,25.7,28.64,23.55,79.64,2091.32,Lua mua,15.7,4
2021,Phu Yen,25.7,28.64,23.55,79.64,2091.32,Ngo,20.3,4.2
2021,Phu Yen,25.7,28.64,23.55,79.64,2091.32,San,671.9,29.7
2022,Phu Yen,25.62,28.56,23.46,80.91,2107.96,Khoai,0.7,69.8
2022,Phu Yen,25.62,28.56,23.46,80.91,2107.96,Lua dong xuan,174.2,26.8
2022,Phu Yen,25.62,28.56,23.46,80.91,2107.96,Lua he thu,173.2,24.9
2022,Phu Yen,25.62,28.56,23.46,80.91,2107.96,Lua mi,0,0
2022,Phu Yen,25.62,28.56,23.46,80.91,2107.96,Lua mua,15,3.8
2022,Phu Yen,25.62,28.56,23.46,80.91,2107.96,Ngo,19.8,4
2022,Phu Yen,25.62,28.56,23.46,80.91,2107.96,San,628.6,25
2023,Phu Yen,26.1,29.14,23.94,79.78,1654.23,Khoai,0.6,60.5
2023,Phu Yen,26.1,29.14,23.94,79.78,1654.23,Lua dong xuan,198,26.7
2023,Phu Yen,26.1,29.14,23.94,79.78,1654.23,Lua he thu,173.7,24.8
2023,Phu Yen,26.1,29.14,23.94,79.78,1654.23,Lua mi,0,-0.1
2023,Phu Yen,26.1,29.14,23.94,79.78,1654.23,Lua mua,14.9,3.7
2023,Phu Yen,26.1,29.14,23.94,79.78,1654.23,Ngo,18.4,3.7
2023,Phu Yen,26.1,29.14,23.94,79.78,1654.23,San,510.4,25
2024,Phu Yen,26.37,29.47,24.14,79.22,1750.62,Khoai,0.6,57.8
2024,Phu Yen,26.37,29.47,24.14,79.22,1750.62,Lua dong xuan,203.8,26.6
2024,Phu Yen,26.37,29.47,24.14,79.22,1750.62,Lua he thu,176.6,24.7
2024,Phu Yen,26.37,29.47,24.14,79.22,1750.62,Lua mi,0,0
2024,Phu Yen,26.37,29.47,24.14,79.22,1750.62,Lua mua,14.5,3.6
2024,Phu Yen,26.37,29.47,24.14,79.22,1750.62,Ngo,18.6,3.6
2024,Phu Yen,26.37,29.47,24.14,79.22,1750.62,San,498.6,23.8
1995,Quang Binh,23.27,26.37,20.92,83.89,2162.94,Khoai,38.7,8.5
1995,Quang Binh,23.27,26.37,20.92,83.89,2162.94,Lua dong xuan,87,25.2
1995,Quang Binh,23.27,26.37,20.92,83.89,2162.94,Lua he thu,31.1,13.8
1995,Quang Binh,23.27,26.37,20.92,83.89,2162.94,Lua mi,0,-7.11E-15
1995,Quang Binh,23.27,26.37,20.92,83.89,2162.94,Lua mua,5.8,6.6
1995,Quang Binh,23.27,26.37,20.92,83.89,2162.94,Ngo,4.7,2.7
1995,Quang Binh,23.27,26.37,20.92,83.89,2162.94,San,7,4.3
1996,Quang Binh,23.01,26.07,20.69,84.86,2332.58,Khoai,34,7.5
1996,Quang Binh,23.01,26.07,20.69,84.86,2332.58,Lua dong xuan,102.8,25.5
1996,Quang Binh,23.01,26.07,20.69,84.86,2332.58,Lua he thu,45.1,15.6
1996,Quang Binh,23.01,26.07,20.69,84.86,2332.58,Lua mi,0,0
1996,Quang Binh,23.01,26.07,20.69,84.86,2332.58,Lua mua,6.2,6
1996,Quang Binh,23.01,26.07,20.69,84.86,2332.58,Ngo,5.5,2.8
1996,Quang Binh,23.01,26.07,20.69,84.86,2332.58,San,15,4.7
1997,Quang Binh,23.65,26.85,21.25,83.98,1898.28,Khoai,32.7,6.7
1997,Quang Binh,23.65,26.85,21.25,83.98,1898.28,Lua dong xuan,98.7,25.5
1997,Quang Binh,23.65,26.85,21.25,83.98,1898.28,Lua he thu,46.8,15.3
1997,Quang Binh,23.65,26.85,21.25,83.98,1898.28,Lua mi,0,0
1997,Quang Binh,23.65,26.85,21.25,83.98,1898.28,Lua mua,5.7,5.6
1997,Quang Binh,23.65,26.85,21.25,83.98,1898.28,Ngo,8.5,3.1
1997,Quang Binh,23.65,26.85,21.25,83.98,1898.28,San,30.2,4.6
1998,Quang Binh,24.48,27.81,22,82.06,1814.98,Khoai,27.4,5.8
1998,Quang Binh,24.48,27.81,22,82.06,1814.98,Lua dong xuan,96.7,25.8
1998,Quang Binh,24.48,27.81,22,82.06,1814.98,Lua he thu,22.8,14.2
1998,Quang Binh,24.48,27.81,22,82.06,1814.98,Lua mi,0,7.11E-15
1998,Quang Binh,24.48,27.81,22,82.06,1814.98,Lua mua,2.1,4.4
1998,Quang Binh,24.48,27.81,22,82.06,1814.98,Ngo,6.8,2.8
1998,Quang Binh,24.48,27.81,22,82.06,1814.98,San,16.9,4.3
1999,Quang Binh,23.4,26.44,21.13,83.66,2049.24,Khoai,37.9,7.1
1999,Quang Binh,23.4,26.44,21.13,83.66,2049.24,Lua dong xuan,108.6,25.9
1999,Quang Binh,23.4,26.44,21.13,83.66,2049.24,Lua he thu,58.1,16.5
1999,Quang Binh,23.4,26.44,21.13,83.66,2049.24,Lua mi,0,0
1999,Quang Binh,23.4,26.44,21.13,83.66,2049.24,Lua mua,3.2,4.5
1999,Quang Binh,23.4,26.44,21.13,83.66,2049.24,Ngo,7.7,3.4
1999,Quang Binh,23.4,26.44,21.13,83.66,2049.24,San,28.5,4.2
2000,Quang Binh,23.15,26.17,20.9,85.31,2055.62,Khoai,35.6,6.1
2000,Quang Binh,23.15,26.17,20.9,85.31,2055.62,Lua dong xuan,119.2,25.9
2000,Quang Binh,23.15,26.17,20.9,85.31,2055.62,Lua he thu,68.9,17.3
2000,Quang Binh,23.15,26.17,20.9,85.31,2055.62,Lua mi,0.1,0.1
2000,Quang Binh,23.15,26.17,20.9,85.31,2055.62,Lua mua,3,3
2000,Quang Binh,23.15,26.17,20.9,85.31,2055.62,Ngo,10.4,3.3
2000,Quang Binh,23.15,26.17,20.9,85.31,2055.62,San,27.9,4.3
2001,Quang Binh,23.46,26.48,21.16,85.14,2015.92,Khoai,34.9,6.1
2001,Quang Binh,23.46,26.48,21.16,85.14,2015.92,Lua dong xuan,116.6,26.4
2001,Quang Binh,23.46,26.48,21.16,85.14,2015.92,Lua he thu,71.8,19
2001,Quang Binh,23.46,26.48,21.16,85.14,2015.92,Lua mi,0.2,0.1
2001,Quang Binh,23.46,26.48,21.16,85.14,2015.92,Lua mua,3.3,2.3
2001,Quang Binh,23.46,26.48,21.16,85.14,2015.92,Ngo,10.7,3.3
2001,Quang Binh,23.46,26.48,21.16,85.14,2015.92,San,26.9,3.8
2002,Quang Binh,23.57,26.73,21.19,85.5,1960.77,Khoai,30.4,5
2002,Quang Binh,23.57,26.73,21.19,85.5,1960.77,Lua dong xuan,130.1,26.4
2002,Quang Binh,23.57,26.73,21.19,85.5,1960.77,Lua he thu,72.9,19.3
2002,Quang Binh,23.57,26.73,21.19,85.5,1960.77,Lua mi,0.1,0.1
2002,Quang Binh,23.57,26.73,21.19,85.5,1960.77,Lua mua,3.1,2.1
2002,Quang Binh,23.57,26.73,21.19,85.5,1960.77,Ngo,11.3,3.2
2002,Quang Binh,23.57,26.73,21.19,85.5,1960.77,San,27.5,3.6
2003,Quang Binh,23.89,27.26,21.35,83.76,1724.77,Khoai,27.4,4.4
2003,Quang Binh,23.89,27.26,21.35,83.76,1724.77,Lua dong xuan,134,26.7
2003,Quang Binh,23.89,27.26,21.35,83.76,1724.77,Lua he thu,71,19.2
2003,Quang Binh,23.89,27.26,21.35,83.76,1724.77,Lua mi,0,0
2003,Quang Binh,23.89,27.26,21.35,83.76,1724.77,Lua mua,2.3,1.5
2003,Quang Binh,23.89,27.26,21.35,83.76,1724.77,Ngo,11.5,3.1
2003,Quang Binh,23.89,27.26,21.35,83.76,1724.77,San,37.8,4
2004,Quang Binh,23.18,26.43,20.65,84.96,1863.59,Khoai,31.7,4.8
2004,Quang Binh,23.18,26.43,20.65,84.96,1863.59,Lua dong xuan,141.3,26.8
2004,Quang Binh,23.18,26.43,20.65,84.96,1863.59,Lua he thu,80.9,20.1
2004,Quang Binh,23.18,26.43,20.65,84.96,1863.59,Lua mi,0.2,0.1
2004,Quang Binh,23.18,26.43,20.65,84.96,1863.59,Lua mua,3,1.4
2004,Quang Binh,23.18,26.43,20.65,84.96,1863.59,Ngo,16.4,3.9
2004,Quang Binh,23.18,26.43,20.65,84.96,1863.59,San,56.1,5
2005,Quang Binh,23.59,26.77,21.17,83.52,1993.34,Khoai,28.4,4.3
2005,Quang Binh,23.59,26.77,21.17,83.52,1993.34,Lua dong xuan,140.9,27
2005,Quang Binh,23.59,26.77,21.17,83.52,1993.34,Lua he thu,79.2,20.5
2005,Quang Binh,23.59,26.77,21.17,83.52,1993.34,Lua mi,0.2,0.1
2005,Quang Binh,23.59,26.77,21.17,83.52,1993.34,Lua mua,1.4,0.7
2005,Quang Binh,23.59,26.77,21.17,83.52,1993.34,Ngo,14.8,4.1
2005,Quang Binh,23.59,26.77,21.17,83.52,1993.34,San,74.6,5.6
2006,Quang Binh,23.88,27.15,21.42,83.59,1815.01,Khoai,26.9,4
2006,Quang Binh,23.88,27.15,21.42,83.59,1815.01,Lua dong xuan,145.1,26.9
2006,Quang Binh,23.88,27.15,21.42,83.59,1815.01,Lua he thu,84.4,21.3
2006,Quang Binh,23.88,27.15,21.42,83.59,1815.01,Lua mi,0.3,0.2
2006,Quang Binh,23.88,27.15,21.42,83.59,1815.01,Lua mua,2.3,0.9
2006,Quang Binh,23.88,27.15,21.42,83.59,1815.01,Ngo,18.9,4.7
2006,Quang Binh,23.88,27.15,21.42,83.59,1815.01,San,90.4,6.1
2007,Quang Binh,23.72,26.87,21.3,83.52,2318.49,Khoai,28,4.1
2007,Quang Binh,23.72,26.87,21.3,83.52,2318.49,Lua dong xuan,142.4,27.1
2007,Quang Binh,23.72,26.87,21.3,83.52,2318.49,Lua he thu,71.5,21.9
2007,Quang Binh,23.72,26.87,21.3,83.52,2318.49,Lua mi,0.4,-0.1
2007,Quang Binh,23.72,26.87,21.3,83.52,2318.49,Lua mua,1.9,1
2007,Quang Binh,23.72,26.87,21.3,83.52,2318.49,Ngo,18.9,4.8
2007,Quang Binh,23.72,26.87,21.3,83.52,2318.49,San,95,6
2008,Quang Binh,22.98,26,20.67,84.32,1969.22,Khoai,26.7,4.2
2008,Quang Binh,22.98,26,20.67,84.32,1969.22,Lua dong xuan,145.9,27.2
2008,Quang Binh,22.98,26,20.67,84.32,1969.22,Lua he thu,91.8,22.1
2008,Quang Binh,22.98,26,20.67,84.32,1969.22,Lua mi,0.2,-0.5
2008,Quang Binh,22.98,26,20.67,84.32,1969.22,Lua mua,2.4,0.9
2008,Quang Binh,22.98,26,20.67,84.32,1969.22,Ngo,21.1,5.1
2008,Quang Binh,22.98,26,20.67,84.32,1969.22,San,96.1,5.8
2009,Quang Binh,23.82,27.04,21.24,84.1,2095.37,Khoai,26.6,4
2009,Quang Binh,23.82,27.04,21.24,84.1,2095.37,Lua dong xuan,148.4,27.2
2009,Quang Binh,23.82,27.04,21.24,84.1,2095.37,Lua he thu,93.9,22.9
2009,Quang Binh,23.82,27.04,21.24,84.1,2095.37,Lua mi,0.3,0.1
2009,Quang Binh,23.82,27.04,21.24,84.1,2095.37,Lua mua,1.1,0.7
2009,Quang Binh,23.82,27.04,21.24,84.1,2095.37,Ngo,21.1,4.6
2009,Quang Binh,23.82,27.04,21.24,84.1,2095.37,San,92.3,5.8
2010,Quang Binh,24.31,27.64,21.76,83.6,2415.16,Khoai,28.7,4.1
2010,Quang Binh,24.31,27.64,21.76,83.6,2415.16,Lua dong xuan,152,28.3
2010,Quang Binh,24.31,27.64,21.76,83.6,2415.16,Lua he thu,82.5,23.2
2010,Quang Binh,24.31,27.64,21.76,83.6,2415.16,Lua mi,0.2,0.1
2010,Quang Binh,24.31,27.64,21.76,83.6,2415.16,Lua mua,0.2,0.6
2010,Quang Binh,24.31,27.64,21.76,83.6,2415.16,Ngo,19.1,4.5
2010,Quang Binh,24.31,27.64,21.76,83.6,2415.16,San,94.6,5.9
2011,Quang Binh,22.55,25.42,20.27,85.95,2593.57,Khoai,28.5,4.1
2011,Quang Binh,22.55,25.42,20.27,85.95,2593.57,Lua dong xuan,164.6,28.6
2011,Quang Binh,22.55,25.42,20.27,85.95,2593.57,Lua he thu,94.8,23.6
2011,Quang Binh,22.55,25.42,20.27,85.95,2593.57,Lua mi,0.2,0.1
2011,Quang Binh,22.55,25.42,20.27,85.95,2593.57,Lua mua,0.8,0.6
2011,Quang Binh,22.55,25.42,20.27,85.95,2593.57,Ngo,21,4.6
2011,Quang Binh,22.55,25.42,20.27,85.95,2593.57,San,96.2,5.7
2012,Quang Binh,24.01,27.22,21.57,84.59,1572.01,Khoai,28.2,4
2012,Quang Binh,24.01,27.22,21.57,84.59,1572.01,Lua dong xuan,167.8,28.9
2012,Quang Binh,24.01,27.22,21.57,84.59,1572.01,Lua he thu,93.8,24
2012,Quang Binh,24.01,27.22,21.57,84.59,1572.01,Lua mi,0.3,0.1
2012,Quang Binh,24.01,27.22,21.57,84.59,1572.01,Lua mua,0.8,0.5
2012,Quang Binh,24.01,27.22,21.57,84.59,1572.01,Ngo,21.3,4.6
2012,Quang Binh,24.01,27.22,21.57,84.59,1572.01,San,97.3,5.7
2013,Quang Binh,23.67,26.76,21.26,84.62,2526.25,Khoai,28.3,3.9
2013,Quang Binh,23.67,26.76,21.26,84.62,2526.25,Lua dong xuan,166.8,29
2013,Quang Binh,23.67,26.76,21.26,84.62,2526.25,Lua he thu,84.8,24
2013,Quang Binh,23.67,26.76,21.26,84.62,2526.25,Lua mi,0.3,0.1
2013,Quang Binh,23.67,26.76,21.26,84.62,2526.25,Lua mua,0.3,0.5
2013,Quang Binh,23.67,26.76,21.26,84.62,2526.25,Ngo,21.8,4.5
2013,Quang Binh,23.67,26.76,21.26,84.62,2526.25,San,98.8,5.6
2014,Quang Binh,23.98,27.27,21.48,84.15,1717.82,Khoai,27.5,3.7
2014,Quang Binh,23.98,27.27,21.48,84.15,1717.82,Lua dong xuan,179,29.6
2014,Quang Binh,23.98,27.27,21.48,84.15,1717.82,Lua he thu,97.6,24.1
2014,Quang Binh,23.98,27.27,21.48,84.15,1717.82,Lua mi,0.3,0.1
2014,Quang Binh,23.98,27.27,21.48,84.15,1717.82,Lua mua,0.8,0.5
2014,Quang Binh,23.98,27.27,21.48,84.15,1717.82,Ngo,21.4,4.5
2014,Quang Binh,23.98,27.27,21.48,84.15,1717.82,San,108.2,5.8
2015,Quang Binh,24.71,28.16,22.03,82.41,1768.07,Khoai,26.3,3.7
2015,Quang Binh,24.71,28.16,22.03,82.41,1768.07,Lua dong xuan,180,30.1
2015,Quang Binh,24.71,28.16,22.03,82.41,1768.07,Lua he thu,94.6,23.5
2015,Quang Binh,24.71,28.16,22.03,82.41,1768.07,Lua mi,0.4,0.1
2015,Quang Binh,24.71,28.16,22.03,82.41,1768.07,Lua mua,0.8,0.5
2015,Quang Binh,24.71,28.16,22.03,82.41,1768.07,Ngo,23.3,4.7
2015,Quang Binh,24.71,28.16,22.03,82.41,1768.07,San,114.6,6.3
2016,Quang Binh,24.51,27.86,21.88,81.92,2137.08,Khoai,26.5,3.7
2016,Quang Binh,24.51,27.86,21.88,81.92,2137.08,Lua dong xuan,181,30.1
2016,Quang Binh,24.51,27.86,21.88,81.92,2137.08,Lua he thu,99.7,24.3
2016,Quang Binh,24.51,27.86,21.88,81.92,2137.08,Lua mi,0.5,0
2016,Quang Binh,24.51,27.86,21.88,81.92,2137.08,Lua mua,0.7,0.6
2016,Quang Binh,24.51,27.86,21.88,81.92,2137.08,Ngo,25,4.9
2016,Quang Binh,24.51,27.86,21.88,81.92,2137.08,San,129.1,6.9
2017,Quang Binh,24.07,27.06,21.72,84.59,2719.98,Khoai,25.5,3.5
2017,Quang Binh,24.07,27.06,21.72,84.59,2719.98,Lua dong xuan,184.5,30
2017,Quang Binh,24.07,27.06,21.72,84.59,2719.98,Lua he thu,99.8,24.8
2017,Quang Binh,24.07,27.06,21.72,84.59,2719.98,Lua mi,0.4,0.1
2017,Quang Binh,24.07,27.06,21.72,84.59,2719.98,Lua mua,0.4,0.6
2017,Quang Binh,24.07,27.06,21.72,84.59,2719.98,Ngo,25.4,4.9
2017,Quang Binh,24.07,27.06,21.72,84.59,2719.98,San,118.7,6.4
2018,Quang Binh,24,27.13,21.55,84.76,1809.78,Khoai,25.8,3482
2018,Quang Binh,24,27.13,21.55,84.76,1809.78,Lua dong xuan,184.7,29.9
2018,Quang Binh,24,27.13,21.55,84.76,1809.78,Lua he thu,99.3,23.8
2018,Quang Binh,24,27.13,21.55,84.76,1809.78,Lua mi,0.4,0.1
2018,Quang Binh,24,27.13,21.55,84.76,1809.78,Lua mua,0.7,0.6
2018,Quang Binh,24,27.13,21.55,84.76,1809.78,Ngo,25.3,4.7
2018,Quang Binh,24,27.13,21.55,84.76,1809.78,San,109.3,6
2019,Quang Binh,25.24,28.61,22.62,81.84,2092.32,Khoai,23.9,3218
2019,Quang Binh,25.24,28.61,22.62,81.84,2092.32,Lua dong xuan,184.9,29.5
2019,Quang Binh,25.24,28.61,22.62,81.84,2092.32,Lua he thu,75.4,22.2
2019,Quang Binh,25.24,28.61,22.62,81.84,2092.32,Lua mi,0.2,0.2
2019,Quang Binh,25.24,28.61,22.62,81.84,2092.32,Lua mua,0.6,0.5
2019,Quang Binh,25.24,28.61,22.62,81.84,2092.32,Ngo,23.3,4.4
2019,Quang Binh,25.24,28.61,22.62,81.84,2092.32,San,111.4,6.2
2020,Quang Binh,24.85,28.1,22.32,81.85,3006.03,Khoai,23.1,3082
2020,Quang Binh,24.85,28.1,22.32,81.85,3006.03,Lua dong xuan,183.1,29.6
2020,Quang Binh,24.85,28.1,22.32,81.85,3006.03,Lua he thu,90,23.1
2020,Quang Binh,24.85,28.1,22.32,81.85,3006.03,Lua mi,0.3,0.1
2020,Quang Binh,24.85,28.1,22.32,81.85,3006.03,Lua mua,0.3,0.5
2020,Quang Binh,24.85,28.1,22.32,81.85,3006.03,Ngo,23.8,4.3
2020,Quang Binh,24.85,28.1,22.32,81.85,3006.03,San,111.6,6.3
2021,Quang Binh,24.17,27.26,21.73,83.09,2229.78,Khoai,23.7,2998
2021,Quang Binh,24.17,27.26,21.73,83.09,2229.78,Lua dong xuan,190.1,29.6
2021,Quang Binh,24.17,27.26,21.73,83.09,2229.78,Lua he thu,102.4,23.6
2021,Quang Binh,24.17,27.26,21.73,83.09,2229.78,Lua mi,0.3,0.1
2021,Quang Binh,24.17,27.26,21.73,83.09,2229.78,Lua mua,0.5,0.5
2021,Quang Binh,24.17,27.26,21.73,83.09,2229.78,Ngo,28.8,4.7
2021,Quang Binh,24.17,27.26,21.73,83.09,2229.78,San,120.5,6.6
2022,Quang Binh,24,27.07,21.6,83.03,2297.96,Khoai,23.2,2993.6
2022,Quang Binh,24,27.07,21.6,83.03,2297.96,Lua dong xuan,174.8,29.4
2022,Quang Binh,24,27.07,21.6,83.03,2297.96,Lua he thu,95.3,23.2
2022,Quang Binh,24,27.07,21.6,83.03,2297.96,Lua mi,0.3,0.1
2022,Quang Binh,24,27.07,21.6,83.03,2297.96,Lua mua,0.5,0.4
2022,Quang Binh,24,27.07,21.6,83.03,2297.96,Ngo,26.5,4.5
2022,Quang Binh,24,27.07,21.6,83.03,2297.96,San,125,6.7
2023,Quang Binh,24.74,27.89,22.27,82.08,2145.35,Khoai,21,2707.9
2023,Quang Binh,24.74,27.89,22.27,82.08,2145.35,Lua dong xuan,183.6,29.4
2023,Quang Binh,24.74,27.89,22.27,82.08,2145.35,Lua he thu,97.4,23.3
2023,Quang Binh,24.74,27.89,22.27,82.08,2145.35,Lua mi,0.3,0.1
2023,Quang Binh,24.74,27.89,22.27,82.08,2145.35,Lua mua,0.4,0.3
2023,Quang Binh,24.74,27.89,22.27,82.08,2145.35,Ngo,26.7,4.5
2023,Quang Binh,24.74,27.89,22.27,82.08,2145.35,San,119.9,6.7
2024,Quang Binh,25.09,28.34,22.6,81.53,2123.84,Khoai,21.2,2737.3
2024,Quang Binh,25.09,28.34,22.6,81.53,2123.84,Lua dong xuan,189.7,29.2
2024,Quang Binh,25.09,28.34,22.6,81.53,2123.84,Lua he thu,107.8,24.1
2024,Quang Binh,25.09,28.34,22.6,81.53,2123.84,Lua mi,0.1,0.1
2024,Quang Binh,25.09,28.34,22.6,81.53,2123.84,Lua mua,0.4,0.2
2024,Quang Binh,25.09,28.34,22.6,81.53,2123.84,Ngo,25,4.6
2024,Quang Binh,25.09,28.34,22.6,81.53,2123.84,San,117.9,7.1
1995,Quang Nam,23.21,26.99,20.32,83.53,2681.05,Khoai,65.3,14.9
1995,Quang Nam,23.21,26.99,20.32,83.53,2681.05,Lua dong xuan,113.9,42.3
1995,Quang Nam,23.21,26.99,20.32,83.53,2681.05,Lua he thu,75.9,19.2
1995,Quang Nam,23.21,26.99,20.32,83.53,2681.05,Lua mi,0,0
1995,Quang Nam,23.21,26.99,20.32,83.53,2681.05,Lua mua,118.6,44.7
1995,Quang Nam,23.21,26.99,20.32,83.53,2681.05,Ngo,11.1,5.7
1995,Quang Nam,23.21,26.99,20.32,83.53,2681.05,San,110.1,14.6
1996,Quang Nam,23.12,26.81,20.29,83.99,2935.1,Khoai,60,14.7
1996,Quang Nam,23.12,26.81,20.29,83.99,2935.1,Lua dong xuan,134.4,42
1996,Quang Nam,23.12,26.81,20.29,83.99,2935.1,Lua he thu,78,19
1996,Quang Nam,23.12,26.81,20.29,83.99,2935.1,Lua mi,5.68E-14,0
1996,Quang Nam,23.12,26.81,20.29,83.99,2935.1,Lua mua,123,44.9
1996,Quang Nam,23.12,26.81,20.29,83.99,2935.1,Ngo,10.4,6
1996,Quang Nam,23.12,26.81,20.29,83.99,2935.1,San,96.7,13.9
1997,Quang Nam,23.58,27.49,20.64,82.69,2424.75,Khoai,61.8,11.5
1997,Quang Nam,23.58,27.49,20.64,82.69,2424.75,Lua dong xuan,136.3,41.5
1997,Quang Nam,23.58,27.49,20.64,82.69,2424.75,Lua he thu,74.7,18.2
1997,Quang Nam,23.58,27.49,20.64,82.69,2424.75,Lua mi,-5.68E-14,-1.42E-14
1997,Quang Nam,23.58,27.49,20.64,82.69,2424.75,Lua mua,120.6,46.2
1997,Quang Nam,23.58,27.49,20.64,82.69,2424.75,Ngo,15.1,6.7
1997,Quang Nam,23.58,27.49,20.64,82.69,2424.75,San,119.3,12.4
1998,Quang Nam,24.4,28.42,21.39,82.45,2870.64,Khoai,61.3,12.2
1998,Quang Nam,24.4,28.42,21.39,82.45,2870.64,Lua dong xuan,138,41.5
1998,Quang Nam,24.4,28.42,21.39,82.45,2870.64,Lua he thu,66.2,16.3
1998,Quang Nam,24.4,28.42,21.39,82.45,2870.64,Lua mi,0,0
1998,Quang Nam,24.4,28.42,21.39,82.45,2870.64,Lua mua,127.8,44.7
1998,Quang Nam,24.4,28.42,21.39,82.45,2870.64,Ngo,14.3,6
1998,Quang Nam,24.4,28.42,21.39,82.45,2870.64,San,106.5,12
1999,Quang Nam,23.31,26.81,20.7,84.48,3386.84,Khoai,52.9,11.2
1999,Quang Nam,23.31,26.81,20.7,84.48,3386.84,Lua dong xuan,144.4,41.4
1999,Quang Nam,23.31,26.81,20.7,84.48,3386.84,Lua he thu,63.1,15.8
1999,Quang Nam,23.31,26.81,20.7,84.48,3386.84,Lua mi,0,0
1999,Quang Nam,23.31,26.81,20.7,84.48,3386.84,Lua mua,137.2,45.7
1999,Quang Nam,23.31,26.81,20.7,84.48,3386.84,Ngo,14.8,7.3
1999,Quang Nam,23.31,26.81,20.7,84.48,3386.84,San,95.8,11.7
2000,Quang Nam,23.27,26.78,20.66,84.84,3283.56,Khoai,58.2,11.1
2000,Quang Nam,23.27,26.78,20.66,84.84,3283.56,Lua dong xuan,147.2,41.2
2000,Quang Nam,23.27,26.78,20.66,84.84,3283.56,Lua he thu,31.2,8.2
2000,Quang Nam,23.27,26.78,20.66,84.84,3283.56,Lua mi,0,0
2000,Quang Nam,23.27,26.78,20.66,84.84,3283.56,Lua mua,151.5,45.1
2000,Quang Nam,23.27,26.78,20.66,84.84,3283.56,Ngo,26.5,8.9
2000,Quang Nam,23.27,26.78,20.66,84.84,3283.56,San,105,11.5
2001,Quang Nam,23.64,27.32,20.9,83.76,2345.42,Khoai,64.6,10.8
2001,Quang Nam,23.64,27.32,20.9,83.76,2345.42,Lua dong xuan,162.3,42.1
2001,Quang Nam,23.64,27.32,20.9,83.76,2345.42,Lua he thu,4.1,1.1
2001,Quang Nam,23.64,27.32,20.9,83.76,2345.42,Lua mi,0,0
2001,Quang Nam,23.64,27.32,20.9,83.76,2345.42,Lua mua,164,45.8
2001,Quang Nam,23.64,27.32,20.9,83.76,2345.42,Ngo,35.6,9.7
2001,Quang Nam,23.64,27.32,20.9,83.76,2345.42,San,126.7,11.5
2002,Quang Nam,23.76,27.55,21,83.1,2346.79,Khoai,60.1,10.1
2002,Quang Nam,23.76,27.55,21,83.1,2346.79,Lua dong xuan,190.1,42.5
2002,Quang Nam,23.76,27.55,21,83.1,2346.79,Lua he thu,1.1,0.3
2002,Quang Nam,23.76,27.55,21,83.1,2346.79,Lua mi,-5.68E-14,0
2002,Quang Nam,23.76,27.55,21,83.1,2346.79,Lua mua,152.6,45.2
2002,Quang Nam,23.76,27.55,21,83.1,2346.79,Ngo,34.6,9.8
2002,Quang Nam,23.76,27.55,21,83.1,2346.79,San,160.5,12.6
2003,Quang Nam,23.69,27.59,20.79,83.11,2580.2,Khoai,60.4,9.7
2003,Quang Nam,23.69,27.59,20.79,83.11,2580.2,Lua dong xuan,200.8,42.7
2003,Quang Nam,23.69,27.59,20.79,83.11,2580.2,Lua he thu,0.8,0.2
2003,Quang Nam,23.69,27.59,20.79,83.11,2580.2,Lua mi,0,1.42E-14
2003,Quang Nam,23.69,27.59,20.79,83.11,2580.2,Lua mua,179.5,44.4
2003,Quang Nam,23.69,27.59,20.79,83.11,2580.2,Ngo,41.5,10.6
2003,Quang Nam,23.69,27.59,20.79,83.11,2580.2,San,163.2,12.6
2004,Quang Nam,23.34,27.21,20.29,82.68,2071.41,Khoai,58.4,9.1
2004,Quang Nam,23.34,27.21,20.29,82.68,2071.41,Lua dong xuan,190.6,42.1
2004,Quang Nam,23.34,27.21,20.29,82.68,2071.41,Lua he thu,0.6,0.2
2004,Quang Nam,23.34,27.21,20.29,82.68,2071.41,Lua mi,0,-1.42E-14
2004,Quang Nam,23.34,27.21,20.29,82.68,2071.41,Lua mua,192.8,44.1
2004,Quang Nam,23.34,27.21,20.29,82.68,2071.41,Ngo,42.9,10.7
2004,Quang Nam,23.34,27.21,20.29,82.68,2071.41,San,182.8,13.3
2005,Quang Nam,23.63,27.39,20.79,83.19,2641.65,Khoai,60.1,9.2
2005,Quang Nam,23.63,27.39,20.79,83.19,2641.65,Lua dong xuan,185.4,41.3
2005,Quang Nam,23.63,27.39,20.79,83.19,2641.65,Lua he thu,,
2005,Quang Nam,23.63,27.39,20.79,83.19,2641.65,Lua mi,0,0
2005,Quang Nam,23.63,27.39,20.79,83.19,2641.65,Lua mua,181.5,43.1
2005,Quang Nam,23.63,27.39,20.79,83.19,2641.65,Ngo,43.8,10.5
2005,Quang Nam,23.63,27.39,20.79,83.19,2641.65,San,180.2,13.2
2006,Quang Nam,23.78,27.58,20.92,83.13,2593.12,Khoai,54.7,8.8
2006,Quang Nam,23.78,27.58,20.92,83.13,2593.12,Lua dong xuan,200,40.8
2006,Quang Nam,23.78,27.58,20.92,83.13,2593.12,Lua he thu,,
2006,Quang Nam,23.78,27.58,20.92,83.13,2593.12,Lua mi,-5.68E-14,1.42E-14
2006,Quang Nam,23.78,27.58,20.92,83.13,2593.12,Lua mua,185.1,42.8
2006,Quang Nam,23.78,27.58,20.92,83.13,2593.12,Ngo,48.3,11.6
2006,Quang Nam,23.78,27.58,20.92,83.13,2593.12,San,191.2,13.5
2007,Quang Nam,23.56,27.27,20.78,83.95,3179.57,Khoai,50.4,8.1
2007,Quang Nam,23.56,27.27,20.78,83.95,3179.57,Lua dong xuan,202.8,40.4
2007,Quang Nam,23.56,27.27,20.78,83.95,3179.57,Lua he thu,,
2007,Quang Nam,23.56,27.27,20.78,83.95,3179.57,Lua mi,0,0
2007,Quang Nam,23.56,27.27,20.78,83.95,3179.57,Lua mua,192.3,43.7
2007,Quang Nam,23.56,27.27,20.78,83.95,3179.57,Ngo,51.2,11.7
2007,Quang Nam,23.56,27.27,20.78,83.95,3179.57,San,199.3,14.1
2008,Quang Nam,23.06,26.79,20.38,84.56,3188.21,Khoai,43.7,7.2
2008,Quang Nam,23.06,26.79,20.38,84.56,3188.21,Lua dong xuan,172.8,40.8
2008,Quang Nam,23.06,26.79,20.38,84.56,3188.21,Lua he thu,,
2008,Quang Nam,23.06,26.79,20.38,84.56,3188.21,Lua mi,-5.68E-14,0
2008,Quang Nam,23.06,26.79,20.38,84.56,3188.21,Lua mua,207.8,45.1
2008,Quang Nam,23.06,26.79,20.38,84.56,3188.21,Ngo,54.1,12.3
2008,Quang Nam,23.06,26.79,20.38,84.56,3188.21,San,199.8,13.9
2009,Quang Nam,23.68,27.45,20.81,83.54,3096.25,Khoai,35.5,6.6
2009,Quang Nam,23.68,27.45,20.81,83.54,3096.25,Lua dong xuan,216.6,41.9
2009,Quang Nam,23.68,27.45,20.81,83.54,3096.25,Lua he thu,,
2009,Quang Nam,23.68,27.45,20.81,83.54,3096.25,Lua mi,0,0
2009,Quang Nam,23.68,27.45,20.81,83.54,3096.25,Lua mua,177.8,44.7
2009,Quang Nam,23.68,27.45,20.81,83.54,3096.25,Ngo,50.1,12.5
2009,Quang Nam,23.68,27.45,20.81,83.54,3096.25,San,195.9,14.2
2010,Quang Nam,24.28,28.24,21.34,83.34,2846.15,Khoai,39,6.7
2010,Quang Nam,24.28,28.24,21.34,83.34,2846.15,Lua dong xuan,214,42.3
2010,Quang Nam,24.28,28.24,21.34,83.34,2846.15,Lua he thu,,
2010,Quang Nam,24.28,28.24,21.34,83.34,2846.15,Lua mi,0,1.42E-14
2010,Quang Nam,24.28,28.24,21.34,83.34,2846.15,Lua mua,198.7,43
2010,Quang Nam,24.28,28.24,21.34,83.34,2846.15,Ngo,55.7,13.1
2010,Quang Nam,24.28,28.24,21.34,83.34,2846.15,San,189.7,13.9
2011,Quang Nam,23.02,26.42,20.42,84.52,3471.48,Khoai,32.2,5.5
2011,Quang Nam,23.02,26.42,20.42,84.52,3471.48,Lua dong xuan,201.9,42.9
2011,Quang Nam,23.02,26.42,20.42,84.52,3471.48,Lua he thu,,
2011,Quang Nam,23.02,26.42,20.42,84.52,3471.48,Lua mi,5.68E-14,0
2011,Quang Nam,23.02,26.42,20.42,84.52,3471.48,Lua mua,216,44.8
2011,Quang Nam,23.02,26.42,20.42,84.52,3471.48,Ngo,55.7,13.1
2011,Quang Nam,23.02,26.42,20.42,84.52,3471.48,San,214.6,15.1
2012,Quang Nam,24.19,27.93,21.39,83.22,2192.23,Khoai,31.7,5.3
2012,Quang Nam,24.19,27.93,21.39,83.22,2192.23,Lua dong xuan,236.8,43.3
2012,Quang Nam,24.19,27.93,21.39,83.22,2192.23,Lua he thu,,
2012,Quang Nam,24.19,27.93,21.39,83.22,2192.23,Lua mi,-5.68E-14,0
2012,Quang Nam,24.19,27.93,21.39,83.22,2192.23,Lua mua,210.5,45.3
2012,Quang Nam,24.19,27.93,21.39,83.22,2192.23,Ngo,58.6,13.4
2012,Quang Nam,24.19,27.93,21.39,83.22,2192.23,San,217,14.3
2013,Quang Nam,23.71,27.32,20.94,83.96,3124.36,Khoai,29.4,4.9
2013,Quang Nam,23.71,27.32,20.94,83.96,3124.36,Lua dong xuan,238.2,43.1
2013,Quang Nam,23.71,27.32,20.94,83.96,3124.36,Lua he thu,,
2013,Quang Nam,23.71,27.32,20.94,83.96,3124.36,Lua mi,0,-1.42E-14
2013,Quang Nam,23.71,27.32,20.94,83.96,3124.36,Lua mua,202.1,44.8
2013,Quang Nam,23.71,27.32,20.94,83.96,3124.36,Ngo,55.5,12.7
2013,Quang Nam,23.71,27.32,20.94,83.96,3124.36,San,210,13.3
2014,Quang Nam,23.91,27.65,20.97,82.97,2285.23,Khoai,29.1,4.4
2014,Quang Nam,23.91,27.65,20.97,82.97,2285.23,Lua dong xuan,247.7,43.6
2014,Quang Nam,23.91,27.65,20.97,82.97,2285.23,Lua he thu,,
2014,Quang Nam,23.91,27.65,20.97,82.97,2285.23,Lua mi,0,-1.42E-14
2014,Quang Nam,23.91,27.65,20.97,82.97,2285.23,Lua mua,219.2,43.8
2014,Quang Nam,23.91,27.65,20.97,82.97,2285.23,Ngo,59.7,13.4
2014,Quang Nam,23.91,27.65,20.97,82.97,2285.23,San,214.1,12.6
2015,Quang Nam,24.38,28.47,21.18,82.57,2382.15,Khoai,28.2,4.3
2015,Quang Nam,24.38,28.47,21.18,82.57,2382.15,Lua dong xuan,240.4,43.5
2015,Quang Nam,24.38,28.47,21.18,82.57,2382.15,Lua he thu,,
2015,Quang Nam,24.38,28.47,21.18,82.57,2382.15,Lua mi,0,-0.1
2015,Quang Nam,24.38,28.47,21.18,82.57,2382.15,Lua mua,220.8,45
2015,Quang Nam,24.38,28.47,21.18,82.57,2382.15,Ngo,57.4,13.1
2015,Quang Nam,24.38,28.47,21.18,82.57,2382.15,San,229.2,12.8
2016,Quang Nam,24.56,28.43,21.59,82.74,2979.93,Khoai,28.1,4
2016,Quang Nam,24.56,28.43,21.59,82.74,2979.93,Lua dong xuan,219.1,43
2016,Quang Nam,24.56,28.43,21.59,82.74,2979.93,Lua he thu,,
2016,Quang Nam,24.56,28.43,21.59,82.74,2979.93,Lua mi,0,0
2016,Quang Nam,24.56,28.43,21.59,82.74,2979.93,Lua mua,222.6,43.7
2016,Quang Nam,24.56,28.43,21.59,82.74,2979.93,Ngo,58.2,12.6
2016,Quang Nam,24.56,28.43,21.59,82.74,2979.93,San,233.1,12.6
2017,Quang Nam,24.18,27.85,21.29,84.26,3476.62,Khoai,23.1,3.6
2017,Quang Nam,24.18,27.85,21.29,84.26,3476.62,Lua dong xuan,240.8,42.7
2017,Quang Nam,24.18,27.85,21.29,84.26,3476.62,Lua he thu,,
2017,Quang Nam,24.18,27.85,21.29,84.26,3476.62,Lua mi,0,1.42E-14
2017,Quang Nam,24.18,27.85,21.29,84.26,3476.62,Lua mua,220.3,44.1
2017,Quang Nam,24.18,27.85,21.29,84.26,3476.62,Ngo,58.9,12.6
2017,Quang Nam,24.18,27.85,21.29,84.26,3476.62,San,207.2,11.7
2018,Quang Nam,24.21,27.96,21.25,83.16,2160.96,Khoai,21.7,3116
2018,Quang Nam,24.21,27.96,21.25,83.16,2160.96,Lua dong xuan,246.6,42.5
2018,Quang Nam,24.21,27.96,21.25,83.16,2160.96,Lua he thu,,
2018,Quang Nam,24.21,27.96,21.25,83.16,2160.96,Lua mi,0,0
2018,Quang Nam,24.21,27.96,21.25,83.16,2160.96,Lua mua,216,43.7
2018,Quang Nam,24.21,27.96,21.25,83.16,2160.96,Ngo,56.5,12
2018,Quang Nam,24.21,27.96,21.25,83.16,2160.96,San,186.2,10.8
2019,Quang Nam,25.01,29.03,21.79,80.4,2022.62,Khoai,18.4,2655
2019,Quang Nam,25.01,29.03,21.79,80.4,2022.62,Lua dong xuan,244.2,42.2
2019,Quang Nam,25.01,29.03,21.79,80.4,2022.62,Lua he thu,,
2019,Quang Nam,25.01,29.03,21.79,80.4,2022.62,Lua mi,-5.68E-14,0
2019,Quang Nam,25.01,29.03,21.79,80.4,2022.62,Lua mua,208.1,42.7
2019,Quang Nam,25.01,29.03,21.79,80.4,2022.62,Ngo,53.6,11.6
2019,Quang Nam,25.01,29.03,21.79,80.4,2022.62,San,183.9,10.5
2020,Quang Nam,24.46,28.39,21.41,82.65,3272.17,Khoai,16.8,2337
2020,Quang Nam,24.46,28.39,21.41,82.65,3272.17,Lua dong xuan,246.5,41.9
2020,Quang Nam,24.46,28.39,21.41,82.65,3272.17,Lua he thu,,
2020,Quang Nam,24.46,28.39,21.41,82.65,3272.17,Lua mi,0.2,0
2020,Quang Nam,24.46,28.39,21.41,82.65,3272.17,Lua mua,205.5,41.6
2020,Quang Nam,24.46,28.39,21.41,82.65,3272.17,Ngo,55.9,11.5
2020,Quang Nam,24.46,28.39,21.41,82.65,3272.17,San,185.2,10.1
2021,Quang Nam,24.11,27.86,21.17,81.27,3216.28,Khoai,16.3,2200
2021,Quang Nam,24.11,27.86,21.17,81.27,3216.28,Lua dong xuan,256.4,41.5
2021,Quang Nam,24.11,27.86,21.17,81.27,3216.28,Lua he thu,,
2021,Quang Nam,24.11,27.86,21.17,81.27,3216.28,Lua mi,0,0
2021,Quang Nam,24.11,27.86,21.17,81.27,3216.28,Lua mua,205.9,41.1
2021,Quang Nam,24.11,27.86,21.17,81.27,3216.28,Ngo,56.5,11.7
2021,Quang Nam,24.11,27.86,21.17,81.27,3216.28,San,160.8,9.3
2022,Quang Nam,23.85,27.43,21.04,83.38,3346.42,Khoai,17.6,2242.7
2022,Quang Nam,23.85,27.43,21.04,83.38,3346.42,Lua dong xuan,233.3,41.6
2022,Quang Nam,23.85,27.43,21.04,83.38,3346.42,Lua he thu,,
2022,Quang Nam,23.85,27.43,21.04,83.38,3346.42,Lua mi,5.68E-14,0
2022,Quang Nam,23.85,27.43,21.04,83.38,3346.42,Lua mua,204.1,41.6
2022,Quang Nam,23.85,27.43,21.04,83.38,3346.42,Ngo,54.9,11.6
2022,Quang Nam,23.85,27.43,21.04,83.38,3346.42,San,157.2,8.5
2023,Quang Nam,24.44,28.15,21.61,82.5,2719.02,Khoai,19.5,2172.3
2023,Quang Nam,24.44,28.15,21.61,82.5,2719.02,Lua dong xuan,253.6,41.5
2023,Quang Nam,24.44,28.15,21.61,82.5,2719.02,Lua he thu,,
2023,Quang Nam,24.44,28.15,21.61,82.5,2719.02,Lua mi,0,0
2023,Quang Nam,24.44,28.15,21.61,82.5,2719.02,Lua mua,213.7,41.4
2023,Quang Nam,24.44,28.15,21.61,82.5,2719.02,Ngo,58.1,11.6
2023,Quang Nam,24.44,28.15,21.61,82.5,2719.02,San,138.7,8.5
2024,Quang Nam,24.77,28.53,21.84,81.42,2869.63,Khoai,15.2,1855.4
2024,Quang Nam,24.77,28.53,21.84,81.42,2869.63,Lua dong xuan,261.1,41.5
2024,Quang Nam,24.77,28.53,21.84,81.42,2869.63,Lua he thu,,
2024,Quang Nam,24.77,28.53,21.84,81.42,2869.63,Lua mi,-0.1,0.1
2024,Quang Nam,24.77,28.53,21.84,81.42,2869.63,Lua mua,225.3,41.5
2024,Quang Nam,24.77,28.53,21.84,81.42,2869.63,Ngo,59.1,11.7
2024,Quang Nam,24.77,28.53,21.84,81.42,2869.63,San,145.9,8.5
1995,Quang Ngai,24.32,27.95,21.48,82.67,2814.16,Khoai,33.8,7.7
1995,Quang Ngai,24.32,27.95,21.48,82.67,2814.16,Lua dong xuan,96.5,34.3
1995,Quang Ngai,24.32,27.95,21.48,82.67,2814.16,Lua he thu,90.6,24.3
1995,Quang Ngai,24.32,27.95,21.48,82.67,2814.16,Lua mi,0,0
1995,Quang Ngai,24.32,27.95,21.48,82.67,2814.16,Lua mua,64.8,28.9
1995,Quang Ngai,24.32,27.95,21.48,82.67,2814.16,Ngo,8.5,4.5
1995,Quang Ngai,24.32,27.95,21.48,82.67,2814.16,San,71.8,11
1996,Quang Ngai,24.23,27.7,21.49,83.43,3202.2,Khoai,25.2,5.9
1996,Quang Ngai,24.23,27.7,21.49,83.43,3202.2,Lua dong xuan,118.8,34.1
1996,Quang Ngai,24.23,27.7,21.49,83.43,3202.2,Lua he thu,97.9,24.1
1996,Quang Ngai,24.23,27.7,21.49,83.43,3202.2,Lua mi,0,0
1996,Quang Ngai,24.23,27.7,21.49,83.43,3202.2,Lua mua,84.4,31.3
1996,Quang Ngai,24.23,27.7,21.49,83.43,3202.2,Ngo,12.4,4.9
1996,Quang Ngai,24.23,27.7,21.49,83.43,3202.2,San,72.5,11.4
1997,Quang Ngai,24.69,28.4,21.81,82.16,2291.79,Khoai,26,5.3
1997,Quang Ngai,24.69,28.4,21.81,82.16,2291.79,Lua dong xuan,127.4,34.6
1997,Quang Ngai,24.69,28.4,21.81,82.16,2291.79,Lua he thu,97.7,24.1
1997,Quang Ngai,24.69,28.4,21.81,82.16,2291.79,Lua mi,0,0
1997,Quang Ngai,24.69,28.4,21.81,82.16,2291.79,Lua mua,64,31.3
1997,Quang Ngai,24.69,28.4,21.81,82.16,2291.79,Ngo,14.4,5.4
1997,Quang Ngai,24.69,28.4,21.81,82.16,2291.79,San,78.7,10.5
1998,Quang Ngai,25.49,29.33,22.59,81.68,3077.55,Khoai,20,4.6
1998,Quang Ngai,25.49,29.33,22.59,81.68,3077.55,Lua dong xuan,124.4,34.3
1998,Quang Ngai,25.49,29.33,22.59,81.68,3077.55,Lua he thu,93.2,23.6
1998,Quang Ngai,25.49,29.33,22.59,81.68,3077.55,Lua mi,5.68E-14,0
1998,Quang Ngai,25.49,29.33,22.59,81.68,3077.55,Lua mua,88.3,29.7
1998,Quang Ngai,25.49,29.33,22.59,81.68,3077.55,Ngo,13.2,6.2
1998,Quang Ngai,25.49,29.33,22.59,81.68,3077.55,San,39.1,10.9
1999,Quang Ngai,24.45,27.77,21.89,83.9,3585.7,Khoai,20.8,4.3
1999,Quang Ngai,24.45,27.77,21.89,83.9,3585.7,Lua dong xuan,134.2,34.2
1999,Quang Ngai,24.45,27.77,21.89,83.9,3585.7,Lua he thu,105.3,24.3
1999,Quang Ngai,24.45,27.77,21.89,83.9,3585.7,Lua mi,5.68E-14,0
1999,Quang Ngai,24.45,27.77,21.89,83.9,3585.7,Lua mua,95.4,30.7
1999,Quang Ngai,24.45,27.77,21.89,83.9,3585.7,Ngo,13.7,6.3
1999,Quang Ngai,24.45,27.77,21.89,83.9,3585.7,San,53.9,8.2
2000,Quang Ngai,24.47,27.78,21.94,83.68,3216.02,Khoai,18,3.9
2000,Quang Ngai,24.47,27.78,21.94,83.68,3216.02,Lua dong xuan,137.2,33.9
2000,Quang Ngai,24.47,27.78,21.94,83.68,3216.02,Lua he thu,102.9,24.6
2000,Quang Ngai,24.47,27.78,21.94,83.68,3216.02,Lua mi,5.68E-14,0
2000,Quang Ngai,24.47,27.78,21.94,83.68,3216.02,Lua mua,71.6,28
2000,Quang Ngai,24.47,27.78,21.94,83.68,3216.02,Ngo,24.9,7.7
2000,Quang Ngai,24.47,27.78,21.94,83.68,3216.02,San,60.7,7.7
2001,Quang Ngai,24.72,28.2,22.07,83.26,2537.14,Khoai,14.7,3.1
2001,Quang Ngai,24.72,28.2,22.07,83.26,2537.14,Lua dong xuan,146.9,35.5
2001,Quang Ngai,24.72,28.2,22.07,83.26,2537.14,Lua he thu,101,23.7
2001,Quang Ngai,24.72,28.2,22.07,83.26,2537.14,Lua mi,0,-1.42E-14
2001,Quang Ngai,24.72,28.2,22.07,83.26,2537.14,Lua mua,57.6,20.2
2001,Quang Ngai,24.72,28.2,22.07,83.26,2537.14,Ngo,30.1,8.4
2001,Quang Ngai,24.72,28.2,22.07,83.26,2537.14,San,119.7,11.7
2002,Quang Ngai,24.9,28.52,22.23,81.84,2461.61,Khoai,12.1,2.5
2002,Quang Ngai,24.9,28.52,22.23,81.84,2461.61,Lua dong xuan,162.5,35.5
2002,Quang Ngai,24.9,28.52,22.23,81.84,2461.61,Lua he thu,106.6,24.8
2002,Quang Ngai,24.9,28.52,22.23,81.84,2461.61,Lua mi,0,-1.42E-14
2002,Quang Ngai,24.9,28.52,22.23,81.84,2461.61,Lua mua,60.4,20.9
2002,Quang Ngai,24.9,28.52,22.23,81.84,2461.61,Ngo,32.7,8.4
2002,Quang Ngai,24.9,28.52,22.23,81.84,2461.61,San,158.4,14
2003,Quang Ngai,24.76,28.47,21.98,82.24,2644.79,Khoai,8.6,1.9
2003,Quang Ngai,24.76,28.47,21.98,82.24,2644.79,Lua dong xuan,183.8,36.4
2003,Quang Ngai,24.76,28.47,21.98,82.24,2644.79,Lua he thu,128.3,25.5
2003,Quang Ngai,24.76,28.47,21.98,82.24,2644.79,Lua mi,5.68E-14,0
2003,Quang Ngai,24.76,28.47,21.98,82.24,2644.79,Lua mua,53.3,18.4
2003,Quang Ngai,24.76,28.47,21.98,82.24,2644.79,Ngo,35.9,8.5
2003,Quang Ngai,24.76,28.47,21.98,82.24,2644.79,San,200.5,15.7
2004,Quang Ngai,24.47,28.12,21.54,81.84,2086.94,Khoai,5.3,1.2
2004,Quang Ngai,24.47,28.12,21.54,81.84,2086.94,Lua dong xuan,180.9,36.6
2004,Quang Ngai,24.47,28.12,21.54,81.84,2086.94,Lua he thu,148.7,27.4
2004,Quang Ngai,24.47,28.12,21.54,81.84,2086.94,Lua mi,0,0
2004,Quang Ngai,24.47,28.12,21.54,81.84,2086.94,Lua mua,32.9,11.2
2004,Quang Ngai,24.47,28.12,21.54,81.84,2086.94,Ngo,42.3,9.5
2004,Quang Ngai,24.47,28.12,21.54,81.84,2086.94,San,245.7,16.3
2005,Quang Ngai,24.74,28.28,22.05,82.37,3005.73,Khoai,5.9,1.2
2005,Quang Ngai,24.74,28.28,22.05,82.37,3005.73,Lua dong xuan,186,36.7
2005,Quang Ngai,24.74,28.28,22.05,82.37,3005.73,Lua he thu,151,27.2
2005,Quang Ngai,24.74,28.28,22.05,82.37,3005.73,Lua mi,-5.68E-14,0
2005,Quang Ngai,24.74,28.28,22.05,82.37,3005.73,Lua mua,30.1,10.4
2005,Quang Ngai,24.74,28.28,22.05,82.37,3005.73,Ngo,46.6,9.8
2005,Quang Ngai,24.74,28.28,22.05,82.37,3005.73,San,268.1,17.9
2006,Quang Ngai,24.89,28.49,22.13,82.12,2610.72,Khoai,5.3,1.1
2006,Quang Ngai,24.89,28.49,22.13,82.12,2610.72,Lua dong xuan,192.4,36.8
2006,Quang Ngai,24.89,28.49,22.13,82.12,2610.72,Lua he thu,151.7,27.7
2006,Quang Ngai,24.89,28.49,22.13,82.12,2610.72,Lua mi,5.68E-14,0
2006,Quang Ngai,24.89,28.49,22.13,82.12,2610.72,Lua mua,32.8,10.6
2006,Quang Ngai,24.89,28.49,22.13,82.12,2610.72,Ngo,50.2,10.2
2006,Quang Ngai,24.89,28.49,22.13,82.12,2610.72,San,310.8,19.2
2007,Quang Ngai,24.59,28.09,21.92,83.18,3297.02,Khoai,5.2,1
2007,Quang Ngai,24.59,28.09,21.92,83.18,3297.02,Lua dong xuan,197.7,36.7
2007,Quang Ngai,24.59,28.09,21.92,83.18,3297.02,Lua he thu,152.4,27.1
2007,Quang Ngai,24.59,28.09,21.92,83.18,3297.02,Lua mi,0,0
2007,Quang Ngai,24.59,28.09,21.92,83.18,3297.02,Lua mua,31.2,10.2
2007,Quang Ngai,24.59,28.09,21.92,83.18,3297.02,Ngo,52.9,10.6
2007,Quang Ngai,24.59,28.09,21.92,83.18,3297.02,San,322.2,19.3
2008,Quang Ngai,24.19,27.72,21.62,83.86,3408.35,Khoai,4.7,0.9
2008,Quang Ngai,24.19,27.72,21.62,83.86,3408.35,Lua dong xuan,159.6,36.3
2008,Quang Ngai,24.19,27.72,21.62,83.86,3408.35,Lua he thu,178,31.4
2008,Quang Ngai,24.19,27.72,21.62,83.86,3408.35,Lua mi,0,1.42E-14
2008,Quang Ngai,24.19,27.72,21.62,83.86,3408.35,Lua mua,16.8,6.1
2008,Quang Ngai,24.19,27.72,21.62,83.86,3408.35,Ngo,53.6,10.6
2008,Quang Ngai,24.19,27.72,21.62,83.86,3408.35,San,350.4,20.5
2009,Quang Ngai,24.73,28.27,22.02,83.01,3378.75,Khoai,3.4,0.7
2009,Quang Ngai,24.73,28.27,22.02,83.01,3378.75,Lua dong xuan,197.1,36.6
2009,Quang Ngai,24.73,28.27,22.02,83.01,3378.75,Lua he thu,165,31.7
2009,Quang Ngai,24.73,28.27,22.02,83.01,3378.75,Lua mi,0,0
2009,Quang Ngai,24.73,28.27,22.02,83.01,3378.75,Lua mua,7.9,4.2
2009,Quang Ngai,24.73,28.27,22.02,83.01,3378.75,Ngo,50.2,10.8
2009,Quang Ngai,24.73,28.27,22.02,83.01,3378.75,San,286.7,19.4
2010,Quang Ngai,25.32,29.04,22.55,82.27,2940.88,Khoai,4.2,0.7
2010,Quang Ngai,25.32,29.04,22.55,82.27,2940.88,Lua dong xuan,205.5,37
2010,Quang Ngai,25.32,29.04,22.55,82.27,2940.88,Lua he thu,175.4,31.7
2010,Quang Ngai,25.32,29.04,22.55,82.27,2940.88,Lua mi,0,0
2010,Quang Ngai,25.32,29.04,22.55,82.27,2940.88,Lua mua,10.3,4
2010,Quang Ngai,25.32,29.04,22.55,82.27,2940.88,Ngo,51.8,10.3
2010,Quang Ngai,25.32,29.04,22.55,82.27,2940.88,San,332.7,19.3
2011,Quang Ngai,24.25,27.47,21.74,83.06,3413.58,Khoai,3.7,0.6
2011,Quang Ngai,24.25,27.47,21.74,83.06,3413.58,Lua dong xuan,187.3,37
2011,Quang Ngai,24.25,27.47,21.74,83.06,3413.58,Lua he thu,183.1,31.9
2011,Quang Ngai,24.25,27.47,21.74,83.06,3413.58,Lua mi,0,0
2011,Quang Ngai,24.25,27.47,21.74,83.06,3413.58,Lua mua,10,3.6
2011,Quang Ngai,24.25,27.47,21.74,83.06,3413.58,Ngo,52.6,10.2
2011,Quang Ngai,24.25,27.47,21.74,83.06,3413.58,San,367.3,21.5
2012,Quang Ngai,25.25,28.76,22.56,82.44,2255.68,Khoai,4.1,0.7
2012,Quang Ngai,25.25,28.76,22.56,82.44,2255.68,Lua dong xuan,211.3,37.6
2012,Quang Ngai,25.25,28.76,22.56,82.44,2255.68,Lua he thu,188.4,33.2
2012,Quang Ngai,25.25,28.76,22.56,82.44,2255.68,Lua mi,0,0
2012,Quang Ngai,25.25,28.76,22.56,82.44,2255.68,Lua mua,7.1,2.7
2012,Quang Ngai,25.25,28.76,22.56,82.44,2255.68,Ngo,55.3,10.6
2012,Quang Ngai,25.25,28.76,22.56,82.44,2255.68,San,391.1,21.5
2013,Quang Ngai,24.83,28.14,22.21,82.86,2918.23,Khoai,3.7,0.6
2013,Quang Ngai,24.83,28.14,22.21,82.86,2918.23,Lua dong xuan,221,38.9
2013,Quang Ngai,24.83,28.14,22.21,82.86,2918.23,Lua he thu,186.7,33.9
2013,Quang Ngai,24.83,28.14,22.21,82.86,2918.23,Lua mi,0,1.42E-14
2013,Quang Ngai,24.83,28.14,22.21,82.86,2918.23,Lua mua,4.6,2
2013,Quang Ngai,24.83,28.14,22.21,82.86,2918.23,Ngo,56.2,10.6
2013,Quang Ngai,24.83,28.14,22.21,82.86,2918.23,San,375.7,20.5
2014,Quang Ngai,24.93,28.43,22.14,82.02,2355.99,Khoai,2.4,0.4
2014,Quang Ngai,24.93,28.43,22.14,82.02,2355.99,Lua dong xuan,228.7,38.6
2014,Quang Ngai,24.93,28.43,22.14,82.02,2355.99,Lua he thu,187.9,32.9
2014,Quang Ngai,24.93,28.43,22.14,82.02,2355.99,Lua mi,0,0
2014,Quang Ngai,24.93,28.43,22.14,82.02,2355.99,Lua mua,5.9,2.3
2014,Quang Ngai,24.93,28.43,22.14,82.02,2355.99,Ngo,57.7,10.5
2014,Quang Ngai,24.93,28.43,22.14,82.02,2355.99,San,354.1,19.1
2015,Quang Ngai,25.42,29.22,22.38,81.47,2156.46,Khoai,4,0.4
2015,Quang Ngai,25.42,29.22,22.38,81.47,2156.46,Lua dong xuan,231.1,39.3
2015,Quang Ngai,25.42,29.22,22.38,81.47,2156.46,Lua he thu,188.9,33.8
2015,Quang Ngai,25.42,29.22,22.38,81.47,2156.46,Lua mi,-0.1,0
2015,Quang Ngai,25.42,29.22,22.38,81.47,2156.46,Lua mua,7.5,2.6
2015,Quang Ngai,25.42,29.22,22.38,81.47,2156.46,Ngo,56.3,10.2
2015,Quang Ngai,25.42,29.22,22.38,81.47,2156.46,San,377.9,19.8
2016,Quang Ngai,25.58,29.21,22.81,82.21,3268.86,Khoai,2.2,0.3
2016,Quang Ngai,25.58,29.21,22.81,82.21,3268.86,Lua dong xuan,209.4,39.1
2016,Quang Ngai,25.58,29.21,22.81,82.21,3268.86,Lua he thu,200,34.3
2016,Quang Ngai,25.58,29.21,22.81,82.21,3268.86,Lua mi,0,-0.1
2016,Quang Ngai,25.58,29.21,22.81,82.21,3268.86,Lua mua,6.9,2.4
2016,Quang Ngai,25.58,29.21,22.81,82.21,3268.86,Ngo,58.8,10.4
2016,Quang Ngai,25.58,29.21,22.81,82.21,3268.86,San,370.5,19.6
2017,Quang Ngai,25.31,28.81,22.53,83.37,3510.06,Khoai,2.5,0.4
2017,Quang Ngai,25.31,28.81,22.53,83.37,3510.06,Lua dong xuan,231,38.8
2017,Quang Ngai,25.31,28.81,22.53,83.37,3510.06,Lua he thu,201,34.3
2017,Quang Ngai,25.31,28.81,22.53,83.37,3510.06,Lua mi,0,0
2017,Quang Ngai,25.31,28.81,22.53,83.37,3510.06,Lua mua,6.8,2.4
2017,Quang Ngai,25.31,28.81,22.53,83.37,3510.06,Ngo,60.9,10.6
2017,Quang Ngai,25.31,28.81,22.53,83.37,3510.06,San,353.4,18.4
2018,Quang Ngai,25.35,28.92,22.51,82.18,2337.44,Khoai,2.2,340
2018,Quang Ngai,25.35,28.92,22.51,82.18,2337.44,Lua dong xuan,232.6,38.4
2018,Quang Ngai,25.35,28.92,22.51,82.18,2337.44,Lua he thu,201,34.2
2018,Quang Ngai,25.35,28.92,22.51,82.18,2337.44,Lua mi,5.68E-14,0
2018,Quang Ngai,25.35,28.92,22.51,82.18,2337.44,Lua mua,6.7,2.2
2018,Quang Ngai,25.35,28.92,22.51,82.18,2337.44,Ngo,60.4,10.4
2018,Quang Ngai,25.35,28.92,22.51,82.18,2337.44,San,348.6,17.9
2019,Quang Ngai,26.06,29.87,23,79.42,2064.33,Khoai,2.2,305
2019,Quang Ngai,26.06,29.87,23,79.42,2064.33,Lua dong xuan,232.4,38.2
2019,Quang Ngai,26.06,29.87,23,79.42,2064.33,Lua he thu,193.6,33.4
2019,Quang Ngai,26.06,29.87,23,79.42,2064.33,Lua mi,0.1,0
2019,Quang Ngai,26.06,29.87,23,79.42,2064.33,Lua mua,5.3,1.8
2019,Quang Ngai,26.06,29.87,23,79.42,2064.33,Ngo,59.4,10.3
2019,Quang Ngai,26.06,29.87,23,79.42,2064.33,San,349.6,17.6
2020,Quang Ngai,25.44,29.13,22.56,81.82,3274.52,Khoai,2.1,288
2020,Quang Ngai,25.44,29.13,22.56,81.82,3274.52,Lua dong xuan,230.5,38
2020,Quang Ngai,25.44,29.13,22.56,81.82,3274.52,Lua he thu,182.7,31.3
2020,Quang Ngai,25.44,29.13,22.56,81.82,3274.52,Lua mi,0,0.1
2020,Quang Ngai,25.44,29.13,22.56,81.82,3274.52,Lua mua,5.6,1.9
2020,Quang Ngai,25.44,29.13,22.56,81.82,3274.52,Ngo,58.9,10.3
2020,Quang Ngai,25.44,29.13,22.56,81.82,3274.52,San,340.7,17.8
2021,Quang Ngai,25.19,28.7,22.36,79.89,3356.31,Khoai,1.7,226
2021,Quang Ngai,25.19,28.7,22.36,79.89,3356.31,Lua dong xuan,243,38
2021,Quang Ngai,25.19,28.7,22.36,79.89,3356.31,Lua he thu,196.2,34
2021,Quang Ngai,25.19,28.7,22.36,79.89,3356.31,Lua mi,0,0
2021,Quang Ngai,25.19,28.7,22.36,79.89,3356.31,Lua mua,2.4,1.1
2021,Quang Ngai,25.19,28.7,22.36,79.89,3356.31,Ngo,58.9,10.2
2021,Quang Ngai,25.19,28.7,22.36,79.89,3356.31,San,309.3,17.1
2022,Quang Ngai,24.86,28.17,22.2,82.63,3074.31,Khoai,2,234.4
2022,Quang Ngai,24.86,28.17,22.2,82.63,3074.31,Lua dong xuan,232.7,38.4
2022,Quang Ngai,24.86,28.17,22.2,82.63,3074.31,Lua he thu,200.6,35.2
2022,Quang Ngai,24.86,28.17,22.2,82.63,3074.31,Lua mi,0.1,0
2022,Quang Ngai,24.86,28.17,22.2,82.63,3074.31,Lua mua,2.5,1.2
2022,Quang Ngai,24.86,28.17,22.2,82.63,3074.31,Ngo,57.2,10
2022,Quang Ngai,24.86,28.17,22.2,82.63,3074.31,San,245.3,13.1
2023,Quang Ngai,25.39,28.85,22.71,82.07,2777.96,Khoai,2,230.6
2023,Quang Ngai,25.39,28.85,22.71,82.07,2777.96,Lua dong xuan,233.3,38.1
2023,Quang Ngai,25.39,28.85,22.71,82.07,2777.96,Lua he thu,207.7,34.9
2023,Quang Ngai,25.39,28.85,22.71,82.07,2777.96,Lua mi,0,0
2023,Quang Ngai,25.39,28.85,22.71,82.07,2777.96,Lua mua,2.8,1.3
2023,Quang Ngai,25.39,28.85,22.71,82.07,2777.96,Ngo,58.2,10
2023,Quang Ngai,25.39,28.85,22.71,82.07,2777.96,San,231.5,13.1
2024,Quang Ngai,25.68,29.17,22.96,80.88,2968.44,Khoai,2.1,233.4
2024,Quang Ngai,25.68,29.17,22.96,80.88,2968.44,Lua dong xuan,239.4,38.1
2024,Quang Ngai,25.68,29.17,22.96,80.88,2968.44,Lua he thu,211.1,34.9
2024,Quang Ngai,25.68,29.17,22.96,80.88,2968.44,Lua mi,0,1.42E-14
2024,Quang Ngai,25.68,29.17,22.96,80.88,2968.44,Lua mua,2.8,1.3
2024,Quang Ngai,25.68,29.17,22.96,80.88,2968.44,Ngo,59,10.1
2024,Quang Ngai,25.68,29.17,22.96,80.88,2968.44,San,233.7,13.1
1995,Quang Ninh,22.36,24.83,20.29,81.98,2001.34,Khoai,44.1,7.9
1995,Quang Ninh,22.36,24.83,20.29,81.98,2001.34,Lua dong xuan,45.7,17.1
1995,Quang Ninh,22.36,24.83,20.29,81.98,2001.34,Lua mi,0,0
1995,Quang Ninh,22.36,24.83,20.29,81.98,2001.34,Lua mua,71,28
1995,Quang Ninh,22.36,24.83,20.29,81.98,2001.34,Ngo,6,2.8
1996,Quang Ninh,22.22,24.92,19.95,82.16,2080.6,Khoai,45.1,7.7
1996,Quang Ninh,22.22,24.92,19.95,82.16,2080.6,Lua dong xuan,50.9,17.1
1996,Quang Ninh,22.22,24.92,19.95,82.16,2080.6,Lua mi,0,-7.11E-15
1996,Quang Ninh,22.22,24.92,19.95,82.16,2080.6,Lua mua,84,29.1
1996,Quang Ninh,22.22,24.92,19.95,82.16,2080.6,Ngo,7.4,3.2
1997,Quang Ninh,22.67,25.11,20.67,84.56,2241.55,Khoai,42.6,7.4
1997,Quang Ninh,22.67,25.11,20.67,84.56,2241.55,Lua dong xuan,54.5,17.8
1997,Quang Ninh,22.67,25.11,20.67,84.56,2241.55,Lua mi,-2.84E-14,7.11E-15
1997,Quang Ninh,22.67,25.11,20.67,84.56,2241.55,Lua mua,91.3,29.5
1997,Quang Ninh,22.67,25.11,20.67,84.56,2241.55,Ngo,9.9,3.8
1998,Quang Ninh,23.47,26.11,21.26,81.7,1637.89,Khoai,39.5,6.8
1998,Quang Ninh,23.47,26.11,21.26,81.7,1637.89,Lua dong xuan,52.5,17.7
1998,Quang Ninh,23.47,26.11,21.26,81.7,1637.89,Lua mi,-2.84E-14,-7.11E-15
1998,Quang Ninh,23.47,26.11,21.26,81.7,1637.89,Lua mua,99.9,29.5
1998,Quang Ninh,23.47,26.11,21.26,81.7,1637.89,Ngo,10.8,4.1
1999,Quang Ninh,22.68,25.35,20.44,81.78,1715.05,Khoai,35.9,6.7
1999,Quang Ninh,22.68,25.35,20.44,81.78,1715.05,Lua dong xuan,59.3,17.1
1999,Quang Ninh,22.68,25.35,20.44,81.78,1715.05,Lua mi,0,0
1999,Quang Ninh,22.68,25.35,20.44,81.78,1715.05,Lua mua,100.7,30
1999,Quang Ninh,22.68,25.35,20.44,81.78,1715.05,Ngo,11.1,4.5
2000,Quang Ninh,22.64,25.33,20.37,82.04,1664.58,Khoai,39.4,6.7
2000,Quang Ninh,22.64,25.33,20.37,82.04,1664.58,Lua dong xuan,72.8,18.3
2000,Quang Ninh,22.64,25.33,20.37,82.04,1664.58,Lua mi,0.1,0.1
2000,Quang Ninh,22.64,25.33,20.37,82.04,1664.58,Lua mua,103.2,30.1
2000,Quang Ninh,22.64,25.33,20.37,82.04,1664.58,Ngo,12.9,4.9
2001,Quang Ninh,22.54,25.1,20.36,84.09,2180.95,Khoai,39.1,6.6
2001,Quang Ninh,22.54,25.1,20.36,84.09,2180.95,Lua dong xuan,71.7,18.7
2001,Quang Ninh,22.54,25.1,20.36,84.09,2180.95,Lua mi,0.1,0.1
2001,Quang Ninh,22.54,25.1,20.36,84.09,2180.95,Lua mua,114.2,30.1
2001,Quang Ninh,22.54,25.1,20.36,84.09,2180.95,Ngo,12.8,4.6
2002,Quang Ninh,22.83,25.42,20.67,84.65,2098.8,Khoai,36.6,6.4
2002,Quang Ninh,22.83,25.42,20.67,84.65,2098.8,Lua dong xuan,81.3,19.1
2002,Quang Ninh,22.83,25.42,20.67,84.65,2098.8,Lua mi,0.1,0.1
2002,Quang Ninh,22.83,25.42,20.67,84.65,2098.8,Lua mua,118.2,30.1
2002,Quang Ninh,22.83,25.42,20.67,84.65,2098.8,Ngo,14.2,4.8
2003,Quang Ninh,23.19,26.03,20.81,82.16,1861.57,Khoai,37.5,6.3
2003,Quang Ninh,23.19,26.03,20.81,82.16,1861.57,Lua dong xuan,90.4,19.3
2003,Quang Ninh,23.19,26.03,20.81,82.16,1861.57,Lua mi,0.1,0.1
2003,Quang Ninh,23.19,26.03,20.81,82.16,1861.57,Lua mua,123.8,29.9
2003,Quang Ninh,23.19,26.03,20.81,82.16,1861.57,Ngo,16.3,5.2
2004,Quang Ninh,22.44,25.33,20.03,81.77,1494.18,Khoai,36.1,6.2
2004,Quang Ninh,22.44,25.33,20.03,81.77,1494.18,Lua dong xuan,92.4,19
2004,Quang Ninh,22.44,25.33,20.03,81.77,1494.18,Lua mi,0.1,0.1
2004,Quang Ninh,22.44,25.33,20.03,81.77,1494.18,Lua mua,123.5,29.4
2004,Quang Ninh,22.44,25.33,20.03,81.77,1494.18,Ngo,19.3,5.8
2005,Quang Ninh,22.52,25.15,20.37,82.09,1875.7,Khoai,31.6,5.5
2005,Quang Ninh,22.52,25.15,20.37,82.09,1875.7,Lua dong xuan,91,18.3
2005,Quang Ninh,22.52,25.15,20.37,82.09,1875.7,Lua mi,0.1,0.1
2005,Quang Ninh,22.52,25.15,20.37,82.09,1875.7,Lua mua,123.9,28.9
2005,Quang Ninh,22.52,25.15,20.37,82.09,1875.7,Ngo,22.1,6.4
2006,Quang Ninh,22.99,25.86,20.65,80.81,1604.36,Khoai,30,5.3
2006,Quang Ninh,22.99,25.86,20.65,80.81,1604.36,Lua dong xuan,89.3,18.4
2006,Quang Ninh,22.99,25.86,20.65,80.81,1604.36,Lua mi,0.2,0.1
2006,Quang Ninh,22.99,25.86,20.65,80.81,1604.36,Lua mua,113.3,28.8
2006,Quang Ninh,22.99,25.86,20.65,80.81,1604.36,Ngo,18.3,6.1
2007,Quang Ninh,22.81,25.72,20.46,80.21,1583.49,Khoai,27.5,4.9
2007,Quang Ninh,22.81,25.72,20.46,80.21,1583.49,Lua dong xuan,84.8,18.3
2007,Quang Ninh,22.81,25.72,20.46,80.21,1583.49,Lua mi,0.2,0.9
2007,Quang Ninh,22.81,25.72,20.46,80.21,1583.49,Lua mua,124.4,28.1
2007,Quang Ninh,22.81,25.72,20.46,80.21,1583.49,Ngo,21.2,6.3
2008,Quang Ninh,22.1,24.89,19.84,80.91,2067.88,Khoai,25.5,4.6
2008,Quang Ninh,22.1,24.89,19.84,80.91,2067.88,Lua dong xuan,86.2,17.3
2008,Quang Ninh,22.1,24.89,19.84,80.91,2067.88,Lua mi,0.2,0.7
2008,Quang Ninh,22.1,24.89,19.84,80.91,2067.88,Lua mua,117.9,28.3
2008,Quang Ninh,22.1,24.89,19.84,80.91,2067.88,Ngo,23.8,6.8
2009,Quang Ninh,22.99,25.79,20.72,81.37,1995.25,Khoai,25.1,4.3
2009,Quang Ninh,22.99,25.79,20.72,81.37,1995.25,Lua dong xuan,88.1,17.3
2009,Quang Ninh,22.99,25.79,20.72,81.37,1995.25,Lua mi,0.2,0.1
2009,Quang Ninh,22.99,25.79,20.72,81.37,1995.25,Lua mua,115.2,27.7
2009,Quang Ninh,22.99,25.79,20.72,81.37,1995.25,Ngo,22.6,6.3
2010,Quang Ninh,23,25.66,20.75,82.3,2070.58,Khoai,27.2,4.5
2010,Quang Ninh,23,25.66,20.75,82.3,2070.58,Lua dong xuan,90.1,17.8
2010,Quang Ninh,23,25.66,20.75,82.3,2070.58,Lua mi,0.2,0.1
2010,Quang Ninh,23,25.66,20.75,82.3,2070.58,Lua mua,118.5,26.9
2010,Quang Ninh,23,25.66,20.75,82.3,2070.58,Ngo,24,6.6
2011,Quang Ninh,21.69,24.32,19.46,80.46,1794.39,Khoai,26.6,4.5
2011,Quang Ninh,21.69,24.32,19.46,80.46,1794.39,Lua dong xuan,94.9,17.2
2011,Quang Ninh,21.69,24.32,19.46,80.46,1794.39,Lua mi,0.2,0.1
2011,Quang Ninh,21.69,24.32,19.46,80.46,1794.39,Lua mua,117.7,26.7
2011,Quang Ninh,21.69,24.32,19.46,80.46,1794.39,Ngo,23.8,6.3
2012,Quang Ninh,22.62,25.08,20.53,84.23,2280.01,Khoai,24.7,4.2
2012,Quang Ninh,22.62,25.08,20.53,84.23,2280.01,Lua dong xuan,93.4,17.2
2012,Quang Ninh,22.62,25.08,20.53,84.23,2280.01,Lua mi,0.2,0.1
2012,Quang Ninh,22.62,25.08,20.53,84.23,2280.01,Lua mua,123.1,26.4
2012,Quang Ninh,22.62,25.08,20.53,84.23,2280.01,Ngo,22.5,6
2013,Quang Ninh,22.55,25.19,20.38,82.96,2293.22,Khoai,23.7,4
2013,Quang Ninh,22.55,25.19,20.38,82.96,2293.22,Lua dong xuan,91.9,17.2
2013,Quang Ninh,22.55,25.19,20.38,82.96,2293.22,Lua mi,0.2,0.1
2013,Quang Ninh,22.55,25.19,20.38,82.96,2293.22,Lua mua,118.5,25.8
2013,Quang Ninh,22.55,25.19,20.38,82.96,2293.22,Ngo,22.3,5.8
2014,Quang Ninh,22.75,25.37,20.57,83.18,2239.77,Khoai,23.6,4
2014,Quang Ninh,22.75,25.37,20.57,83.18,2239.77,Lua dong xuan,93.3,17.2
2014,Quang Ninh,22.75,25.37,20.57,83.18,2239.77,Lua mi,0.2,0.1
2014,Quang Ninh,22.75,25.37,20.57,83.18,2239.77,Lua mua,118,25.9
2014,Quang Ninh,22.75,25.37,20.57,83.18,2239.77,Ngo,22.5,5.9
2015,Quang Ninh,23.53,26.15,21.37,83.45,2095.1,Khoai,23.2,3.9
2015,Quang Ninh,23.53,26.15,21.37,83.45,2095.1,Lua dong xuan,93.3,17
2015,Quang Ninh,23.53,26.15,21.37,83.45,2095.1,Lua mi,0.1,0.1
2015,Quang Ninh,23.53,26.15,21.37,83.45,2095.1,Lua mua,118.6,25.5
2015,Quang Ninh,23.53,26.15,21.37,83.45,2095.1,Ngo,23.2,5.9
2016,Quang Ninh,23.05,25.74,20.79,82.34,2159.3,Khoai,22.5,3.8
2016,Quang Ninh,23.05,25.74,20.79,82.34,2159.3,Lua dong xuan,92.5,17
2016,Quang Ninh,23.05,25.74,20.79,82.34,2159.3,Lua mi,0.1,7.11E-15
2016,Quang Ninh,23.05,25.74,20.79,82.34,2159.3,Lua mua,119.3,25.3
2016,Quang Ninh,23.05,25.74,20.79,82.34,2159.3,Ngo,23.5,5.8
2017,Quang Ninh,23.05,25.61,20.95,82.46,2451.62,Khoai,21,3.5
2017,Quang Ninh,23.05,25.61,20.95,82.46,2451.62,Lua dong xuan,90.4,16.5
2017,Quang Ninh,23.05,25.61,20.95,82.46,2451.62,Lua mi,0.1,-7.11E-15
2017,Quang Ninh,23.05,25.61,20.95,82.46,2451.62,Lua mua,105.5,25.1
2017,Quang Ninh,23.05,25.61,20.95,82.46,2451.62,Ngo,23.3,5.7
2018,Quang Ninh,23.06,25.66,20.93,82.81,2225.42,Khoai,21.3,3411
2018,Quang Ninh,23.06,25.66,20.93,82.81,2225.42,Lua dong xuan,91.7,16.4
2018,Quang Ninh,23.06,25.66,20.93,82.81,2225.42,Lua mi,0,0
2018,Quang Ninh,23.06,25.66,20.93,82.81,2225.42,Lua mua,116.9,24.7
2018,Quang Ninh,23.06,25.66,20.93,82.81,2225.42,Ngo,21.3,5.3
2019,Quang Ninh,23.83,26.48,21.67,83.33,1935.67,Khoai,20.2,3300
2019,Quang Ninh,23.83,26.48,21.67,83.33,1935.67,Lua dong xuan,88.7,15.9
2019,Quang Ninh,23.83,26.48,21.67,83.33,1935.67,Lua mi,0,0
2019,Quang Ninh,23.83,26.48,21.67,83.33,1935.67,Lua mua,114.7,24.3
2019,Quang Ninh,23.83,26.48,21.67,83.33,1935.67,Ngo,22.4,5.4
2020,Quang Ninh,23.43,25.95,21.33,81.99,1934.08,Khoai,20.5,3169
2020,Quang Ninh,23.43,25.95,21.33,81.99,1934.08,Lua dong xuan,87.5,15.8
2020,Quang Ninh,23.43,25.95,21.33,81.99,1934.08,Lua mi,-0.1,0
2020,Quang Ninh,23.43,25.95,21.33,81.99,1934.08,Lua mua,114.3,23.3
2020,Quang Ninh,23.43,25.95,21.33,81.99,1934.08,Ngo,24.7,6.1
2021,Quang Ninh,23.37,26.06,21.1,81.22,1778.17,Khoai,19.2,2882
2021,Quang Ninh,23.37,26.06,21.1,81.22,1778.17,Lua dong xuan,85.7,15.4
2021,Quang Ninh,23.37,26.06,21.1,81.22,1778.17,Lua mi,-2.84E-14,0
2021,Quang Ninh,23.37,26.06,21.1,81.22,1778.17,Lua mua,114.1,23.1
2021,Quang Ninh,23.37,26.06,21.1,81.22,1778.17,Ngo,23.4,5.6
2022,Quang Ninh,22.87,25.57,20.62,81.91,2144.34,Khoai,19.2,2940
2022,Quang Ninh,22.87,25.57,20.62,81.91,2144.34,Lua dong xuan,84.5,15.1
2022,Quang Ninh,22.87,25.57,20.62,81.91,2144.34,Lua mi,2.84E-14,7.11E-15
2022,Quang Ninh,22.87,25.57,20.62,81.91,2144.34,Lua mua,109.8,22.3
2022,Quang Ninh,22.87,25.57,20.62,81.91,2144.34,Ngo,29.1,5.8
2023,Quang Ninh,23.58,26.22,21.36,81.44,1660.91,Khoai,18.7,2847.3
2023,Quang Ninh,23.58,26.22,21.36,81.44,1660.91,Lua dong xuan,82.7,14.9
2023,Quang Ninh,23.58,26.22,21.36,81.44,1660.91,Lua mi,0,7.11E-15
2023,Quang Ninh,23.58,26.22,21.36,81.44,1660.91,Lua mua,107.5,21.9
2023,Quang Ninh,23.58,26.22,21.36,81.44,1660.91,Ngo,27.8,5.9
2024,Quang Ninh,23.73,26.3,21.61,81.79,2203.46,Khoai,18.8,2803.4
2024,Quang Ninh,23.73,26.3,21.61,81.79,2203.46,Lua dong xuan,82.7,14.9
2024,Quang Ninh,23.73,26.3,21.61,81.79,2203.46,Lua mi,0,0
2024,Quang Ninh,23.73,26.3,21.61,81.79,2203.46,Lua mua,101.8,21.9
2024,Quang Ninh,23.73,26.3,21.61,81.79,2203.46,Ngo,27.5,6.1
1995,Quang Tri,23.94,27.19,21.51,83.42,2190.66,Khoai,22.7,5.5
1995,Quang Tri,23.94,27.19,21.51,83.42,2190.66,Lua dong xuan,68,20.4
1995,Quang Tri,23.94,27.19,21.51,83.42,2190.66,Lua he thu,48.3,15.5
1995,Quang Tri,23.94,27.19,21.51,83.42,2190.66,Lua mi,0,0
1995,Quang Tri,23.94,27.19,21.51,83.42,2190.66,Lua mua,4.7,6.4
1995,Quang Tri,23.94,27.19,21.51,83.42,2190.66,Ngo,1.6,1.6
1995,Quang Tri,23.94,27.19,21.51,83.42,2190.66,San,31.3,4.1
1996,Quang Tri,23.65,26.8,21.29,84.99,2571.67,Khoai,24.8,5.6
1996,Quang Tri,23.65,26.8,21.29,84.99,2571.67,Lua dong xuan,85.3,20.4
1996,Quang Tri,23.65,26.8,21.29,84.99,2571.67,Lua he thu,50.7,16.5
1996,Quang Tri,23.65,26.8,21.29,84.99,2571.67,Lua mi,0,-7.11E-15
1996,Quang Tri,23.65,26.8,21.29,84.99,2571.67,Lua mua,5,6.3
1996,Quang Tri,23.65,26.8,21.29,84.99,2571.67,Ngo,2,1.7
1996,Quang Tri,23.65,26.8,21.29,84.99,2571.67,San,32.3,4.3
1997,Quang Tri,24.34,27.73,21.83,82.67,1949.54,Khoai,26.2,5.1
1997,Quang Tri,24.34,27.73,21.83,82.67,1949.54,Lua dong xuan,85.4,21
1997,Quang Tri,24.34,27.73,21.83,82.67,1949.54,Lua he thu,60.7,16.7
1997,Quang Tri,24.34,27.73,21.83,82.67,1949.54,Lua mi,-2.84E-14,0
1997,Quang Tri,24.34,27.73,21.83,82.67,1949.54,Lua mua,4.7,5.9
1997,Quang Tri,24.34,27.73,21.83,82.67,1949.54,Ngo,2.9,1.9
1997,Quang Tri,24.34,27.73,21.83,82.67,1949.54,San,37.2,4
1998,Quang Tri,25.11,28.53,22.56,82.22,2549.97,Khoai,22,4.7
1998,Quang Tri,25.11,28.53,22.56,82.22,2549.97,Lua dong xuan,80.8,21.2
1998,Quang Tri,25.11,28.53,22.56,82.22,2549.97,Lua he thu,35.7,15.6
1998,Quang Tri,25.11,28.53,22.56,82.22,2549.97,Lua mi,-1.42E-14,0
1998,Quang Tri,25.11,28.53,22.56,82.22,2549.97,Lua mua,4.2,5.9
1998,Quang Tri,25.11,28.53,22.56,82.22,2549.97,Ngo,1.9,1.5
1998,Quang Tri,25.11,28.53,22.56,82.22,2549.97,San,20.6,3.7
1999,Quang Tri,24.09,27.16,21.81,83.32,2651.57,Khoai,26.6,4.7
1999,Quang Tri,24.09,27.16,21.81,83.32,2651.57,Lua dong xuan,94.3,21.5
1999,Quang Tri,24.09,27.16,21.81,83.32,2651.57,Lua he thu,77.7,18
1999,Quang Tri,24.09,27.16,21.81,83.32,2651.57,Lua mi,0,-7.11E-15
1999,Quang Tri,24.09,27.16,21.81,83.32,2651.57,Lua mua,3.3,5.2
1999,Quang Tri,24.09,27.16,21.81,83.32,2651.57,Ngo,3.5,2.1
1999,Quang Tri,24.09,27.16,21.81,83.32,2651.57,San,29,3.8
2000,Quang Tri,23.78,26.81,21.55,85.39,2394.12,Khoai,28.3,4.9
2000,Quang Tri,23.78,26.81,21.55,85.39,2394.12,Lua dong xuan,102.3,22
2000,Quang Tri,23.78,26.81,21.55,85.39,2394.12,Lua he thu,81.6,18
2000,Quang Tri,23.78,26.81,21.55,85.39,2394.12,Lua mi,0,0
2000,Quang Tri,23.78,26.81,21.55,85.39,2394.12,Lua mua,7.4,5.9
2000,Quang Tri,23.78,26.81,21.55,85.39,2394.12,Ngo,3.1,1.9
2000,Quang Tri,23.78,26.81,21.55,85.39,2394.12,San,36.8,4
2001,Quang Tri,24.2,27.36,21.88,84.37,2182.61,Khoai,25.6,4.4
2001,Quang Tri,24.2,27.36,21.88,84.37,2182.61,Lua dong xuan,98.3,22.5
2001,Quang Tri,24.2,27.36,21.88,84.37,2182.61,Lua he thu,78.7,18.6
2001,Quang Tri,24.2,27.36,21.88,84.37,2182.61,Lua mi,-2.84E-14,0
2001,Quang Tri,24.2,27.36,21.88,84.37,2182.61,Lua mua,7.8,5.8
2001,Quang Tri,24.2,27.36,21.88,84.37,2182.61,Ngo,2.9,1.9
2001,Quang Tri,24.2,27.36,21.88,84.37,2182.61,San,27.4,3.2
2002,Quang Tri,24.34,27.62,21.97,84.35,2044.62,Khoai,26.6,4.2
2002,Quang Tri,24.34,27.62,21.97,84.35,2044.62,Lua dong xuan,114.1,22.8
2002,Quang Tri,24.34,27.62,21.97,84.35,2044.62,Lua he thu,81.7,18.7
2002,Quang Tri,24.34,27.62,21.97,84.35,2044.62,Lua mi,-2.84E-14,0
2002,Quang Tri,24.34,27.62,21.97,84.35,2044.62,Lua mua,8.1,5.6
2002,Quang Tri,24.34,27.62,21.97,84.35,2044.62,Ngo,3.3,2.1
2002,Quang Tri,24.34,27.62,21.97,84.35,2044.62,San,40.8,4.1
2003,Quang Tri,24.49,27.99,21.93,83.09,1967.72,Khoai,23.7,3.9
2003,Quang Tri,24.49,27.99,21.93,83.09,1967.72,Lua dong xuan,113.4,23
2003,Quang Tri,24.49,27.99,21.93,83.09,1967.72,Lua he thu,81.5,18.7
2003,Quang Tri,24.49,27.99,21.93,83.09,1967.72,Lua mi,0,7.11E-15
2003,Quang Tri,24.49,27.99,21.93,83.09,1967.72,Lua mua,7.9,5.4
2003,Quang Tri,24.49,27.99,21.93,83.09,1967.72,Ngo,3.6,2.3
2003,Quang Tri,24.49,27.99,21.93,83.09,1967.72,San,67.6,5.4
2004,Quang Tri,23.89,27.3,21.28,83.9,1712.57,Khoai,25,3.8
2004,Quang Tri,23.89,27.3,21.28,83.9,1712.57,Lua dong xuan,120,23
2004,Quang Tri,23.89,27.3,21.28,83.9,1712.57,Lua he thu,86.2,18.4
2004,Quang Tri,23.89,27.3,21.28,83.9,1712.57,Lua mi,0,0
2004,Quang Tri,23.89,27.3,21.28,83.9,1712.57,Lua mua,8.1,5.2
2004,Quang Tri,23.89,27.3,21.28,83.9,1712.57,Ngo,5.2,2.6
2004,Quang Tri,23.89,27.3,21.28,83.9,1712.57,San,88.1,6.8
2005,Quang Tri,24.27,27.62,21.8,83.16,2317.82,Khoai,25.7,3.9
2005,Quang Tri,24.27,27.62,21.8,83.16,2317.82,Lua dong xuan,115.8,23.2
2005,Quang Tri,24.27,27.62,21.8,83.16,2317.82,Lua he thu,76.3,16.9
2005,Quang Tri,24.27,27.62,21.8,83.16,2317.82,Lua mi,0,0
2005,Quang Tri,24.27,27.62,21.8,83.16,2317.82,Lua mua,7.9,4.8
2005,Quang Tri,24.27,27.62,21.8,83.16,2317.82,Ngo,5.8,2.9
2005,Quang Tri,24.27,27.62,21.8,83.16,2317.82,San,121.8,7.8
2006,Quang Tri,24.48,27.86,21.98,83.32,2121.78,Khoai,26,3.8
2006,Quang Tri,24.48,27.86,21.98,83.32,2121.78,Lua dong xuan,122,23.1
2006,Quang Tri,24.48,27.86,21.98,83.32,2121.78,Lua he thu,84.5,18.4
2006,Quang Tri,24.48,27.86,21.98,83.32,2121.78,Lua mi,0,0
2006,Quang Tri,24.48,27.86,21.98,83.32,2121.78,Lua mua,7,4.4
2006,Quang Tri,24.48,27.86,21.98,83.32,2121.78,Ngo,6.2,3
2006,Quang Tri,24.48,27.86,21.98,83.32,2121.78,San,165.3,9.3
2007,Quang Tri,24.29,27.5,21.93,83.96,2840.56,Khoai,24.7,3.7
2007,Quang Tri,24.29,27.5,21.93,83.96,2840.56,Lua dong xuan,119.3,23.1
2007,Quang Tri,24.29,27.5,21.93,83.96,2840.56,Lua he thu,87.4,18.7
2007,Quang Tri,24.29,27.5,21.93,83.96,2840.56,Lua mi,0,-0.8
2007,Quang Tri,24.29,27.5,21.93,83.96,2840.56,Lua mua,6.8,4.5
2007,Quang Tri,24.29,27.5,21.93,83.96,2840.56,Ngo,6.6,3.2
2007,Quang Tri,24.29,27.5,21.93,83.96,2840.56,San,170.5,9.9
2008,Quang Tri,23.77,27.01,21.45,83.66,2305.67,Khoai,24.1,3.4
2008,Quang Tri,23.77,27.01,21.45,83.66,2305.67,Lua dong xuan,114,23.2
2008,Quang Tri,23.77,27.01,21.45,83.66,2305.67,Lua he thu,97,19.4
2008,Quang Tri,23.77,27.01,21.45,83.66,2305.67,Lua mi,-2.84E-14,-1
2008,Quang Tri,23.77,27.01,21.45,83.66,2305.67,Lua mua,7.3,4.5
2008,Quang Tri,23.77,27.01,21.45,83.66,2305.67,Ngo,7.9,3.8
2008,Quang Tri,23.77,27.01,21.45,83.66,2305.67,San,171,10
2009,Quang Tri,24.4,27.72,21.84,83.94,2434.72,Khoai,22.2,3.3
2009,Quang Tri,24.4,27.72,21.84,83.94,2434.72,Lua dong xuan,121.6,23.8
2009,Quang Tri,24.4,27.72,21.84,83.94,2434.72,Lua he thu,89,21.2
2009,Quang Tri,24.4,27.72,21.84,83.94,2434.72,Lua mi,0,0
2009,Quang Tri,24.4,27.72,21.84,83.94,2434.72,Lua mua,2.4,3.1
2009,Quang Tri,24.4,27.72,21.84,83.94,2434.72,Ngo,7.6,3.3
2009,Quang Tri,24.4,27.72,21.84,83.94,2434.72,San,163.8,9.9
2010,Quang Tri,24.99,28.5,22.36,83.26,2387.6,Khoai,23.2,3.2
2010,Quang Tri,24.99,28.5,22.36,83.26,2387.6,Lua dong xuan,121.6,23.8
2010,Quang Tri,24.99,28.5,22.36,83.26,2387.6,Lua he thu,89,21.2
2010,Quang Tri,24.99,28.5,22.36,83.26,2387.6,Lua mi,0,0
2010,Quang Tri,24.99,28.5,22.36,83.26,2387.6,Lua mua,2.4,3.1
2010,Quang Tri,24.99,28.5,22.36,83.26,2387.6,Ngo,8.3,3.6
2010,Quang Tri,24.99,28.5,22.36,83.26,2387.6,San,152.6,9.8
2011,Quang Tri,23.44,26.4,21.17,85.05,3000.89,Khoai,20.5,2.9
2011,Quang Tri,23.44,26.4,21.17,85.05,3000.89,Lua dong xuan,130.4,24.3
2011,Quang Tri,23.44,26.4,21.17,85.05,3000.89,Lua he thu,91.9,21.6
2011,Quang Tri,23.44,26.4,21.17,85.05,3000.89,Lua mi,0,0
2011,Quang Tri,23.44,26.4,21.17,85.05,3000.89,Lua mua,2.4,2.6
2011,Quang Tri,23.44,26.4,21.17,85.05,3000.89,Ngo,7.9,3.6
2011,Quang Tri,23.44,26.4,21.17,85.05,3000.89,San,171.9,10.7
2012,Quang Tri,24.78,28.12,22.3,83.77,1734.37,Khoai,20.3,2.9
2012,Quang Tri,24.78,28.12,22.3,83.77,1734.37,Lua dong xuan,132.8,24.7
2012,Quang Tri,24.78,28.12,22.3,83.77,1734.37,Lua he thu,105.5,21.9
2012,Quang Tri,24.78,28.12,22.3,83.77,1734.37,Lua mi,0,0
2012,Quang Tri,24.78,28.12,22.3,83.77,1734.37,Lua mua,2.3,2.4
2012,Quang Tri,24.78,28.12,22.3,83.77,1734.37,Ngo,9.9,3.8
2012,Quang Tri,24.78,28.12,22.3,83.77,1734.37,San,168.6,10.7
2013,Quang Tri,24.39,27.59,21.97,84.4,2726.13,Khoai,19.4,2.7
2013,Quang Tri,24.39,27.59,21.97,84.4,2726.13,Lua dong xuan,127.1,25.4
2013,Quang Tri,24.39,27.59,21.97,84.4,2726.13,Lua he thu,94.8,22.3
2013,Quang Tri,24.39,27.59,21.97,84.4,2726.13,Lua mi,0,0
2013,Quang Tri,24.39,27.59,21.97,84.4,2726.13,Lua mua,2.2,2.4
2013,Quang Tri,24.39,27.59,21.97,84.4,2726.13,Ngo,9.5,3.6
2013,Quang Tri,24.39,27.59,21.97,84.4,2726.13,San,176.4,11
2014,Quang Tri,24.71,28.13,22.12,82.78,1671.7,Khoai,19,2.6
2014,Quang Tri,24.71,28.13,22.12,82.78,1671.7,Lua dong xuan,143,25.6
2014,Quang Tri,24.71,28.13,22.12,82.78,1671.7,Lua he thu,113.6,22.3
2014,Quang Tri,24.71,28.13,22.12,82.78,1671.7,Lua mi,0,0
2014,Quang Tri,24.71,28.13,22.12,82.78,1671.7,Lua mua,2.1,2.3
2014,Quang Tri,24.71,28.13,22.12,82.78,1671.7,Ngo,11.2,3.8
2014,Quang Tri,24.71,28.13,22.12,82.78,1671.7,San,192.3,11.8
2015,Quang Tri,25.28,28.93,22.47,82.42,1897.38,Khoai,17.3,2.4
2015,Quang Tri,25.28,28.93,22.47,82.42,1897.38,Lua dong xuan,138.5,25.6
2015,Quang Tri,25.28,28.93,22.47,82.42,1897.38,Lua he thu,99,20.1
2015,Quang Tri,25.28,28.93,22.47,82.42,1897.38,Lua mi,0,0
2015,Quang Tri,25.28,28.93,22.47,82.42,1897.38,Lua mua,1.9,2
2015,Quang Tri,25.28,28.93,22.47,82.42,1897.38,Ngo,11.7,3.9
2015,Quang Tri,25.28,28.93,22.47,82.42,1897.38,San,208.8,12.7
2016,Quang Tri,25.17,28.6,22.53,82.41,2425.76,Khoai,18.1,2.4
2016,Quang Tri,25.17,28.6,22.53,82.41,2425.76,Lua dong xuan,146.3,25.7
2016,Quang Tri,25.17,28.6,22.53,82.41,2425.76,Lua he thu,114.9,22.2
2016,Quang Tri,25.17,28.6,22.53,82.41,2425.76,Lua mi,-0.1,-0.1
2016,Quang Tri,25.17,28.6,22.53,82.41,2425.76,Lua mua,1.9,1.9
2016,Quang Tri,25.17,28.6,22.53,82.41,2425.76,Ngo,12.9,4.1
2016,Quang Tri,25.17,28.6,22.53,82.41,2425.76,San,218.4,13
2017,Quang Tri,24.77,27.89,22.36,84.54,2992.72,Khoai,19.2,2.5
2017,Quang Tri,24.77,27.89,22.36,84.54,2992.72,Lua dong xuan,146.2,25.8
2017,Quang Tri,24.77,27.89,22.36,84.54,2992.72,Lua he thu,95.2,22.5
2017,Quang Tri,24.77,27.89,22.36,84.54,2992.72,Lua mi,0,0
2017,Quang Tri,24.77,27.89,22.36,84.54,2992.72,Lua mua,2,2
2017,Quang Tri,24.77,27.89,22.36,84.54,2992.72,Ngo,14,4.2
2017,Quang Tri,24.77,27.89,22.36,84.54,2992.72,San,207.4,12.3
2018,Quang Tri,24.67,27.87,22.16,84.37,2117.6,Khoai,18.3,2282
2018,Quang Tri,24.67,27.87,22.16,84.37,2117.6,Lua dong xuan,151.8,26
2018,Quang Tri,24.67,27.87,22.16,84.37,2117.6,Lua he thu,121.6,22.7
2018,Quang Tri,24.67,27.87,22.16,84.37,2117.6,Lua mi,0,-7.11E-15
2018,Quang Tri,24.67,27.87,22.16,84.37,2117.6,Lua mua,2.1,2
2018,Quang Tri,24.67,27.87,22.16,84.37,2117.6,Ngo,14.4,4.2
2018,Quang Tri,24.67,27.87,22.16,84.37,2117.6,San,201,11.9
2019,Quang Tri,25.86,29.38,23.11,80.9,1880.08,Khoai,16.6,2037
2019,Quang Tri,25.86,29.38,23.11,80.9,1880.08,Lua dong xuan,152.1,26
2019,Quang Tri,25.86,29.38,23.11,80.9,1880.08,Lua he thu,119.3,22.6
2019,Quang Tri,25.86,29.38,23.11,80.9,1880.08,Lua mi,0,0
2019,Quang Tri,25.86,29.38,23.11,80.9,1880.08,Lua mua,1.9,1.9
2019,Quang Tri,25.86,29.38,23.11,80.9,1880.08,Ngo,13.8,3.8
2019,Quang Tri,25.86,29.38,23.11,80.9,1880.08,San,199.9,11.7
2020,Quang Tri,25.55,29.03,22.88,81.18,2941.54,Khoai,14.3,1757
2020,Quang Tri,25.55,29.03,22.88,81.18,2941.54,Lua dong xuan,153.3,26.1
2020,Quang Tri,25.55,29.03,22.88,81.18,2941.54,Lua he thu,121.2,22.6
2020,Quang Tri,25.55,29.03,22.88,81.18,2941.54,Lua mi,0.1,-0.1
2020,Quang Tri,25.55,29.03,22.88,81.18,2941.54,Lua mua,1.9,2
2020,Quang Tri,25.55,29.03,22.88,81.18,2941.54,Ngo,13,3.8
2020,Quang Tri,25.55,29.03,22.88,81.18,2941.54,San,201.5,12
2021,Quang Tri,24.88,28.05,22.4,82.37,2460.09,Khoai,12.3,1512
2021,Quang Tri,24.88,28.05,22.4,82.37,2460.09,Lua dong xuan,158.2,25.9
2021,Quang Tri,24.88,28.05,22.4,82.37,2460.09,Lua he thu,119.3,22.6
2021,Quang Tri,24.88,28.05,22.4,82.37,2460.09,Lua mi,-5.68E-14,0
2021,Quang Tri,24.88,28.05,22.4,82.37,2460.09,Lua mua,1.8,1.7
2021,Quang Tri,24.88,28.05,22.4,82.37,2460.09,Ngo,15.1,4.4
2021,Quang Tri,24.88,28.05,22.4,82.37,2460.09,San,199.1,12.4
2022,Quang Tri,24.7,27.84,22.24,82.73,2689.34,Khoai,8.9,1434.7
2022,Quang Tri,24.7,27.84,22.24,82.73,2689.34,Lua dong xuan,107.1,26.1
2022,Quang Tri,24.7,27.84,22.24,82.73,2689.34,Lua he thu,126.8,22.8
2022,Quang Tri,24.7,27.84,22.24,82.73,2689.34,Lua mi,0,0
2022,Quang Tri,24.7,27.84,22.24,82.73,2689.34,Lua mua,1.7,1.6
2022,Quang Tri,24.7,27.84,22.24,82.73,2689.34,Ngo,13.5,4.5
2022,Quang Tri,24.7,27.84,22.24,82.73,2689.34,San,196.8,12.9
2023,Quang Tri,25.39,28.62,22.91,81.7,2632.14,Khoai,10.7,1334.2
2023,Quang Tri,25.39,28.62,22.91,81.7,2632.14,Lua dong xuan,160.7,26.2
2023,Quang Tri,25.39,28.62,22.91,81.7,2632.14,Lua he thu,128.9,22.6
2023,Quang Tri,25.39,28.62,22.91,81.7,2632.14,Lua mi,-5.68E-14,-7.11E-15
2023,Quang Tri,25.39,28.62,22.91,81.7,2632.14,Lua mua,1.7,1.5
2023,Quang Tri,25.39,28.62,22.91,81.7,2632.14,Ngo,14.6,4.2
2023,Quang Tri,25.39,28.62,22.91,81.7,2632.14,San,208.7,12.9
2024,Quang Tri,25.76,29.1,23.19,80.78,2326.56,Khoai,10.3,1309.3
2024,Quang Tri,25.76,29.1,23.19,80.78,2326.56,Lua dong xuan,161.1,26.2
2024,Quang Tri,25.76,29.1,23.19,80.78,2326.56,Lua he thu,133.7,22.8
2024,Quang Tri,25.76,29.1,23.19,80.78,2326.56,Lua mi,0.1,0
2024,Quang Tri,25.76,29.1,23.19,80.78,2326.56,Lua mua,1.6,1.4
2024,Quang Tri,25.76,29.1,23.19,80.78,2326.56,Ngo,14.9,4.2
2024,Quang Tri,25.76,29.1,23.19,80.78,2326.56,San,210.5,13
1995,Soc Trang,27.04,30.43,24.76,80.72,1908.59,Khoai,14.2,1.4
1995,Soc Trang,27.04,30.43,24.76,80.72,1908.59,Lua dong xuan,216.3,45
1995,Soc Trang,27.04,30.43,24.76,80.72,1908.59,Lua he thu,445.4,98
1995,Soc Trang,27.04,30.43,24.76,80.72,1908.59,Lua mi,2.27E-13,0
1995,Soc Trang,27.04,30.43,24.76,80.72,1908.59,Lua mua,426.4,132.6
1995,Soc Trang,27.04,30.43,24.76,80.72,1908.59,Ngo,4.8,2.4
1996,Soc Trang,26.68,29.91,24.46,82.79,2383.06,Khoai,18.3,1.7
1996,Soc Trang,26.68,29.91,24.46,82.79,2383.06,Lua dong xuan,264.3,61.4
1996,Soc Trang,26.68,29.91,24.46,82.79,2383.06,Lua he thu,501.6,148.8
1996,Soc Trang,26.68,29.91,24.46,82.79,2383.06,Lua mi,0,0
1996,Soc Trang,26.68,29.91,24.46,82.79,2383.06,Lua mua,384.5,110
1996,Soc Trang,26.68,29.91,24.46,82.79,2383.06,Ngo,5.8,2.3
1997,Soc Trang,27.12,30.44,24.92,80.95,1620.31,Khoai,11.7,1.3
1997,Soc Trang,27.12,30.44,24.92,80.95,1620.31,Lua dong xuan,295.4,69.3
1997,Soc Trang,27.12,30.44,24.92,80.95,1620.31,Lua he thu,516.6,140.3
1997,Soc Trang,27.12,30.44,24.92,80.95,1620.31,Lua mi,0,0
1997,Soc Trang,27.12,30.44,24.92,80.95,1620.31,Lua mua,369.2,121.1
1997,Soc Trang,27.12,30.44,24.92,80.95,1620.31,Ngo,5.3,2.5
1998,Soc Trang,27.77,31.1,25.57,80.42,2229.49,Khoai,11.3,1.2
1998,Soc Trang,27.77,31.1,25.57,80.42,2229.49,Lua dong xuan,541.1,119.7
1998,Soc Trang,27.77,31.1,25.57,80.42,2229.49,Lua he thu,629,150.3
1998,Soc Trang,27.77,31.1,25.57,80.42,2229.49,Lua mi,0,0
1998,Soc Trang,27.77,31.1,25.57,80.42,2229.49,Lua mua,211.4,73.6
1998,Soc Trang,27.77,31.1,25.57,80.42,2229.49,Ngo,6.9,2.7
1999,Soc Trang,26.72,29.84,24.61,83.3,2492.01,Khoai,11.4,1.3
1999,Soc Trang,26.72,29.84,24.61,83.3,2492.01,Lua dong xuan,621.7,137.2
1999,Soc Trang,26.72,29.84,24.61,83.3,2492.01,Lua he thu,700.2,168.3
1999,Soc Trang,26.72,29.84,24.61,83.3,2492.01,Lua mi,0,0
1999,Soc Trang,26.72,29.84,24.61,83.3,2492.01,Lua mua,185.6,51
1999,Soc Trang,26.72,29.84,24.61,83.3,2492.01,Ngo,6.4,2.6
2000,Soc Trang,26.92,30.04,24.85,82.99,2174.32,Khoai,14,1.5
2000,Soc Trang,26.92,30.04,24.85,82.99,2174.32,Lua dong xuan,640.6,132
2000,Soc Trang,26.92,30.04,24.85,82.99,2174.32,Lua he thu,737,171.3
2000,Soc Trang,26.92,30.04,24.85,82.99,2174.32,Lua mi,0,5.68E-14
2000,Soc Trang,26.92,30.04,24.85,82.99,2174.32,Lua mua,240.4,67.1
2000,Soc Trang,26.92,30.04,24.85,82.99,2174.32,Ngo,6.7,2.7
2001,Soc Trang,27.07,30.19,25.01,82.7,2180.26,Khoai,13,1.2
2001,Soc Trang,27.07,30.19,25.01,82.7,2180.26,Lua dong xuan,602.3,134.6
2001,Soc Trang,27.07,30.19,25.01,82.7,2180.26,Lua he thu,705.4,159.6
2001,Soc Trang,27.07,30.19,25.01,82.7,2180.26,Lua mi,-2.27E-13,0
2001,Soc Trang,27.07,30.19,25.01,82.7,2180.26,Lua mua,218,54.6
2001,Soc Trang,27.07,30.19,25.01,82.7,2180.26,Ngo,8.4,2.8
2002,Soc Trang,27.5,30.77,25.36,79.27,1700.12,Khoai,12.8,1.2
2002,Soc Trang,27.5,30.77,25.36,79.27,1700.12,Lua dong xuan,709.4,140.6
2002,Soc Trang,27.5,30.77,25.36,79.27,1700.12,Lua he thu,751.9,165.9
2002,Soc Trang,27.5,30.77,25.36,79.27,1700.12,Lua mi,0,0
2002,Soc Trang,27.5,30.77,25.36,79.27,1700.12,Lua mua,181.5,48.4
2002,Soc Trang,27.5,30.77,25.36,79.27,1700.12,Ngo,7.7,2.5
2003,Soc Trang,27.2,30.31,25.16,80.94,2222.69,Khoai,13.6,1.3
2003,Soc Trang,27.2,30.31,25.16,80.94,2222.69,Lua dong xuan,708.2,138.6
2003,Soc Trang,27.2,30.31,25.16,80.94,2222.69,Lua he thu,756.7,170.7
2003,Soc Trang,27.2,30.31,25.16,80.94,2222.69,Lua mi,0,-5.68E-14
2003,Soc Trang,27.2,30.31,25.16,80.94,2222.69,Lua mua,145.3,40.3
2003,Soc Trang,27.2,30.31,25.16,80.94,2222.69,Ngo,5.6,1.8
2004,Soc Trang,27.1,30.19,25,80.25,1677.73,Khoai,15.4,1.4
2004,Soc Trang,27.1,30.19,25,80.25,1677.73,Lua dong xuan,715,136.5
2004,Soc Trang,27.1,30.19,25,80.25,1677.73,Lua he thu,721.4,154.2
2004,Soc Trang,27.1,30.19,25,80.25,1677.73,Lua mi,0,0
2004,Soc Trang,27.1,30.19,25,80.25,1677.73,Lua mua,89.7,24.5
2004,Soc Trang,27.1,30.19,25,80.25,1677.73,Ngo,8.9,2.6
2005,Soc Trang,27.13,30.28,25.01,80.73,2019.08,Khoai,14.6,1.4
2005,Soc Trang,27.13,30.28,25.01,80.73,2019.08,Lua dong xuan,752.5,136
2005,Soc Trang,27.13,30.28,25.01,80.73,2019.08,Lua he thu,764.1,154.4
2005,Soc Trang,27.13,30.28,25.01,80.73,2019.08,Lua mi,0,-5.68E-14
2005,Soc Trang,27.13,30.28,25.01,80.73,2019.08,Lua mua,117.6,31.2
2005,Soc Trang,27.13,30.28,25.01,80.73,2019.08,Ngo,9.5,2.8
2006,Soc Trang,27.18,30.28,25.12,81.18,2049.6,Khoai,16.4,1.5
2006,Soc Trang,27.18,30.28,25.12,81.18,2049.6,Lua dong xuan,752.1,139.7
2006,Soc Trang,27.18,30.28,25.12,81.18,2049.6,Lua he thu,757.4,160.9
2006,Soc Trang,27.18,30.28,25.12,81.18,2049.6,Lua mi,-2.27E-13,0
2006,Soc Trang,27.18,30.28,25.12,81.18,2049.6,Lua mua,92.7,23.8
2006,Soc Trang,27.18,30.28,25.12,81.18,2049.6,Ngo,9.4,2.8
2007,Soc Trang,27.08,30.25,24.98,81.53,2152.96,Khoai,17.3,1.6
2007,Soc Trang,27.08,30.25,24.98,81.53,2152.96,Lua dong xuan,704.9,140.7
2007,Soc Trang,27.08,30.25,24.98,81.53,2152.96,Lua he thu,798.9,158.9
2007,Soc Trang,27.08,30.25,24.98,81.53,2152.96,Lua mi,0,5.68E-14
2007,Soc Trang,27.08,30.25,24.98,81.53,2152.96,Lua mua,98.7,25.8
2007,Soc Trang,27.08,30.25,24.98,81.53,2152.96,Ngo,9.6,2.9
2008,Soc Trang,26.8,30.06,24.68,82.28,2338.57,Khoai,21.9,2
2008,Soc Trang,26.8,30.06,24.68,82.28,2338.57,Lua dong xuan,822.8,139.3
2008,Soc Trang,26.8,30.06,24.68,82.28,2338.57,Lua he thu,821.4,160.7
2008,Soc Trang,26.8,30.06,24.68,82.28,2338.57,Lua mi,0,0
2008,Soc Trang,26.8,30.06,24.68,82.28,2338.57,Lua mua,95.3,22.3
2008,Soc Trang,26.8,30.06,24.68,82.28,2338.57,Ngo,13.4,3.7
2009,Soc Trang,27.05,30.22,24.93,82.87,1983.56,Khoai,27.8,2.5
2009,Soc Trang,27.05,30.22,24.93,82.87,1983.56,Lua dong xuan,811.8,138.6
2009,Soc Trang,27.05,30.22,24.93,82.87,1983.56,Lua he thu,852.2,169.1
2009,Soc Trang,27.05,30.22,24.93,82.87,1983.56,Lua mi,-2.27E-13,0
2009,Soc Trang,27.05,30.22,24.93,82.87,1983.56,Lua mua,116.4,26.9
2009,Soc Trang,27.05,30.22,24.93,82.87,1983.56,Ngo,14.9,3.9
2010,Soc Trang,27.58,30.89,25.45,81.05,2476.12,Khoai,30.7,2.6
2010,Soc Trang,27.58,30.89,25.45,81.05,2476.12,Lua dong xuan,872.4,139.6
2010,Soc Trang,27.58,30.89,25.45,81.05,2476.12,Lua he thu,995.1,188.2
2010,Soc Trang,27.58,30.89,25.45,81.05,2476.12,Lua mi,2.27E-13,0
2010,Soc Trang,27.58,30.89,25.45,81.05,2476.12,Lua mua,99.1,21.8
2010,Soc Trang,27.58,30.89,25.45,81.05,2476.12,Ngo,14.3,3.7
2011,Soc Trang,26.94,30.06,24.91,81.88,2075.97,Khoai,32,2.7
2011,Soc Trang,26.94,30.06,24.91,81.88,2075.97,Lua dong xuan,884,138.3
2011,Soc Trang,26.94,30.06,24.91,81.88,2075.97,Lua he thu,1102.9,187.1
2011,Soc Trang,26.94,30.06,24.91,81.88,2075.97,Lua mi,0,0
2011,Soc Trang,26.94,30.06,24.91,81.88,2075.97,Lua mua,103.7,23.6
2011,Soc Trang,26.94,30.06,24.91,81.88,2075.97,Ngo,13.8,3.7
2012,Soc Trang,27.34,30.57,25.26,82.19,2172.78,Khoai,29.7,2.4
2012,Soc Trang,27.34,30.57,25.26,82.19,2172.78,Lua dong xuan,909.8,138.8
2012,Soc Trang,27.34,30.57,25.26,82.19,2172.78,Lua he thu,1214.6,200.5
2012,Soc Trang,27.34,30.57,25.26,82.19,2172.78,Lua mi,0,0
2012,Soc Trang,27.34,30.57,25.26,82.19,2172.78,Lua mua,127.4,26.6
2012,Soc Trang,27.34,30.57,25.26,82.19,2172.78,Ngo,14.1,3.8
2013,Soc Trang,27.34,30.38,25.34,81.58,2119.56,Khoai,28.5,2.1
2013,Soc Trang,27.34,30.38,25.34,81.58,2119.56,Lua dong xuan,933.2,141.3
2013,Soc Trang,27.34,30.38,25.34,81.58,2119.56,Lua he thu,1128.2,200.7
2013,Soc Trang,27.34,30.38,25.34,81.58,2119.56,Lua mi,0,0
2013,Soc Trang,27.34,30.38,25.34,81.58,2119.56,Lua mua,158.6,31.5
2013,Soc Trang,27.34,30.38,25.34,81.58,2119.56,Ngo,15.9,4.2
2014,Soc Trang,27.31,30.58,25.15,81.04,2024.76,Khoai,27.7,2
2014,Soc Trang,27.31,30.58,25.15,81.04,2024.76,Lua dong xuan,961.3,141.3
2014,Soc Trang,27.31,30.58,25.15,81.04,2024.76,Lua he thu,1150.8,192
2014,Soc Trang,27.31,30.58,25.15,81.04,2024.76,Lua mi,0,0
2014,Soc Trang,27.31,30.58,25.15,81.04,2024.76,Lua mua,153.2,30.6
2014,Soc Trang,27.31,30.58,25.15,81.04,2024.76,Ngo,14.7,3.8
2015,Soc Trang,27.61,30.9,25.44,79.64,1814.5,Khoai,26.3,1.9
2015,Soc Trang,27.61,30.9,25.44,79.64,1814.5,Lua dong xuan,1348,196.7
2015,Soc Trang,27.61,30.9,25.44,79.64,1814.5,Lua he thu,858.2,152.4
2015,Soc Trang,27.61,30.9,25.44,79.64,1814.5,Lua mi,0,0.1
2015,Soc Trang,27.61,30.9,25.44,79.64,1814.5,Lua mua,69.3,13.6
2015,Soc Trang,27.61,30.9,25.44,79.64,1814.5,Ngo,16.4,4.1
2016,Soc Trang,27.78,31,25.73,80.91,2102.36,Khoai,23,1.7
2016,Soc Trang,27.78,31,25.73,80.91,2102.36,Lua dong xuan,1181.8,189.3
2016,Soc Trang,27.78,31,25.73,80.91,2102.36,Lua he thu,864.5,153.3
2016,Soc Trang,27.78,31,25.73,80.91,2102.36,Lua mi,0.1,0
2016,Soc Trang,27.78,31,25.73,80.91,2102.36,Lua mua,68.8,14.1
2016,Soc Trang,27.78,31,25.73,80.91,2102.36,Ngo,15.9,4
2017,Soc Trang,27.44,30.5,25.42,82.22,2479.39,Khoai,20,1.6
2017,Soc Trang,27.44,30.5,25.42,82.22,2479.39,Lua dong xuan,1186,183.9
2017,Soc Trang,27.44,30.5,25.42,82.22,2479.39,Lua he thu,855.1,151.8
2017,Soc Trang,27.44,30.5,25.42,82.22,2479.39,Lua mi,0,0
2017,Soc Trang,27.44,30.5,25.42,82.22,2479.39,Lua mua,64,12.5
2017,Soc Trang,27.44,30.5,25.42,82.22,2479.39,Ngo,16.9,4.2
2018,Soc Trang,27.5,30.57,25.47,81.16,1913.6,Khoai,19.4,1491
2018,Soc Trang,27.5,30.57,25.47,81.16,1913.6,Lua dong xuan,1250.2,193.4
2018,Soc Trang,27.5,30.57,25.47,81.16,1913.6,Lua he thu,821,146.4
2018,Soc Trang,27.5,30.57,25.47,81.16,1913.6,Lua mi,4.55E-13,0
2018,Soc Trang,27.5,30.57,25.47,81.16,1913.6,Lua mua,61.6,12
2018,Soc Trang,27.5,30.57,25.47,81.16,1913.6,Ngo,16.7,4.2
2019,Soc Trang,27.67,30.81,25.56,80.05,1720.54,Khoai,15.6,1182
2019,Soc Trang,27.67,30.81,25.56,80.05,1720.54,Lua dong xuan,1293.4,198.5
2019,Soc Trang,27.67,30.81,25.56,80.05,1720.54,Lua he thu,821.1,146.3
2019,Soc Trang,27.67,30.81,25.56,80.05,1720.54,Lua mi,4.55E-13,-0.1
2019,Soc Trang,27.67,30.81,25.56,80.05,1720.54,Lua mua,57.6,11.5
2019,Soc Trang,27.67,30.81,25.56,80.05,1720.54,Ngo,17.7,4.4
2020,Soc Trang,27.76,30.92,25.66,80.04,2050.94,Khoai,7.5,626
2020,Soc Trang,27.76,30.92,25.66,80.04,2050.94,Lua dong xuan,1186.1,183
2020,Soc Trang,27.76,30.92,25.66,80.04,2050.94,Lua he thu,833.8,159
2020,Soc Trang,27.76,30.92,25.66,80.04,2050.94,Lua mi,0.1,0
2020,Soc Trang,27.76,30.92,25.66,80.04,2050.94,Lua mua,59.9,11.7
2020,Soc Trang,27.76,30.92,25.66,80.04,2050.94,Ngo,11.9,2.8
2021,Soc Trang,27.25,30.25,25.23,81.77,2302.12,Khoai,6,459
2021,Soc Trang,27.25,30.25,25.23,81.77,2302.12,Lua dong xuan,1183.5,174.3
2021,Soc Trang,27.25,30.25,25.23,81.77,2302.12,Lua he thu,818.2,142.3
2021,Soc Trang,27.25,30.25,25.23,81.77,2302.12,Lua mi,0,-0.1
2021,Soc Trang,27.25,30.25,25.23,81.77,2302.12,Lua mua,57.1,11.3
2021,Soc Trang,27.25,30.25,25.23,81.77,2302.12,Ngo,10,2.3
2022,Soc Trang,27.43,30.45,25.4,81.5,2380.82,Khoai,7.2,514.1
2022,Soc Trang,27.43,30.45,25.4,81.5,2380.82,Lua dong xuan,1222.3,182.2
2022,Soc Trang,27.43,30.45,25.4,81.5,2380.82,Lua he thu,766.3,140
2022,Soc Trang,27.43,30.45,25.4,81.5,2380.82,Lua mi,4.55E-13,0
2022,Soc Trang,27.43,30.45,25.4,81.5,2380.82,Lua mua,54,10.6
2022,Soc Trang,27.43,30.45,25.4,81.5,2380.82,Ngo,10.2,2.3
2023,Soc Trang,27.69,30.67,25.65,82,2015.89,Khoai,6.6,457
2023,Soc Trang,27.69,30.67,25.65,82,2015.89,Lua dong xuan,1187.2,174.5
2023,Soc Trang,27.69,30.67,25.65,82,2015.89,Lua he thu,834.2,145
2023,Soc Trang,27.69,30.67,25.65,82,2015.89,Lua mi,-0.1,5.68E-14
2023,Soc Trang,27.69,30.67,25.65,82,2015.89,Lua mua,55.8,10.9
2023,Soc Trang,27.69,30.67,25.65,82,2015.89,Ngo,8.9,1.9
2024,Soc Trang,28.18,31.16,26.13,81.24,2220.37,Khoai,5.9,369.7
2024,Soc Trang,28.18,31.16,26.13,81.24,2220.37,Lua dong xuan,1274.8,182
2024,Soc Trang,28.18,31.16,26.13,81.24,2220.37,Lua he thu,853.5,145.7
2024,Soc Trang,28.18,31.16,26.13,81.24,2220.37,Lua mi,-0.1,-0.1
2024,Soc Trang,28.18,31.16,26.13,81.24,2220.37,Lua mua,57.2,10.4
2024,Soc Trang,28.18,31.16,26.13,81.24,2220.37,Ngo,8.4,1.8
1995,Son La,20.55,24.95,17.09,81.9,1907.89,Khoai,1.7,0.3
1995,Son La,20.55,24.95,17.09,81.9,1907.89,Lua dong xuan,26.6,5.9
1995,Son La,20.55,24.95,17.09,81.9,1907.89,Lua mi,0,0
1995,Son La,20.55,24.95,17.09,81.9,1907.89,Lua mua,72.8,37.7
1995,Son La,20.55,24.95,17.09,81.9,1907.89,Ngo,45.6,25.2
1995,Son La,20.55,24.95,17.09,81.9,1907.89,San,100.4,13.7
1996,Son La,20.43,24.83,16.86,81.48,2140.49,Khoai,2,0.4
1996,Son La,20.43,24.83,16.86,81.48,2140.49,Lua dong xuan,30,6
1996,Son La,20.43,24.83,16.86,81.48,2140.49,Lua mi,0,0
1996,Son La,20.43,24.83,16.86,81.48,2140.49,Lua mua,71,38.5
1996,Son La,20.43,24.83,16.86,81.48,2140.49,Ngo,50.8,24.4
1996,Son La,20.43,24.83,16.86,81.48,2140.49,San,118,14.7
1997,Son La,20.97,25.59,17.42,80.97,2068.8,Khoai,2.9,0.6
1997,Son La,20.97,25.59,17.42,80.97,2068.8,Lua dong xuan,33.6,6.2
1997,Son La,20.97,25.59,17.42,80.97,2068.8,Lua mi,0,0
1997,Son La,20.97,25.59,17.42,80.97,2068.8,Lua mua,76.4,37.9
1997,Son La,20.97,25.59,17.42,80.97,2068.8,Ngo,50.7,29.3
1997,Son La,20.97,25.59,17.42,80.97,2068.8,San,122.7,15.2
1998,Son La,21.63,26.48,17.74,78.79,1531.94,Khoai,2.9,0.8
1998,Son La,21.63,26.48,17.74,78.79,1531.94,Lua dong xuan,30.8,6.2
1998,Son La,21.63,26.48,17.74,78.79,1531.94,Lua mi,2.84E-14,0
1998,Son La,21.63,26.48,17.74,78.79,1531.94,Lua mua,69.8,36.8
1998,Son La,21.63,26.48,17.74,78.79,1531.94,Ngo,82.3,35.4
1998,Son La,21.63,26.48,17.74,78.79,1531.94,San,125.9,15.7
1999,Son La,20.91,25.35,17.39,80.94,1509.05,Khoai,3.1,0.7
1999,Son La,20.91,25.35,17.39,80.94,1509.05,Lua dong xuan,28.6,6
1999,Son La,20.91,25.35,17.39,80.94,1509.05,Lua mi,-2.84E-14,0
1999,Son La,20.91,25.35,17.39,80.94,1509.05,Lua mua,70.8,35.9
1999,Son La,20.91,25.35,17.39,80.94,1509.05,Ngo,97.2,42.5
1999,Son La,20.91,25.35,17.39,80.94,1509.05,San,116,16.6
2000,Son La,20.91,25.33,17.37,81.09,1611.36,Khoai,3.2,0.8
2000,Son La,20.91,25.33,17.37,81.09,1611.36,Lua dong xuan,34.8,6.7
2000,Son La,20.91,25.33,17.37,81.09,1611.36,Lua mi,0,0
2000,Son La,20.91,25.33,17.37,81.09,1611.36,Lua mua,73.3,34.8
2000,Son La,20.91,25.33,17.37,81.09,1611.36,Ngo,135.8,51.6
2000,Son La,20.91,25.33,17.37,81.09,1611.36,San,128.5,17
2001,Son La,20.98,25.26,17.56,82.46,1702.17,Khoai,3.4,0.7
2001,Son La,20.98,25.26,17.56,82.46,1702.17,Lua dong xuan,36.4,7.3
2001,Son La,20.98,25.26,17.56,82.46,1702.17,Lua mi,0,-1.42E-14
2001,Son La,20.98,25.26,17.56,82.46,1702.17,Lua mua,75.7,33.3
2001,Son La,20.98,25.26,17.56,82.46,1702.17,Ngo,151.6,55.2
2001,Son La,20.98,25.26,17.56,82.46,1702.17,San,142.8,16.2
2002,Son La,21.19,25.64,17.68,81.48,2027.29,Khoai,4.6,0.9
2002,Son La,21.19,25.64,17.68,81.48,2027.29,Lua dong xuan,42.4,7.7
2002,Son La,21.19,25.64,17.68,81.48,2027.29,Lua mi,0,-1.42E-14
2002,Son La,21.19,25.64,17.68,81.48,2027.29,Lua mua,76.8,31.7
2002,Son La,21.19,25.64,17.68,81.48,2027.29,Ngo,196.1,64.9
2002,Son La,21.19,25.64,17.68,81.48,2027.29,San,159.1,17.2
2003,Son La,21.42,26.13,17.56,79.74,1504.52,Khoai,4.7,0.8
2003,Son La,21.42,26.13,17.56,79.74,1504.52,Lua dong xuan,46.1,8.4
2003,Son La,21.42,26.13,17.56,79.74,1504.52,Lua mi,0.1,0.1
2003,Son La,21.42,26.13,17.56,79.74,1504.52,Lua mua,82.5,30.1
2003,Son La,21.42,26.13,17.56,79.74,1504.52,Ngo,200.9,64.6
2003,Son La,21.42,26.13,17.56,79.74,1504.52,San,183,17.9
2004,Son La,20.67,25.33,16.89,80.46,1772.97,Khoai,3.8,0.6
2004,Son La,20.67,25.33,16.89,80.46,1772.97,Lua dong xuan,49.6,8.7
2004,Son La,20.67,25.33,16.89,80.46,1772.97,Lua mi,0,0
2004,Son La,20.67,25.33,16.89,80.46,1772.97,Lua mua,84.5,30.3
2004,Son La,20.67,25.33,16.89,80.46,1772.97,Ngo,217.8,68.2
2004,Son La,20.67,25.33,16.89,80.46,1772.97,San,199.1,18.1
2005,Son La,21,25.58,17.32,79.91,1762.03,Khoai,3.4,0.6
2005,Son La,21,25.58,17.32,79.91,1762.03,Lua dong xuan,47.5,9
2005,Son La,21,25.58,17.32,79.91,1762.03,Lua mi,0,0
2005,Son La,21,25.58,17.32,79.91,1762.03,Lua mua,80.8,30
2005,Son La,21,25.58,17.32,79.91,1762.03,Ngo,228,80.9
2005,Son La,21,25.58,17.32,79.91,1762.03,San,192.3,17.8
2006,Son La,21.3,25.97,17.58,79.69,1579.78,Khoai,4.2,0.6
2006,Son La,21.3,25.97,17.58,79.69,1579.78,Lua dong xuan,50.7,8.9
2006,Son La,21.3,25.97,17.58,79.69,1579.78,Lua mi,0,-1.42E-14
2006,Son La,21.3,25.97,17.58,79.69,1579.78,Lua mua,88.5,30.3
2006,Son La,21.3,25.97,17.58,79.69,1579.78,Ngo,269,82.4
2006,Son La,21.3,25.97,17.58,79.69,1579.78,San,201,18
2007,Son La,21.1,25.8,17.24,78.6,1609.89,Khoai,4,0.7
2007,Son La,21.1,25.8,17.24,78.6,1609.89,Lua dong xuan,50.2,9.1
2007,Son La,21.1,25.8,17.24,78.6,1609.89,Lua mi,0,5.1
2007,Son La,21.1,25.8,17.24,78.6,1609.89,Lua mua,98.6,41.7
2007,Son La,21.1,25.8,17.24,78.6,1609.89,Ngo,444,117.8
2007,Son La,21.1,25.8,17.24,78.6,1609.89,San,210.6,18.6
2008,Son La,20.31,24.63,16.94,82.37,2088.19,Khoai,3.3,0.5
2008,Son La,20.31,24.63,16.94,82.37,2088.19,Lua dong xuan,52.1,9.2
2008,Son La,20.31,24.63,16.94,82.37,2088.19,Lua mi,0,-0.3
2008,Son La,20.31,24.63,16.94,82.37,2088.19,Lua mua,96.4,36.4
2008,Son La,20.31,24.63,16.94,82.37,2088.19,Ngo,503.5,132.3
2008,Son La,20.31,24.63,16.94,82.37,2088.19,San,270.4,23.7
2009,Son La,21.44,26.25,17.63,78.21,1485.37,Khoai,3.1,0.5
2009,Son La,21.44,26.25,17.63,78.21,1485.37,Lua dong xuan,54.8,9.5
2009,Son La,21.44,26.25,17.63,78.21,1485.37,Lua mi,0,0
2009,Son La,21.44,26.25,17.63,78.21,1485.37,Lua mua,98,36.4
2009,Son La,21.44,26.25,17.63,78.21,1485.37,Ngo,514.2,132.1
2009,Son La,21.44,26.25,17.63,78.21,1485.37,San,267.9,22.3
2010,Son La,21.67,26.46,17.91,78.64,1670.06,Khoai,3.2,0.5
2010,Son La,21.67,26.46,17.91,78.64,1670.06,Lua dong xuan,54.9,9.5
2010,Son La,21.67,26.46,17.91,78.64,1670.06,Lua mi,0,2.84E-14
2010,Son La,21.67,26.46,17.91,78.64,1670.06,Lua mua,92.2,35.1
2010,Son La,21.67,26.46,17.91,78.64,1670.06,Ngo,417.4,132.7
2010,Son La,21.67,26.46,17.91,78.64,1670.06,San,295.1,24.6
2011,Son La,20.08,24.19,16.85,82.99,1502.46,Khoai,3.4,0.5
2011,Son La,20.08,24.19,16.85,82.99,1502.46,Lua dong xuan,57.5,9.4
2011,Son La,20.08,24.19,16.85,82.99,1502.46,Lua mi,0,0
2011,Son La,20.08,24.19,16.85,82.99,1502.46,Lua mua,98.3,34.7
2011,Son La,20.08,24.19,16.85,82.99,1502.46,Ngo,506.7,127.5
2011,Son La,20.08,24.19,16.85,82.99,1502.46,San,351.5,28.5
2012,Son La,21.37,25.95,17.91,81.67,1821.88,Khoai,2.6,0.4
2012,Son La,21.37,25.95,17.91,81.67,1821.88,Lua dong xuan,60.2,10.1
2012,Son La,21.37,25.95,17.91,81.67,1821.88,Lua mi,1.14E-13,2.84E-14
2012,Son La,21.37,25.95,17.91,81.67,1821.88,Lua mua,102.7,38.1
2012,Son La,21.37,25.95,17.91,81.67,1821.88,Ngo,667.3,168.7
2012,Son La,21.37,25.95,17.91,81.67,1821.88,San,352.6,28.1
2013,Son La,20.99,25.62,17.43,81.28,1857.97,Khoai,2.5,0.4
2013,Son La,20.99,25.62,17.43,81.28,1857.97,Lua dong xuan,67.1,11.1
2013,Son La,20.99,25.62,17.43,81.28,1857.97,Lua mi,0,0
2013,Son La,20.99,25.62,17.43,81.28,1857.97,Lua mua,114.2,45.6
2013,Son La,20.99,25.62,17.43,81.28,1857.97,Ngo,654.7,162.8
2013,Son La,20.99,25.62,17.43,81.28,1857.97,San,345.9,28
2014,Son La,21.34,26.21,17.66,80.87,1740.75,Khoai,2.2,0.3
2014,Son La,21.34,26.21,17.66,80.87,1740.75,Lua dong xuan,68.5,11.4
2014,Son La,21.34,26.21,17.66,80.87,1740.75,Lua mi,0,0
2014,Son La,21.34,26.21,17.66,80.87,1740.75,Lua mua,114.8,42.9
2014,Son La,21.34,26.21,17.66,80.87,1740.75,Ngo,657.7,162.5
2014,Son La,21.34,26.21,17.66,80.87,1740.75,San,371.3,30.5
2015,Son La,21.96,26.69,18.28,79.71,1701.93,Khoai,1.5,0.2
2015,Son La,21.96,26.69,18.28,79.71,1701.93,Lua dong xuan,64.2,11.6
2015,Son La,21.96,26.69,18.28,79.71,1701.93,Lua mi,-0.1,0.1
2015,Son La,21.96,26.69,18.28,79.71,1701.93,Lua mua,113.2,40.5
2015,Son La,21.96,26.69,18.28,79.71,1701.93,Ngo,588.7,159.9
2015,Son La,21.96,26.69,18.28,79.71,1701.93,San,359.5,31.2
2016,Son La,21.64,26.45,17.93,80.15,1636.94,Khoai,1.6,0.2
2016,Son La,21.64,26.45,17.93,80.15,1636.94,Lua dong xuan,68.4,11.8
2016,Son La,21.64,26.45,17.93,80.15,1636.94,Lua mi,0,0.1
2016,Son La,21.64,26.45,17.93,80.15,1636.94,Lua mua,114.5,39.9
2016,Son La,21.64,26.45,17.93,80.15,1636.94,Ngo,598.6,152.4
2016,Son La,21.64,26.45,17.93,80.15,1636.94,San,386.5,32.8
2017,Son La,21.38,25.68,18.12,82.14,1976.52,Khoai,2,0.3
2017,Son La,21.38,25.68,18.12,82.14,1976.52,Lua dong xuan,69.7,12.1
2017,Son La,21.38,25.68,18.12,82.14,1976.52,Lua mi,0,0
2017,Son La,21.38,25.68,18.12,82.14,1976.52,Lua mua,110.3,38.9
2017,Son La,21.38,25.68,18.12,82.14,1976.52,Ngo,561.8,138.1
2017,Son La,21.38,25.68,18.12,82.14,1976.52,San,377.4,32.2
2018,Son La,21.41,25.93,18,81.41,2180.08,Khoai,2.4,330
2018,Son La,21.41,25.93,18,81.41,2180.08,Lua dong xuan,70.6,12
2018,Son La,21.41,25.93,18,81.41,2180.08,Lua mi,0,0
2018,Son La,21.41,25.93,18,81.41,2180.08,Lua mua,113.7,38.6
2018,Son La,21.41,25.93,18,81.41,2180.08,Ngo,472,113.8
2018,Son La,21.41,25.93,18,81.41,2180.08,San,412.6,34.8
2019,Son La,22.35,27.55,18.47,78.52,1508.88,Khoai,2.5,330
2019,Son La,22.35,27.55,18.47,78.52,1508.88,Lua dong xuan,72.3,12.4
2019,Son La,22.35,27.55,18.47,78.52,1508.88,Lua mi,1.1,0.1
2019,Son La,22.35,27.55,18.47,78.52,1508.88,Lua mua,116.7,38.4
2019,Son La,22.35,27.55,18.47,78.52,1508.88,Ngo,392,95.4
2019,Son La,22.35,27.55,18.47,78.52,1508.88,San,433.3,37
2020,Son La,21.52,26.29,18,81.24,1631.69,Khoai,2.7,369
2020,Son La,21.52,26.29,18,81.24,1631.69,Lua dong xuan,73.3,12.5
2020,Son La,21.52,26.29,18,81.24,1631.69,Lua mi,0,0
2020,Son La,21.52,26.29,18,81.24,1631.69,Lua mua,125.7,39.1
2020,Son La,21.52,26.29,18,81.24,1631.69,Ngo,364.2,85.3
2020,Son La,21.52,26.29,18,81.24,1631.69,San,432.4,36.9
2021,Son La,21.44,26.1,17.97,81.21,1484.68,Khoai,2.4,325
2021,Son La,21.44,26.1,17.97,81.21,1484.68,Lua dong xuan,76.7,12.8
2021,Son La,21.44,26.1,17.97,81.21,1484.68,Lua mi,-0.1,0
2021,Son La,21.44,26.1,17.97,81.21,1484.68,Lua mua,129.6,38.4
2021,Son La,21.44,26.1,17.97,81.21,1484.68,Ngo,339.2,78.2
2021,Son La,21.44,26.1,17.97,81.21,1484.68,San,487.4,41.9
2022,Son La,21.17,25.62,17.88,82.25,1884.2,Khoai,2.3,310
2022,Son La,21.17,25.62,17.88,82.25,1884.2,Lua dong xuan,79,13.1
2022,Son La,21.17,25.62,17.88,82.25,1884.2,Lua mi,0.1,0.1
2022,Son La,21.17,25.62,17.88,82.25,1884.2,Lua mua,130.5,37.1
2022,Son La,21.17,25.62,17.88,82.25,1884.2,Ngo,325.6,72.7
2022,Son La,21.17,25.62,17.88,82.25,1884.2,San,553.2,43
2023,Son La,22.03,26.86,18.34,79.14,1429.87,Khoai,1.9,260
2023,Son La,22.03,26.86,18.34,79.14,1429.87,Lua dong xuan,76.1,13.2
2023,Son La,22.03,26.86,18.34,79.14,1429.87,Lua mi,0,0.1
2023,Son La,22.03,26.86,18.34,79.14,1429.87,Lua mua,130,35.5
2023,Son La,22.03,26.86,18.34,79.14,1429.87,Ngo,337.2,74.9
2023,Son La,22.03,26.86,18.34,79.14,1429.87,San,526.8,43
2024,Son La,22.16,26.85,18.64,79.94,2069,Khoai,1.8,253
2024,Son La,22.16,26.85,18.64,79.94,2069,Lua dong xuan,74,13.1
2024,Son La,22.16,26.85,18.64,79.94,2069,Lua mi,-0.1,-0.1
2024,Son La,22.16,26.85,18.64,79.94,2069,Lua mua,121.1,33.4
2024,Son La,22.16,26.85,18.64,79.94,2069,Ngo,339.9,74.4
2024,Son La,22.16,26.85,18.64,79.94,2069,San,537.9,44.2
1995,Tay Ninh,27.78,32.36,24.36,73.91,1675.5,Khoai,,
1995,Tay Ninh,27.78,32.36,24.36,73.91,1675.5,Lua dong xuan,80.3,24.2
1995,Tay Ninh,27.78,32.36,24.36,73.91,1675.5,Lua he thu,77.4,29.1
1995,Tay Ninh,27.78,32.36,24.36,73.91,1675.5,Lua mi,0,1.42E-14
1995,Tay Ninh,27.78,32.36,24.36,73.91,1675.5,Lua mua,150.2,74
1995,Tay Ninh,27.78,32.36,24.36,73.91,1675.5,Ngo,1.1,0.6
1995,Tay Ninh,27.78,32.36,24.36,73.91,1675.5,San,230.9,14.6
1996,Tay Ninh,27.5,31.99,24.24,76.66,1986.46,Khoai,,
1996,Tay Ninh,27.5,31.99,24.24,76.66,1986.46,Lua dong xuan,111.6,27.4
1996,Tay Ninh,27.5,31.99,24.24,76.66,1986.46,Lua he thu,97.2,34.3
1996,Tay Ninh,27.5,31.99,24.24,76.66,1986.46,Lua mi,0,-2.84E-14
1996,Tay Ninh,27.5,31.99,24.24,76.66,1986.46,Lua mua,161.4,81.1
1996,Tay Ninh,27.5,31.99,24.24,76.66,1986.46,Ngo,28.2,4.4
1996,Tay Ninh,27.5,31.99,24.24,76.66,1986.46,San,154,9.2
1997,Tay Ninh,27.84,32.42,24.47,75.17,1733.53,Khoai,,
1997,Tay Ninh,27.84,32.42,24.47,75.17,1733.53,Lua dong xuan,117,32.7
1997,Tay Ninh,27.84,32.42,24.47,75.17,1733.53,Lua he thu,93.2,33.2
1997,Tay Ninh,27.84,32.42,24.47,75.17,1733.53,Lua mi,0,0
1997,Tay Ninh,27.84,32.42,24.47,75.17,1733.53,Lua mua,181.4,73.4
1997,Tay Ninh,27.84,32.42,24.47,75.17,1733.53,Ngo,24,7
1997,Tay Ninh,27.84,32.42,24.47,75.17,1733.53,San,307.3,15.8
1998,Tay Ninh,28.35,32.82,25.14,75.61,1934.91,Khoai,,
1998,Tay Ninh,28.35,32.82,25.14,75.61,1934.91,Lua dong xuan,111.5,33
1998,Tay Ninh,28.35,32.82,25.14,75.61,1934.91,Lua he thu,99.1,34.9
1998,Tay Ninh,28.35,32.82,25.14,75.61,1934.91,Lua mi,5.68E-14,0
1998,Tay Ninh,28.35,32.82,25.14,75.61,1934.91,Lua mua,183.8,73.5
1998,Tay Ninh,28.35,32.82,25.14,75.61,1934.91,Ngo,19.2,6.1
1998,Tay Ninh,28.35,32.82,25.14,75.61,1934.91,San,43,4.7
1999,Tay Ninh,27.29,31.58,24.3,78.56,2155.67,Khoai,,
1999,Tay Ninh,27.29,31.58,24.3,78.56,2155.67,Lua dong xuan,161,43.8
1999,Tay Ninh,27.29,31.58,24.3,78.56,2155.67,Lua he thu,143.8,45.7
1999,Tay Ninh,27.29,31.58,24.3,78.56,2155.67,Lua mi,0,0
1999,Tay Ninh,27.29,31.58,24.3,78.56,2155.67,Lua mua,202.5,80
1999,Tay Ninh,27.29,31.58,24.3,78.56,2155.67,Ngo,15.9,5.4
1999,Tay Ninh,27.29,31.58,24.3,78.56,2155.67,San,7.9,0.6
2000,Tay Ninh,27.64,31.99,24.57,77.57,1895.6,Khoai,,
2000,Tay Ninh,27.64,31.99,24.57,77.57,1895.6,Lua dong xuan,173.1,44.7
2000,Tay Ninh,27.64,31.99,24.57,77.57,1895.6,Lua he thu,163.7,51.5
2000,Tay Ninh,27.64,31.99,24.57,77.57,1895.6,Lua mi,0,0
2000,Tay Ninh,27.64,31.99,24.57,77.57,1895.6,Lua mua,193.5,77.8
2000,Tay Ninh,27.64,31.99,24.57,77.57,1895.6,Ngo,25.1,7.1
2000,Tay Ninh,27.64,31.99,24.57,77.57,1895.6,San,9.6,0.8
2001,Tay Ninh,28.07,32.65,24.81,75.04,1845.09,Khoai,17.1,1.6
2001,Tay Ninh,28.07,32.65,24.81,75.04,1845.09,Lua dong xuan,178.9,47
2001,Tay Ninh,28.07,32.65,24.81,75.04,1845.09,Lua he thu,139.9,45.1
2001,Tay Ninh,28.07,32.65,24.81,75.04,1845.09,Lua mi,0,-2.84E-14
2001,Tay Ninh,28.07,32.65,24.81,75.04,1845.09,Lua mua,219.4,75.2
2001,Tay Ninh,28.07,32.65,24.81,75.04,1845.09,Ngo,28.9,7.4
2001,Tay Ninh,28.07,32.65,24.81,75.04,1845.09,San,538.7,25.4
2002,Tay Ninh,28.6,33.42,25.13,71.23,1536.15,Khoai,,
2002,Tay Ninh,28.6,33.42,25.13,71.23,1536.15,Lua dong xuan,190.7,45.1
2002,Tay Ninh,28.6,33.42,25.13,71.23,1536.15,Lua he thu,163.2,48.2
2002,Tay Ninh,28.6,33.42,25.13,71.23,1536.15,Lua mi,0,0
2002,Tay Ninh,28.6,33.42,25.13,71.23,1536.15,Lua mua,222.5,72.3
2002,Tay Ninh,28.6,33.42,25.13,71.23,1536.15,Ngo,28.9,6.8
2002,Tay Ninh,28.6,33.42,25.13,71.23,1536.15,San,682.3,31.7
2003,Tay Ninh,28.33,33.03,24.93,72.05,1839.08,Khoai,2.2,0.2
2003,Tay Ninh,28.33,33.03,24.93,72.05,1839.08,Lua dong xuan,189.2,44.5
2003,Tay Ninh,28.33,33.03,24.93,72.05,1839.08,Lua he thu,184.4,50.8
2003,Tay Ninh,28.33,33.03,24.93,72.05,1839.08,Lua mi,0,0
2003,Tay Ninh,28.33,33.03,24.93,72.05,1839.08,Lua mua,252.8,73
2003,Tay Ninh,28.33,33.03,24.93,72.05,1839.08,Ngo,34.1,8.1
2003,Tay Ninh,28.33,33.03,24.93,72.05,1839.08,San,800.1,35.6
2004,Tay Ninh,28.17,32.65,24.7,72.34,1483.91,Khoai,2.1,0.2
2004,Tay Ninh,28.17,32.65,24.7,72.34,1483.91,Lua dong xuan,192,43.4
2004,Tay Ninh,28.17,32.65,24.7,72.34,1483.91,Lua he thu,194.7,48.2
2004,Tay Ninh,28.17,32.65,24.7,72.34,1483.91,Lua mi,0,0
2004,Tay Ninh,28.17,32.65,24.7,72.34,1483.91,Lua mua,255.3,71.2
2004,Tay Ninh,28.17,32.65,24.7,72.34,1483.91,Ngo,29.4,6.7
2004,Tay Ninh,28.17,32.65,24.7,72.34,1483.91,San,898.7,38.6
2005,Tay Ninh,27.83,32.08,24.62,74.99,1694.58,Khoai,2,0.2
2005,Tay Ninh,27.83,32.08,24.62,74.99,1694.58,Lua dong xuan,185.3,37.3
2005,Tay Ninh,27.83,32.08,24.62,74.99,1694.58,Lua he thu,164.4,42.7
2005,Tay Ninh,27.83,32.08,24.62,74.99,1694.58,Lua mi,0,0
2005,Tay Ninh,27.83,32.08,24.62,74.99,1694.58,Lua mua,235.8,64.6
2005,Tay Ninh,27.83,32.08,24.62,74.99,1694.58,Ngo,36.7,7.9
2005,Tay Ninh,27.83,32.08,24.62,74.99,1694.58,San,1071.8,43.3
2006,Tay Ninh,28.02,32.38,24.81,74.65,1836.92,Khoai,1.2,0.1
2006,Tay Ninh,28.02,32.38,24.81,74.65,1836.92,Lua dong xuan,193.2,39.5
2006,Tay Ninh,28.02,32.38,24.81,74.65,1836.92,Lua he thu,175.2,42.2
2006,Tay Ninh,28.02,32.38,24.81,74.65,1836.92,Lua mi,0,-2.84E-14
2006,Tay Ninh,28.02,32.38,24.81,74.65,1836.92,Lua mua,226,56.2
2006,Tay Ninh,28.02,32.38,24.81,74.65,1836.92,Ngo,35,7.8
2006,Tay Ninh,28.02,32.38,24.81,74.65,1836.92,San,1120.7,45.1
2007,Tay Ninh,27.8,32.25,24.59,75.59,2042,Khoai,1.8,0.2
2007,Tay Ninh,27.8,32.25,24.59,75.59,2042,Lua dong xuan,198,40
2007,Tay Ninh,27.8,32.25,24.59,75.59,2042,Lua he thu,197.8,46.2
2007,Tay Ninh,27.8,32.25,24.59,75.59,2042,Lua mi,-1.14E-13,0
2007,Tay Ninh,27.8,32.25,24.59,75.59,2042,Lua mua,244.8,56.3
2007,Tay Ninh,27.8,32.25,24.59,75.59,2042,Ngo,33.7,7.1
2007,Tay Ninh,27.8,32.25,24.59,75.59,2042,San,1125.9,44.5
2008,Tay Ninh,27.62,32.22,24.35,76.04,2039.87,Khoai,7.2,0.6
2008,Tay Ninh,27.62,32.22,24.35,76.04,2039.87,Lua dong xuan,216.8,41.9
2008,Tay Ninh,27.62,32.22,24.35,76.04,2039.87,Lua he thu,230.2,51.1
2008,Tay Ninh,27.62,32.22,24.35,76.04,2039.87,Lua mi,1.14E-13,0
2008,Tay Ninh,27.62,32.22,24.35,76.04,2039.87,Lua mua,258.3,59.2
2008,Tay Ninh,27.62,32.22,24.35,76.04,2039.87,Ngo,30.9,6.3
2008,Tay Ninh,27.62,32.22,24.35,76.04,2039.87,San,1248.6,47.6
2009,Tay Ninh,27.68,32.27,24.43,77.5,2000.08,Khoai,4.6,0.4
2009,Tay Ninh,27.68,32.27,24.43,77.5,2000.08,Lua dong xuan,220,43.6
2009,Tay Ninh,27.68,32.27,24.43,77.5,2000.08,Lua he thu,243.3,53
2009,Tay Ninh,27.68,32.27,24.43,77.5,2000.08,Lua mi,1.14E-13,-2.84E-14
2009,Tay Ninh,27.68,32.27,24.43,77.5,2000.08,Lua mua,254.5,57.8
2009,Tay Ninh,27.68,32.27,24.43,77.5,2000.08,Ngo,35.8,7.3
2009,Tay Ninh,27.68,32.27,24.43,77.5,2000.08,San,1236.1,46
2010,Tay Ninh,28.42,33.11,25.11,74.95,1989,Khoai,4.2,0.4
2010,Tay Ninh,28.42,33.11,25.11,74.95,1989,Lua dong xuan,234.4,45.9
2010,Tay Ninh,28.42,33.11,25.11,74.95,1989,Lua he thu,232,51.9
2010,Tay Ninh,28.42,33.11,25.11,74.95,1989,Lua mi,0,0
2010,Tay Ninh,28.42,33.11,25.11,74.95,1989,Lua mua,272.4,56.4
2010,Tay Ninh,28.42,33.11,25.11,74.95,1989,Ngo,30,5.9
2010,Tay Ninh,28.42,33.11,25.11,74.95,1989,San,1150.7,40.1
2011,Tay Ninh,27.99,32.67,24.71,73.74,1907.28,Khoai,4.8,0.5
2011,Tay Ninh,27.99,32.67,24.71,73.74,1907.28,Lua dong xuan,244.6,45.8
2011,Tay Ninh,27.99,32.67,24.71,73.74,1907.28,Lua he thu,253.1,52.9
2011,Tay Ninh,27.99,32.67,24.71,73.74,1907.28,Lua mi,0,0
2011,Tay Ninh,27.99,32.67,24.71,73.74,1907.28,Lua mua,264.7,56.8
2011,Tay Ninh,27.99,32.67,24.71,73.74,1907.28,Ngo,26.1,5.2
2011,Tay Ninh,27.99,32.67,24.71,73.74,1907.28,San,491.3,45.7
2012,Tay Ninh,28.39,33.18,25.09,75.28,2078.83,Khoai,2.8,0.3
2012,Tay Ninh,28.39,33.18,25.09,75.28,2078.83,Lua dong xuan,255.9,47.6
2012,Tay Ninh,28.39,33.18,25.09,75.28,2078.83,Lua he thu,249.3,51.3
2012,Tay Ninh,28.39,33.18,25.09,75.28,2078.83,Lua mi,0,0
2012,Tay Ninh,28.39,33.18,25.09,75.28,2078.83,Lua mua,272.9,56.4
2012,Tay Ninh,28.39,33.18,25.09,75.28,2078.83,Ngo,26.3,5.2
2012,Tay Ninh,28.39,33.18,25.09,75.28,2078.83,San,1317.3,45.4
2013,Tay Ninh,28.49,33.21,25.2,73.34,1914.92,Khoai,1.7,0.2
2013,Tay Ninh,28.49,33.21,25.2,73.34,1914.92,Lua dong xuan,244.2,44.6
2013,Tay Ninh,28.49,33.21,25.2,73.34,1914.92,Lua he thu,249.2,50.9
2013,Tay Ninh,28.49,33.21,25.2,73.34,1914.92,Lua mi,0,0
2013,Tay Ninh,28.49,33.21,25.2,73.34,1914.92,Lua mua,248.9,50.8
2013,Tay Ninh,28.49,33.21,25.2,73.34,1914.92,Ngo,27,5.1
2013,Tay Ninh,28.49,33.21,25.2,73.34,1914.92,San,1347,45.7
2014,Tay Ninh,28.16,32.75,24.85,74.62,1738.27,Khoai,0.3,0
2014,Tay Ninh,28.16,32.75,24.85,74.62,1738.27,Lua dong xuan,241,42.6
2014,Tay Ninh,28.16,32.75,24.85,74.62,1738.27,Lua he thu,247.6,49.2
2014,Tay Ninh,28.16,32.75,24.85,74.62,1738.27,Lua mi,0,2.84E-14
2014,Tay Ninh,28.16,32.75,24.85,74.62,1738.27,Lua mua,252.3,50.4
2014,Tay Ninh,28.16,32.75,24.85,74.62,1738.27,Ngo,27.7,5.2
2014,Tay Ninh,28.16,32.75,24.85,74.62,1738.27,San,1603.4,50.5
2015,Tay Ninh,28.62,33.4,25.17,72.71,1511.64,Khoai,0.1,0
2015,Tay Ninh,28.62,33.4,25.17,72.71,1511.64,Lua dong xuan,255.1,44.4
2015,Tay Ninh,28.62,33.4,25.17,72.71,1511.64,Lua he thu,250.7,49.2
2015,Tay Ninh,28.62,33.4,25.17,72.71,1511.64,Lua mi,0,-0.2
2015,Tay Ninh,28.62,33.4,25.17,72.71,1511.64,Lua mua,255,50.9
2015,Tay Ninh,28.62,33.4,25.17,72.71,1511.64,Ngo,27.6,5
2015,Tay Ninh,28.62,33.4,25.17,72.71,1511.64,San,1868.3,57.6
2016,Tay Ninh,28.68,33.12,25.53,75.14,1984.31,Khoai,0,0
2016,Tay Ninh,28.68,33.12,25.53,75.14,1984.31,Lua dong xuan,250.6,43.2
2016,Tay Ninh,28.68,33.12,25.53,75.14,1984.31,Lua he thu,254.5,49.5
2016,Tay Ninh,28.68,33.12,25.53,75.14,1984.31,Lua mi,0.1,-0.1
2016,Tay Ninh,28.68,33.12,25.53,75.14,1984.31,Lua mua,254.9,51.9
2016,Tay Ninh,28.68,33.12,25.53,75.14,1984.31,Ngo,24.5,4.4
2016,Tay Ninh,28.68,33.12,25.53,75.14,1984.31,San,2024,61.6
2017,Tay Ninh,28.3,32.72,25.25,76.77,2223.46,Khoai,0.2,
2017,Tay Ninh,28.3,32.72,25.25,76.77,2223.46,Lua dong xuan,258.1,44.6
2017,Tay Ninh,28.3,32.72,25.25,76.77,2223.46,Lua he thu,264.9,50.4
2017,Tay Ninh,28.3,32.72,25.25,76.77,2223.46,Lua mi,0,0
2017,Tay Ninh,28.3,32.72,25.25,76.77,2223.46,Lua mua,265.9,52.9
2017,Tay Ninh,28.3,32.72,25.25,76.77,2223.46,Ngo,27.7,4.9
2017,Tay Ninh,28.3,32.72,25.25,76.77,2223.46,San,1819.8,55.9
2018,Tay Ninh,28.47,32.92,25.36,75.19,1988.38,Khoai,0.1,6
2018,Tay Ninh,28.47,32.92,25.36,75.19,1988.38,Lua dong xuan,273.6,46.3
2018,Tay Ninh,28.47,32.92,25.36,75.19,1988.38,Lua he thu,272.7,51.3
2018,Tay Ninh,28.47,32.92,25.36,75.19,1988.38,Lua mi,0,0
2018,Tay Ninh,28.47,32.92,25.36,75.19,1988.38,Lua mua,266.6,51.9
2018,Tay Ninh,28.47,32.92,25.36,75.19,1988.38,Ngo,32.4,5.8
2018,Tay Ninh,28.47,32.92,25.36,75.19,1988.38,San,1555.3,49.2
2019,Tay Ninh,28.61,33.24,25.28,73.49,1571.18,Khoai,3.4,260
2019,Tay Ninh,28.61,33.24,25.28,73.49,1571.18,Lua dong xuan,281.1,48.4
2019,Tay Ninh,28.61,33.24,25.28,73.49,1571.18,Lua he thu,266.3,50.6
2019,Tay Ninh,28.61,33.24,25.28,73.49,1571.18,Lua mi,-1.14E-13,0
2019,Tay Ninh,28.61,33.24,25.28,73.49,1571.18,Lua mua,259.3,50.1
2019,Tay Ninh,28.61,33.24,25.28,73.49,1571.18,Ngo,28.2,5
2019,Tay Ninh,28.61,33.24,25.28,73.49,1571.18,San,1671.5,52.3
2020,Tay Ninh,28.21,32.66,25.01,76.24,1672.12,Khoai,0.9,66
2020,Tay Ninh,28.21,32.66,25.01,76.24,1672.12,Lua dong xuan,265.5,46.1
2020,Tay Ninh,28.21,32.66,25.01,76.24,1672.12,Lua he thu,266.8,50.4
2020,Tay Ninh,28.21,32.66,25.01,76.24,1672.12,Lua mi,1.14E-13,2.84E-14
2020,Tay Ninh,28.21,32.66,25.01,76.24,1672.12,Lua mua,266.5,51.2
2020,Tay Ninh,28.21,32.66,25.01,76.24,1672.12,Ngo,27.3,4.7
2020,Tay Ninh,28.21,32.66,25.01,76.24,1672.12,San,1903.9,57.1
2021,Tay Ninh,27.86,32.28,24.77,76.35,1880.36,Khoai,0.4,28
2021,Tay Ninh,27.86,32.28,24.77,76.35,1880.36,Lua dong xuan,267.9,46.4
2021,Tay Ninh,27.86,32.28,24.77,76.35,1880.36,Lua he thu,272.3,50.8
2021,Tay Ninh,27.86,32.28,24.77,76.35,1880.36,Lua mi,0,0
2021,Tay Ninh,27.86,32.28,24.77,76.35,1880.36,Lua mua,269.2,50.7
2021,Tay Ninh,27.86,32.28,24.77,76.35,1880.36,Ngo,30.2,5.2
2021,Tay Ninh,27.86,32.28,24.77,76.35,1880.36,San,1926.4,59.2
2022,Tay Ninh,28.13,32.49,25.17,76.57,2131.73,Khoai,0,1
2022,Tay Ninh,28.13,32.49,25.17,76.57,2131.73,Lua dong xuan,277,47.5
2022,Tay Ninh,28.13,32.49,25.17,76.57,2131.73,Lua he thu,264.1,49.6
2022,Tay Ninh,28.13,32.49,25.17,76.57,2131.73,Lua mi,0,2.84E-14
2022,Tay Ninh,28.13,32.49,25.17,76.57,2131.73,Lua mua,267.8,50.6
2022,Tay Ninh,28.13,32.49,25.17,76.57,2131.73,Ngo,30.2,5.1
2022,Tay Ninh,28.13,32.49,25.17,76.57,2131.73,San,2024.6,62.3
2023,Tay Ninh,28.3,32.67,25.13,77.45,1872.01,Khoai,0.1,4.6
2023,Tay Ninh,28.3,32.67,25.13,77.45,1872.01,Lua dong xuan,281.8,47.7
2023,Tay Ninh,28.3,32.67,25.13,77.45,1872.01,Lua he thu,268.8,50.1
2023,Tay Ninh,28.3,32.67,25.13,77.45,1872.01,Lua mi,0,0
2023,Tay Ninh,28.3,32.67,25.13,77.45,1872.01,Lua mua,270.4,50.9
2023,Tay Ninh,28.3,32.67,25.13,77.45,1872.01,Ngo,29.6,5
2023,Tay Ninh,28.3,32.67,25.13,77.45,1872.01,San,2070.3,62.3
2024,Tay Ninh,28.79,33.02,25.63,76.62,1883.91,Khoai,0,1.6
2024,Tay Ninh,28.79,33.02,25.63,76.62,1883.91,Lua dong xuan,285.1,48.2
2024,Tay Ninh,28.79,33.02,25.63,76.62,1883.91,Lua he thu,273.1,50.7
2024,Tay Ninh,28.79,33.02,25.63,76.62,1883.91,Lua mi,0,0
2024,Tay Ninh,28.79,33.02,25.63,76.62,1883.91,Lua mua,271.9,51.1
2024,Tay Ninh,28.79,33.02,25.63,76.62,1883.91,Ngo,32.3,5.5
2024,Tay Ninh,28.79,33.02,25.63,76.62,1883.91,San,2068.8,61.5
1995,Thai Binh,23.98,26.29,22.01,80.08,1561.22,Khoai,79.9,9.7
1995,Thai Binh,23.98,26.29,22.01,80.08,1561.22,Lua dong xuan,503,83.4
1995,Thai Binh,23.98,26.29,22.01,80.08,1561.22,Lua mi,0,0
1995,Thai Binh,23.98,26.29,22.01,80.08,1561.22,Lua mua,436.5,86
1995,Thai Binh,23.98,26.29,22.01,80.08,1561.22,Ngo,26.9,8.5
1996,Thai Binh,23.83,26.35,21.72,80.25,2107.83,Khoai,70.1,10.5
1996,Thai Binh,23.83,26.35,21.72,80.25,2107.83,Lua dong xuan,579.8,84.1
1996,Thai Binh,23.83,26.35,21.72,80.25,2107.83,Lua mi,-1.14E-13,0
1996,Thai Binh,23.83,26.35,21.72,80.25,2107.83,Lua mua,395.9,85.7
1996,Thai Binh,23.83,26.35,21.72,80.25,2107.83,Ngo,36.2,11.2
1997,Thai Binh,24.4,26.71,22.42,81.98,2068.9,Khoai,90,9.5
1997,Thai Binh,24.4,26.71,22.42,81.98,2068.9,Lua dong xuan,536.5,84.1
1997,Thai Binh,24.4,26.71,22.42,81.98,2068.9,Lua mi,0,0
1997,Thai Binh,24.4,26.71,22.42,81.98,2068.9,Lua mua,393.9,86.6
1997,Thai Binh,24.4,26.71,22.42,81.98,2068.9,Ngo,45.1,11.5
1998,Thai Binh,25.13,27.63,23.02,79.17,1292.64,Khoai,75,8.6
1998,Thai Binh,25.13,27.63,23.02,79.17,1292.64,Lua dong xuan,510.9,84.7
1998,Thai Binh,25.13,27.63,23.02,79.17,1292.64,Lua mi,0,0
1998,Thai Binh,25.13,27.63,23.02,79.17,1292.64,Lua mua,458,87
1998,Thai Binh,25.13,27.63,23.02,79.17,1292.64,Ngo,25,6.5
1999,Thai Binh,24.25,26.72,22.2,80.04,1485.91,Khoai,105.1,9.9
1999,Thai Binh,24.25,26.72,22.2,80.04,1485.91,Lua dong xuan,552.6,85
1999,Thai Binh,24.25,26.72,22.2,80.04,1485.91,Lua mi,0,0
1999,Thai Binh,24.25,26.72,22.2,80.04,1485.91,Lua mua,507.2,87.1
1999,Thai Binh,24.25,26.72,22.2,80.04,1485.91,Ngo,21.4,5.4
2000,Thai Binh,24.08,26.53,21.99,81.1,1516.52,Khoai,85.2,8.9
2000,Thai Binh,24.08,26.53,21.99,81.1,1516.52,Lua dong xuan,567.4,85.5
2000,Thai Binh,24.08,26.53,21.99,81.1,1516.52,Lua mi,1.5,0.5
2000,Thai Binh,24.08,26.53,21.99,81.1,1516.52,Lua mua,483.2,87.6
2000,Thai Binh,24.08,26.53,21.99,81.1,1516.52,Ngo,19.1,4.7
2001,Thai Binh,24.11,26.46,22.05,82.44,1885.15,Khoai,75.1,7.4
2001,Thai Binh,24.11,26.46,22.05,82.44,1885.15,Lua dong xuan,555.8,85.9
2001,Thai Binh,24.11,26.46,22.05,82.44,1885.15,Lua mi,0.4,0.1
2001,Thai Binh,24.11,26.46,22.05,82.44,1885.15,Lua mua,438.1,87.4
2001,Thai Binh,24.11,26.46,22.05,82.44,1885.15,Ngo,18.7,4.4
2002,Thai Binh,24.43,26.89,22.38,82.61,1733,Khoai,65.4,6.4
2002,Thai Binh,24.43,26.89,22.38,82.61,1733,Lua dong xuan,574.1,85.2
2002,Thai Binh,24.43,26.89,22.38,82.61,1733,Lua mi,0,0
2002,Thai Binh,24.43,26.89,22.38,82.61,1733,Lua mua,507.5,86.6
2002,Thai Binh,24.43,26.89,22.38,82.61,1733,Ngo,21,5
2003,Thai Binh,24.96,27.62,22.69,79.65,1411.48,Khoai,57.1,5.4
2003,Thai Binh,24.96,27.62,22.69,79.65,1411.48,Lua dong xuan,585.8,84.7
2003,Thai Binh,24.96,27.62,22.69,79.65,1411.48,Lua mi,-1.14E-13,0
2003,Thai Binh,24.96,27.62,22.69,79.65,1411.48,Lua mua,344.9,85.9
2003,Thai Binh,24.96,27.62,22.69,79.65,1411.48,Ngo,33.7,7.3
2004,Thai Binh,24.05,26.69,21.79,80.12,1471.82,Khoai,48.1,4.2
2004,Thai Binh,24.05,26.69,21.79,80.12,1471.82,Lua dong xuan,585.4,83.4
2004,Thai Binh,24.05,26.69,21.79,80.12,1471.82,Lua mi,0,0
2004,Thai Binh,24.05,26.69,21.79,80.12,1471.82,Lua mua,484.1,85.2
2004,Thai Binh,24.05,26.69,21.79,80.12,1471.82,Ngo,55.4,11.3
2005,Thai Binh,24.18,26.58,22.16,79.99,1664.27,Khoai,52.7,4.4
2005,Thai Binh,24.18,26.58,22.16,79.99,1664.27,Lua dong xuan,590.1,83
2005,Thai Binh,24.18,26.58,22.16,79.99,1664.27,Lua mi,0,0
2005,Thai Binh,24.18,26.58,22.16,79.99,1664.27,Lua mua,391.5,84.4
2005,Thai Binh,24.18,26.58,22.16,79.99,1664.27,Ngo,51.7,10
2006,Thai Binh,24.61,27.23,22.44,79.49,1279.89,Khoai,50.7,4.3
2006,Thai Binh,24.61,27.23,22.44,79.49,1279.89,Lua dong xuan,584.1,82.2
2006,Thai Binh,24.61,27.23,22.44,79.49,1279.89,Lua mi,0,0
2006,Thai Binh,24.61,27.23,22.44,79.49,1279.89,Lua mua,495.5,83.8
2006,Thai Binh,24.61,27.23,22.44,79.49,1279.89,Ngo,42.5,8.3
2007,Thai Binh,24.39,27.03,22.16,79.47,1503.19,Khoai,59.1,5.1
2007,Thai Binh,24.39,27.03,22.16,79.47,1503.19,Lua dong xuan,498.6,81.7
2007,Thai Binh,24.39,27.03,22.16,79.47,1503.19,Lua mi,0,-3.4
2007,Thai Binh,24.39,27.03,22.16,79.47,1503.19,Lua mua,516.2,83.2
2007,Thai Binh,24.39,27.03,22.16,79.47,1503.19,Ngo,48,9.2
2008,Thai Binh,23.7,26.27,21.51,79.46,1704.28,Khoai,53.4,4.4
2008,Thai Binh,23.7,26.27,21.51,79.46,1704.28,Lua dong xuan,589.4,84.2
2008,Thai Binh,23.7,26.27,21.51,79.46,1704.28,Lua mi,0,1.2
2008,Thai Binh,23.7,26.27,21.51,79.46,1704.28,Lua mua,515.8,84.1
2008,Thai Binh,23.7,26.27,21.51,79.46,1704.28,Ngo,49,9.3
2009,Thai Binh,24.65,27.24,22.46,79.88,1753.52,Khoai,41.6,3.5
2009,Thai Binh,24.65,27.24,22.46,79.88,1753.52,Lua dong xuan,585.3,83.2
2009,Thai Binh,24.65,27.24,22.46,79.88,1753.52,Lua mi,0,0
2009,Thai Binh,24.65,27.24,22.46,79.88,1753.52,Lua mua,520.5,83.9
2009,Thai Binh,24.65,27.24,22.46,79.88,1753.52,Ngo,44.9,8.5
2010,Thai Binh,24.76,27.23,22.59,79.86,1997.88,Khoai,44.7,3.6
2010,Thai Binh,24.76,27.23,22.59,79.86,1997.88,Lua dong xuan,583.7,82.7
2010,Thai Binh,24.76,27.23,22.59,79.86,1997.88,Lua mi,0,0
2010,Thai Binh,24.76,27.23,22.59,79.86,1997.88,Lua mua,520.7,83.7
2010,Thai Binh,24.76,27.23,22.59,79.86,1997.88,Ngo,49.3,9.2
2011,Thai Binh,23.26,25.61,21.18,79.23,1740.99,Khoai,47.7,3.8
2011,Thai Binh,23.26,25.61,21.18,79.23,1740.99,Lua dong xuan,598.5,82.4
2011,Thai Binh,23.26,25.61,21.18,79.23,1740.99,Lua mi,0,2.84E-14
2011,Thai Binh,23.26,25.61,21.18,79.23,1740.99,Lua mua,492.8,83.3
2011,Thai Binh,23.26,25.61,21.18,79.23,1740.99,Ngo,49.5,9.2
2012,Thai Binh,24.33,26.61,22.32,81.91,1947.92,Khoai,51.3,4
2012,Thai Binh,24.33,26.61,22.32,81.91,1947.92,Lua dong xuan,581.2,81.1
2012,Thai Binh,24.33,26.61,22.32,81.91,1947.92,Lua mi,0,-2.84E-14
2012,Thai Binh,24.33,26.61,22.32,81.91,1947.92,Lua mua,478.3,81.7
2012,Thai Binh,24.33,26.61,22.32,81.91,1947.92,Ngo,50.6,9.3
2013,Thai Binh,24.22,26.66,22.13,80.97,2205.64,Khoai,37.4,3.2
2013,Thai Binh,24.22,26.66,22.13,80.97,2205.64,Lua dong xuan,575.7,80.5
2013,Thai Binh,24.22,26.66,22.13,80.97,2205.64,Lua mi,0,-2.84E-14
2013,Thai Binh,24.22,26.66,22.13,80.97,2205.64,Lua mua,477.5,81.3
2013,Thai Binh,24.22,26.66,22.13,80.97,2205.64,Ngo,44.8,9.3
2014,Thai Binh,24.45,26.85,22.33,81.21,1739.41,Khoai,42.4,3.5
2014,Thai Binh,24.45,26.85,22.33,81.21,1739.41,Lua dong xuan,577.5,80.5
2014,Thai Binh,24.45,26.85,22.33,81.21,1739.41,Lua mi,0.1,0
2014,Thai Binh,24.45,26.85,22.33,81.21,1739.41,Lua mua,484.4,81.3
2014,Thai Binh,24.45,26.85,22.33,81.21,1739.41,Ngo,54.6,10.1
2015,Thai Binh,25.27,27.72,23.18,80.53,1836.93,Khoai,42.4,3.5
2015,Thai Binh,25.27,27.72,23.18,80.53,1836.93,Lua dong xuan,573.4,80.1
2015,Thai Binh,25.27,27.72,23.18,80.53,1836.93,Lua mi,0.1,0
2015,Thai Binh,25.27,27.72,23.18,80.53,1836.93,Lua mua,488.5,80.9
2015,Thai Binh,25.27,27.72,23.18,80.53,1836.93,Ngo,61.4,11.1
2016,Thai Binh,24.77,27.21,22.63,79.81,1697.46,Khoai,38.2,3.2
2016,Thai Binh,24.77,27.21,22.63,79.81,1697.46,Lua dong xuan,570,79.7
2016,Thai Binh,24.77,27.21,22.63,79.81,1697.46,Lua mi,0.5,0.1
2016,Thai Binh,24.77,27.21,22.63,79.81,1697.46,Lua mua,483.6,80.4
2016,Thai Binh,24.77,27.21,22.63,79.81,1697.46,Ngo,66,12.1
2017,Thai Binh,24.69,27,22.7,80.44,2149.85,Khoai,35.4,2.9
2017,Thai Binh,24.69,27,22.7,80.44,2149.85,Lua dong xuan,566.8,79.1
2017,Thai Binh,24.69,27,22.7,80.44,2149.85,Lua mi,0.2,0.1
2017,Thai Binh,24.69,27,22.7,80.44,2149.85,Lua mua,375.8,79.6
2017,Thai Binh,24.69,27,22.7,80.44,2149.85,Ngo,70.9,13.1
2018,Thai Binh,24.66,27.03,22.64,81.13,2374.94,Khoai,39.4,3242
2018,Thai Binh,24.66,27.03,22.64,81.13,2374.94,Lua dong xuan,561.3,78.3
2018,Thai Binh,24.66,27.03,22.64,81.13,2374.94,Lua mi,0.4,0.1
2018,Thai Binh,24.66,27.03,22.64,81.13,2374.94,Lua mua,467.1,78.9
2018,Thai Binh,24.66,27.03,22.64,81.13,2374.94,Ngo,63.3,11.5
2019,Thai Binh,25.57,28.02,23.51,81.09,1513.64,Khoai,43.3,3504
2019,Thai Binh,25.57,28.02,23.51,81.09,1513.64,Lua dong xuan,553.2,77.6
2019,Thai Binh,25.57,28.02,23.51,81.09,1513.64,Lua mi,0.2,0.1
2019,Thai Binh,25.57,28.02,23.51,81.09,1513.64,Lua mua,469.1,77.6
2019,Thai Binh,25.57,28.02,23.51,81.09,1513.64,Ngo,60.7,10.7
2020,Thai Binh,25.19,27.46,23.2,79.62,1808.73,Khoai,42.5,3416
2020,Thai Binh,25.19,27.46,23.2,79.62,1808.73,Lua dong xuan,539.1,76.3
2020,Thai Binh,25.19,27.46,23.2,79.62,1808.73,Lua mi,0.4,0.1
2020,Thai Binh,25.19,27.46,23.2,79.62,1808.73,Lua mua,474,77.4
2020,Thai Binh,25.19,27.46,23.2,79.62,1808.73,Ngo,61.1,10.8
2021,Thai Binh,25.04,27.47,22.94,78.97,1676.95,Khoai,38.3,3095
2021,Thai Binh,25.04,27.47,22.94,78.97,1676.95,Lua dong xuan,543.5,76.5
2021,Thai Binh,25.04,27.47,22.94,78.97,1676.95,Lua mi,0.4,0.1
2021,Thai Binh,25.04,27.47,22.94,78.97,1676.95,Lua mua,454.1,76.7
2021,Thai Binh,25.04,27.47,22.94,78.97,1676.95,Ngo,59,10.3
2022,Thai Binh,24.53,26.97,22.39,79.97,1883.9,Khoai,33.6,2700.7
2022,Thai Binh,24.53,26.97,22.39,79.97,1883.9,Lua dong xuan,537.9,75.6
2022,Thai Binh,24.53,26.97,22.39,79.97,1883.9,Lua mi,0.4,0.1
2022,Thai Binh,24.53,26.97,22.39,79.97,1883.9,Lua mua,454.8,76
2022,Thai Binh,24.53,26.97,22.39,79.97,1883.9,Ngo,52.5,9
2023,Thai Binh,25.3,27.74,23.17,79.14,1405.68,Khoai,34.6,2791
2023,Thai Binh,25.3,27.74,23.17,79.14,1405.68,Lua dong xuan,530.3,74.9
2023,Thai Binh,25.3,27.74,23.17,79.14,1405.68,Lua mi,0.3,0.1
2023,Thai Binh,25.3,27.74,23.17,79.14,1405.68,Lua mua,448.5,75
2023,Thai Binh,25.3,27.74,23.17,79.14,1405.68,Ngo,51.7,8.8
2024,Thai Binh,25.43,27.74,23.42,80.16,2263.68,Khoai,37.9,3089.5
2024,Thai Binh,25.43,27.74,23.42,80.16,2263.68,Lua dong xuan,527.2,74.2
2024,Thai Binh,25.43,27.74,23.42,80.16,2263.68,Lua mi,0.3,0.1
2024,Thai Binh,25.43,27.74,23.42,80.16,2263.68,Lua mua,340,74.3
2024,Thai Binh,25.43,27.74,23.42,80.16,2263.68,Ngo,53.8,9.6
1995,Thai Nguyen,22.56,25.98,19.73,80.72,2344.68,Khoai,41.7,10.8
1995,Thai Nguyen,22.56,25.98,19.73,80.72,2344.68,Lua dong xuan,65.6,21.6
1995,Thai Nguyen,22.56,25.98,19.73,80.72,2344.68,Lua mi,0,0
1995,Thai Nguyen,22.56,25.98,19.73,80.72,2344.68,Lua mua,113.5,37.5
1995,Thai Nguyen,22.56,25.98,19.73,80.72,2344.68,Ngo,10.1,5.2
1995,Thai Nguyen,22.56,25.98,19.73,80.72,2344.68,San,19,2.4
1996,Thai Nguyen,22.4,26.12,19.36,80.29,2217.6,Khoai,34.3,11.1
1996,Thai Nguyen,22.4,26.12,19.36,80.29,2217.6,Lua dong xuan,75.5,21.4
1996,Thai Nguyen,22.4,26.12,19.36,80.29,2217.6,Lua mi,2.84E-14,0
1996,Thai Nguyen,22.4,26.12,19.36,80.29,2217.6,Lua mua,130.1,42.2
1996,Thai Nguyen,22.4,26.12,19.36,80.29,2217.6,Ngo,18.7,7.3
1996,Thai Nguyen,22.4,26.12,19.36,80.29,2217.6,San,13.1,2.4
1997,Thai Nguyen,22.92,26.29,20.25,82.76,2486.01,Khoai,49.9,10.4
1997,Thai Nguyen,22.92,26.29,20.25,82.76,2486.01,Lua dong xuan,83.6,23.4
1997,Thai Nguyen,22.92,26.29,20.25,82.76,2486.01,Lua mi,0,-1.42E-14
1997,Thai Nguyen,22.92,26.29,20.25,82.76,2486.01,Lua mua,136.8,42
1997,Thai Nguyen,22.92,26.29,20.25,82.76,2486.01,Ngo,29.4,10.2
1997,Thai Nguyen,22.92,26.29,20.25,82.76,2486.01,San,27.1,3.2
1998,Thai Nguyen,23.6,27.39,20.49,80.79,1936.73,Khoai,46.8,10.3
1998,Thai Nguyen,23.6,27.39,20.49,80.79,1936.73,Lua dong xuan,82.6,23.5
1998,Thai Nguyen,23.6,27.39,20.49,80.79,1936.73,Lua mi,0,0
1998,Thai Nguyen,23.6,27.39,20.49,80.79,1936.73,Lua mua,142.8,42.1
1998,Thai Nguyen,23.6,27.39,20.49,80.79,1936.73,Ngo,30.8,10.7
1998,Thai Nguyen,23.6,27.39,20.49,80.79,1936.73,San,23.2,3.1
1999,Thai Nguyen,22.94,26.61,19.99,81.42,2135.32,Khoai,52.5,11.3
1999,Thai Nguyen,22.94,26.61,19.99,81.42,2135.32,Lua dong xuan,85.7,22.1
1999,Thai Nguyen,22.94,26.61,19.99,81.42,2135.32,Lua mi,0,0
1999,Thai Nguyen,22.94,26.61,19.99,81.42,2135.32,Lua mua,162.4,43.2
1999,Thai Nguyen,22.94,26.61,19.99,81.42,2135.32,Ngo,30.7,10.3
1999,Thai Nguyen,22.94,26.61,19.99,81.42,2135.32,San,23.9,3.2
2000,Thai Nguyen,22.92,26.48,20,80.85,2176.73,Khoai,54.9,11.8
2000,Thai Nguyen,22.92,26.48,20,80.85,2176.73,Lua dong xuan,108.6,25.9
2000,Thai Nguyen,22.92,26.48,20,80.85,2176.73,Lua mi,0,0
2000,Thai Nguyen,22.92,26.48,20,80.85,2176.73,Lua mua,156.9,42.7
2000,Thai Nguyen,22.92,26.48,20,80.85,2176.73,Ngo,30.8,10.7
2000,Thai Nguyen,22.92,26.48,20,80.85,2176.73,San,31.4,3.6
2001,Thai Nguyen,23,26.52,20.08,81.63,2180.08,Khoai,58.5,12.4
2001,Thai Nguyen,23,26.52,20.08,81.63,2180.08,Lua dong xuan,120.2,26.8
2001,Thai Nguyen,23,26.52,20.08,81.63,2180.08,Lua mi,0,0
2001,Thai Nguyen,23,26.52,20.08,81.63,2180.08,Lua mua,166.5,42.7
2001,Thai Nguyen,23,26.52,20.08,81.63,2180.08,Ngo,29.7,9.7
2001,Thai Nguyen,23,26.52,20.08,81.63,2180.08,San,34.3,3.9
2002,Thai Nguyen,23.19,26.76,20.33,82.76,2180.75,Khoai,66.3,12.4
2002,Thai Nguyen,23.19,26.76,20.33,82.76,2180.75,Lua dong xuan,128.6,27.9
2002,Thai Nguyen,23.19,26.76,20.33,82.76,2180.75,Lua mi,0,0
2002,Thai Nguyen,23.19,26.76,20.33,82.76,2180.75,Lua mua,182.3,42.6
2002,Thai Nguyen,23.19,26.76,20.33,82.76,2180.75,Ngo,38,11.6
2002,Thai Nguyen,23.19,26.76,20.33,82.76,2180.75,San,33.3,3.8
2003,Thai Nguyen,23.6,27.59,20.34,80.51,1803.37,Khoai,62.1,11.3
2003,Thai Nguyen,23.6,27.59,20.34,80.51,1803.37,Lua dong xuan,133.5,28.4
2003,Thai Nguyen,23.6,27.59,20.34,80.51,1803.37,Lua mi,0,-1.42E-14
2003,Thai Nguyen,23.6,27.59,20.34,80.51,1803.37,Lua mua,180,42
2003,Thai Nguyen,23.6,27.59,20.34,80.51,1803.37,Ngo,43.7,13.4
2003,Thai Nguyen,23.6,27.59,20.34,80.51,1803.37,San,38.9,3.9
2004,Thai Nguyen,22.76,26.64,19.54,79.92,1651.89,Khoai,55.7,10.1
2004,Thai Nguyen,22.76,26.64,19.54,79.92,1651.89,Lua dong xuan,137.5,28
2004,Thai Nguyen,22.76,26.64,19.54,79.92,1651.89,Lua mi,0,-1.42E-14
2004,Thai Nguyen,22.76,26.64,19.54,79.92,1651.89,Lua mua,176.9,41.9
2004,Thai Nguyen,22.76,26.64,19.54,79.92,1651.89,Ngo,54.6,15.9
2004,Thai Nguyen,22.76,26.64,19.54,79.92,1651.89,San,40.6,4.2
2005,Thai Nguyen,22.81,26.34,19.91,81.37,1797.88,Khoai,50.7,9.3
2005,Thai Nguyen,22.81,26.34,19.91,81.37,1797.88,Lua dong xuan,137.4,28.3
2005,Thai Nguyen,22.81,26.34,19.91,81.37,1797.88,Lua mi,0,0
2005,Thai Nguyen,22.81,26.34,19.91,81.37,1797.88,Lua mua,184.8,41.8
2005,Thai Nguyen,22.81,26.34,19.91,81.37,1797.88,Ngo,55.1,15.9
2005,Thai Nguyen,22.81,26.34,19.91,81.37,1797.88,San,35,3.6
2006,Thai Nguyen,23.32,27.13,20.18,79.42,1863.3,Khoai,51.4,9.4
2006,Thai Nguyen,23.32,27.13,20.18,79.42,1863.3,Lua dong xuan,135.7,28.6
2006,Thai Nguyen,23.32,27.13,20.18,79.42,1863.3,Lua mi,0,1.42E-14
2006,Thai Nguyen,23.32,27.13,20.18,79.42,1863.3,Lua mua,190.8,41.5
2006,Thai Nguyen,23.32,27.13,20.18,79.42,1863.3,Ngo,53.9,15.3
2006,Thai Nguyen,23.32,27.13,20.18,79.42,1863.3,San,39.9,4.1
2007,Thai Nguyen,23.07,26.94,19.87,79.73,2053.56,Khoai,50.2,8.7
2007,Thai Nguyen,23.07,26.94,19.87,79.73,2053.56,Lua dong xuan,126.6,28.5
2007,Thai Nguyen,23.07,26.94,19.87,79.73,2053.56,Lua mi,0,1.3
2007,Thai Nguyen,23.07,26.94,19.87,79.73,2053.56,Lua mua,197.8,41.7
2007,Thai Nguyen,23.07,26.94,19.87,79.73,2053.56,Ngo,74.8,17.8
2007,Thai Nguyen,23.07,26.94,19.87,79.73,2053.56,San,37.6,3.8
2008,Thai Nguyen,22.31,26.04,19.33,80.55,2294.06,Khoai,46.7,7.9
2008,Thai Nguyen,22.31,26.04,19.33,80.55,2294.06,Lua dong xuan,137.1,27.4
2008,Thai Nguyen,22.31,26.04,19.33,80.55,2294.06,Lua mi,-5.68E-14,-1
2008,Thai Nguyen,22.31,26.04,19.33,80.55,2294.06,Lua mua,195.5,41.5
2008,Thai Nguyen,22.31,26.04,19.33,80.55,2294.06,Ngo,84.6,20.6
2008,Thai Nguyen,22.31,26.04,19.33,80.55,2294.06,San,43.3,4.1
2009,Thai Nguyen,23.43,27.31,20.29,78.77,1616.11,Khoai,39.7,6.9
2009,Thai Nguyen,23.43,27.31,20.29,78.77,1616.11,Lua dong xuan,143.6,28.7
2009,Thai Nguyen,23.43,27.31,20.29,78.77,1616.11,Lua mi,0,-1.42E-14
2009,Thai Nguyen,23.43,27.31,20.29,78.77,1616.11,Lua mua,195.7,41.2
2009,Thai Nguyen,23.43,27.31,20.29,78.77,1616.11,Ngo,68,17.4
2009,Thai Nguyen,23.43,27.31,20.29,78.77,1616.11,San,56.4,3.9
2010,Thai Nguyen,23.44,27.22,20.28,79.76,2147.27,Khoai,43.9,7.1
2010,Thai Nguyen,23.44,27.22,20.28,79.76,2147.27,Lua dong xuan,145.3,28.3
2010,Thai Nguyen,23.44,27.22,20.28,79.76,2147.27,Lua mi,0,1.42E-14
2010,Thai Nguyen,23.44,27.22,20.28,79.76,2147.27,Lua mua,194.5,41.5
2010,Thai Nguyen,23.44,27.22,20.28,79.76,2147.27,Ngo,75.2,17.9
2010,Thai Nguyen,23.44,27.22,20.28,79.76,2147.27,San,56.9,3.9
2011,Thai Nguyen,22.01,25.47,19.12,80,1727.43,Khoai,46.3,7.3
2011,Thai Nguyen,22.01,25.47,19.12,80,1727.43,Lua dong xuan,162.6,29.6
2011,Thai Nguyen,22.01,25.47,19.12,80,1727.43,Lua mi,-5.68E-14,-1.42E-14
2011,Thai Nguyen,22.01,25.47,19.12,80,1727.43,Lua mua,205.7,41.6
2011,Thai Nguyen,22.01,25.47,19.12,80,1727.43,Ngo,80.4,18.6
2011,Thai Nguyen,22.01,25.47,19.12,80,1727.43,San,52.8,3.6
2012,Thai Nguyen,22.93,26.26,20.19,82.67,1975,Khoai,39.6,6.3
2012,Thai Nguyen,22.93,26.26,20.19,82.67,1975,Lua dong xuan,159,30.2
2012,Thai Nguyen,22.93,26.26,20.19,82.67,1975,Lua mi,5.68E-14,0
2012,Thai Nguyen,22.93,26.26,20.19,82.67,1975,Lua mua,208.4,42.4
2012,Thai Nguyen,22.93,26.26,20.19,82.67,1975,Ngo,76.4,17.9
2012,Thai Nguyen,22.93,26.26,20.19,82.67,1975,San,55.8,3.8
2013,Thai Nguyen,22.89,26.57,19.94,82,2154.26,Khoai,38.8,6.1
2013,Thai Nguyen,22.89,26.57,19.94,82,2154.26,Lua dong xuan,161.8,30.1
2013,Thai Nguyen,22.89,26.57,19.94,82,2154.26,Lua mi,0,0
2013,Thai Nguyen,22.89,26.57,19.94,82,2154.26,Lua mua,201.2,42.1
2013,Thai Nguyen,22.89,26.57,19.94,82,2154.26,Ngo,81.6,19
2013,Thai Nguyen,22.89,26.57,19.94,82,2154.26,San,55.7,3.7
2014,Thai Nguyen,23.09,26.72,20.09,81.33,2256.01,Khoai,33.4,5.3
2014,Thai Nguyen,23.09,26.72,20.09,81.33,2256.01,Lua dong xuan,159.4,30.4
2014,Thai Nguyen,23.09,26.72,20.09,81.33,2256.01,Lua mi,5.68E-14,0
2014,Thai Nguyen,23.09,26.72,20.09,81.33,2256.01,Lua mua,206.5,42.1
2014,Thai Nguyen,23.09,26.72,20.09,81.33,2256.01,Ngo,79.2,19.5
2014,Thai Nguyen,23.09,26.72,20.09,81.33,2256.01,San,54.6,3.7
2015,Thai Nguyen,23.93,27.57,20.97,81.46,2177.26,Khoai,33.6,5.2
2015,Thai Nguyen,23.93,27.57,20.97,81.46,2177.26,Lua dong xuan,167.4,30.5
2015,Thai Nguyen,23.93,27.57,20.97,81.46,2177.26,Lua mi,-0.1,0.1
2015,Thai Nguyen,23.93,27.57,20.97,81.46,2177.26,Lua mua,214,41.9
2015,Thai Nguyen,23.93,27.57,20.97,81.46,2177.26,Ngo,88,21
2015,Thai Nguyen,23.93,27.57,20.97,81.46,2177.26,San,50.1,3.4
2016,Thai Nguyen,23.62,27.29,20.57,80.1,1909.27,Khoai,29.2,4.5
2016,Thai Nguyen,23.62,27.29,20.57,80.1,1909.27,Lua dong xuan,168.7,30.7
2016,Thai Nguyen,23.62,27.29,20.57,80.1,1909.27,Lua mi,0.1,0
2016,Thai Nguyen,23.62,27.29,20.57,80.1,1909.27,Lua mua,216,41.3
2016,Thai Nguyen,23.62,27.29,20.57,80.1,1909.27,Ngo,86.1,20.1
2016,Thai Nguyen,23.62,27.29,20.57,80.1,1909.27,San,49.3,3.4
2017,Thai Nguyen,23.39,26.81,20.58,81.3,2425.73,Khoai,27.9,4.3
2017,Thai Nguyen,23.39,26.81,20.58,81.3,2425.73,Lua dong xuan,168.5,30.3
2017,Thai Nguyen,23.39,26.81,20.58,81.3,2425.73,Lua mi,5.68E-14,1.42E-14
2017,Thai Nguyen,23.39,26.81,20.58,81.3,2425.73,Lua mua,210.9,40.8
2017,Thai Nguyen,23.39,26.81,20.58,81.3,2425.73,Ngo,79.4,17.8
2017,Thai Nguyen,23.39,26.81,20.58,81.3,2425.73,San,43.3,2.9
2018,Thai Nguyen,23.35,26.89,20.5,82.61,2273.62,Khoai,24.1,3642
2018,Thai Nguyen,23.35,26.89,20.5,82.61,2273.62,Lua dong xuan,171.2,30.1
2018,Thai Nguyen,23.35,26.89,20.5,82.61,2273.62,Lua mi,5.68E-14,0
2018,Thai Nguyen,23.35,26.89,20.5,82.61,2273.62,Lua mua,215.2,40.6
2018,Thai Nguyen,23.35,26.89,20.5,82.61,2273.62,Ngo,79.9,17.2
2018,Thai Nguyen,23.35,26.89,20.5,82.61,2273.62,San,37.8,2.5
2019,Thai Nguyen,23.85,27.44,20.89,82.97,2138.78,Khoai,23.4,3498
2019,Thai Nguyen,23.85,27.44,20.89,82.97,2138.78,Lua dong xuan,168,29.9
2019,Thai Nguyen,23.85,27.44,20.89,82.97,2138.78,Lua mi,0,0
2019,Thai Nguyen,23.85,27.44,20.89,82.97,2138.78,Lua mua,216.7,40.2
2019,Thai Nguyen,23.85,27.44,20.89,82.97,2138.78,Ngo,79.2,16.9
2019,Thai Nguyen,23.85,27.44,20.89,82.97,2138.78,San,31.9,2.1
2020,Thai Nguyen,23.44,26.91,20.63,81.93,2218.07,Khoai,22,3231
2020,Thai Nguyen,23.44,26.91,20.63,81.93,2218.07,Lua dong xuan,164.6,29.9
2020,Thai Nguyen,23.44,26.91,20.63,81.93,2218.07,Lua mi,0,0
2020,Thai Nguyen,23.44,26.91,20.63,81.93,2218.07,Lua mua,218.8,39.9
2020,Thai Nguyen,23.44,26.91,20.63,81.93,2218.07,Ngo,76.8,16.1
2020,Thai Nguyen,23.44,26.91,20.63,81.93,2218.07,San,28.6,1.8
2021,Thai Nguyen,23.63,27.29,20.63,80.43,1914.76,Khoai,19.8,2906
2021,Thai Nguyen,23.63,27.29,20.63,80.43,1914.76,Lua dong xuan,167.2,29.4
2021,Thai Nguyen,23.63,27.29,20.63,80.43,1914.76,Lua mi,0,0
2021,Thai Nguyen,23.63,27.29,20.63,80.43,1914.76,Lua mua,217.4,39.4
2021,Thai Nguyen,23.63,27.29,20.63,80.43,1914.76,Ngo,77.2,15.7
2021,Thai Nguyen,23.63,27.29,20.63,80.43,1914.76,San,25.1,1.5
2022,Thai Nguyen,23.15,26.77,20.19,80.76,2143.45,Khoai,19.1,2717.3
2022,Thai Nguyen,23.15,26.77,20.19,80.76,2143.45,Lua dong xuan,166.7,29.3
2022,Thai Nguyen,23.15,26.77,20.19,80.76,2143.45,Lua mi,0,-0.1
2022,Thai Nguyen,23.15,26.77,20.19,80.76,2143.45,Lua mua,216.6,39
2022,Thai Nguyen,23.15,26.77,20.19,80.76,2143.45,Ngo,75,15.3
2022,Thai Nguyen,23.15,26.77,20.19,80.76,2143.45,San,22.9,1.1
2023,Thai Nguyen,24,27.66,20.93,79.52,1930.28,Khoai,17,2441.6
2023,Thai Nguyen,24,27.66,20.93,79.52,1930.28,Lua dong xuan,164.5,29
2023,Thai Nguyen,24,27.66,20.93,79.52,1930.28,Lua mi,0,0.1
2023,Thai Nguyen,24,27.66,20.93,79.52,1930.28,Lua mua,211.8,38.5
2023,Thai Nguyen,24,27.66,20.93,79.52,1930.28,Ngo,75,15.1
2023,Thai Nguyen,24,27.66,20.93,79.52,1930.28,San,17.4,1.1
2024,Thai Nguyen,24.09,27.63,21.19,80.43,2662.62,Khoai,15.4,2250.7
2024,Thai Nguyen,24.09,27.63,21.19,80.43,2662.62,Lua dong xuan,164.4,28.9
2024,Thai Nguyen,24.09,27.63,21.19,80.43,2662.62,Lua mi,0,-0.1
2024,Thai Nguyen,24.09,27.63,21.19,80.43,2662.62,Lua mua,180,38.3
2024,Thai Nguyen,24.09,27.63,21.19,80.43,2662.62,Ngo,71.5,15
2024,Thai Nguyen,24.09,27.63,21.19,80.43,2662.62,San,15.4,1
1995,Thanh Hoa,22.46,25.97,19.71,83.99,1632.54,Khoai,168.6,34
1995,Thanh Hoa,22.46,25.97,19.71,83.99,1632.54,Lua dong xuan,437.6,113.4
1995,Thanh Hoa,22.46,25.97,19.71,83.99,1632.54,Lua mi,0,0
1995,Thanh Hoa,22.46,25.97,19.71,83.99,1632.54,Lua mua,410.8,137
1995,Thanh Hoa,22.46,25.97,19.71,83.99,1632.54,Ngo,68.2,31.5
1995,Thanh Hoa,22.46,25.97,19.71,83.99,1632.54,San,90.1,14.4
1996,Thanh Hoa,22.36,26.01,19.4,83.55,2134.1,Khoai,190.1,34.4
1996,Thanh Hoa,22.36,26.01,19.4,83.55,2134.1,Lua dong xuan,458.1,114.2
1996,Thanh Hoa,22.36,26.01,19.4,83.55,2134.1,Lua mi,0,5.68E-14
1996,Thanh Hoa,22.36,26.01,19.4,83.55,2134.1,Lua mua,250,137
1996,Thanh Hoa,22.36,26.01,19.4,83.55,2134.1,Ngo,81.3,36.9
1996,Thanh Hoa,22.36,26.01,19.4,83.55,2134.1,San,117.7,15.1
1997,Thanh Hoa,23.02,26.63,20.29,84.13,1810.78,Khoai,146.1,27.7
1997,Thanh Hoa,23.02,26.63,20.29,84.13,1810.78,Lua dong xuan,560.1,116.9
1997,Thanh Hoa,23.02,26.63,20.29,84.13,1810.78,Lua mi,0,0
1997,Thanh Hoa,23.02,26.63,20.29,84.13,1810.78,Lua mua,421.5,137.8
1997,Thanh Hoa,23.02,26.63,20.29,84.13,1810.78,Ngo,88.8,36.7
1997,Thanh Hoa,23.02,26.63,20.29,84.13,1810.78,San,89,14.4
1998,Thanh Hoa,23.74,27.69,20.59,81.29,1249.36,Khoai,164.4,27.1
1998,Thanh Hoa,23.74,27.69,20.59,81.29,1249.36,Lua dong xuan,533,117.6
1998,Thanh Hoa,23.74,27.69,20.59,81.29,1249.36,Lua mi,-2.27E-13,0
1998,Thanh Hoa,23.74,27.69,20.59,81.29,1249.36,Lua mua,439.7,136.2
1998,Thanh Hoa,23.74,27.69,20.59,81.29,1249.36,Ngo,101.4,40.8
1998,Thanh Hoa,23.74,27.69,20.59,81.29,1249.36,San,68.6,12.5
1999,Thanh Hoa,22.82,26.46,19.95,83.43,1581.07,Khoai,158.5,27.9
1999,Thanh Hoa,22.82,26.46,19.95,83.43,1581.07,Lua dong xuan,557.6,114.9
1999,Thanh Hoa,22.82,26.46,19.95,83.43,1581.07,Lua mi,2.27E-13,0
1999,Thanh Hoa,22.82,26.46,19.95,83.43,1581.07,Lua mua,503.7,138
1999,Thanh Hoa,22.82,26.46,19.95,83.43,1581.07,Ngo,127.1,45.8
1999,Thanh Hoa,22.82,26.46,19.95,83.43,1581.07,San,65.1,10.9
2000,Thanh Hoa,22.66,26.2,19.86,84.35,1716.28,Khoai,130,24.4
2000,Thanh Hoa,22.66,26.2,19.86,84.35,1716.28,Lua dong xuan,631.9,118.9
2000,Thanh Hoa,22.66,26.2,19.86,84.35,1716.28,Lua mi,0,0
2000,Thanh Hoa,22.66,26.2,19.86,84.35,1716.28,Lua mua,463.9,138.6
2000,Thanh Hoa,22.66,26.2,19.86,84.35,1716.28,Ngo,126.7,46.4
2000,Thanh Hoa,22.66,26.2,19.86,84.35,1716.28,San,78.5,12.1
2001,Thanh Hoa,22.75,26.19,19.94,85.62,1880.57,Khoai,144.6,24.1
2001,Thanh Hoa,22.75,26.19,19.94,85.62,1880.57,Lua dong xuan,660.8,120
2001,Thanh Hoa,22.75,26.19,19.94,85.62,1880.57,Lua mi,0,-5.68E-14
2001,Thanh Hoa,22.75,26.19,19.94,85.62,1880.57,Lua mua,529.6,137.6
2001,Thanh Hoa,22.75,26.19,19.94,85.62,1880.57,Ngo,140,44.3
2001,Thanh Hoa,22.75,26.19,19.94,85.62,1880.57,San,94.9,11.9
2002,Thanh Hoa,23.09,26.7,20.28,85.07,1687.39,Khoai,140.4,22
2002,Thanh Hoa,23.09,26.7,20.28,85.07,1687.39,Lua dong xuan,676.6,119.6
2002,Thanh Hoa,23.09,26.7,20.28,85.07,1687.39,Lua mi,0,0.1
2002,Thanh Hoa,23.09,26.7,20.28,85.07,1687.39,Lua mua,575.9,137.6
2002,Thanh Hoa,23.09,26.7,20.28,85.07,1687.39,Ngo,155.6,49.5
2002,Thanh Hoa,23.09,26.7,20.28,85.07,1687.39,San,111.4,13.6
2003,Thanh Hoa,23.45,27.46,20.22,82.54,1466.52,Khoai,121.7,19.1
2003,Thanh Hoa,23.45,27.46,20.22,82.54,1466.52,Lua dong xuan,687.3,120.2
2003,Thanh Hoa,23.45,27.46,20.22,82.54,1466.52,Lua mi,0,0
2003,Thanh Hoa,23.45,27.46,20.22,82.54,1466.52,Lua mua,585.2,136.2
2003,Thanh Hoa,23.45,27.46,20.22,82.54,1466.52,Ngo,188.4,54.1
2003,Thanh Hoa,23.45,27.46,20.22,82.54,1466.52,San,129.6,15.2
2004,Thanh Hoa,22.6,26.4,19.49,83.21,1516.2,Khoai,113,17.8
2004,Thanh Hoa,22.6,26.4,19.49,83.21,1516.2,Lua dong xuan,709.2,118.6
2004,Thanh Hoa,22.6,26.4,19.49,83.21,1516.2,Lua mi,-2.27E-13,0
2004,Thanh Hoa,22.6,26.4,19.49,83.21,1516.2,Lua mua,616.7,136
2004,Thanh Hoa,22.6,26.4,19.49,83.21,1516.2,Ngo,245.9,63.7
2004,Thanh Hoa,22.6,26.4,19.49,83.21,1516.2,San,124.3,14.5
2005,Thanh Hoa,22.83,26.49,19.88,83.24,1847.62,Khoai,104.2,16.3
2005,Thanh Hoa,22.83,26.49,19.88,83.24,1847.62,Lua dong xuan,711.5,118.3
2005,Thanh Hoa,22.83,26.49,19.88,83.24,1847.62,Lua mi,0,0
2005,Thanh Hoa,22.83,26.49,19.88,83.24,1847.62,Lua mua,526,133.9
2005,Thanh Hoa,22.83,26.49,19.88,83.24,1847.62,Ngo,244.2,65.3
2005,Thanh Hoa,22.83,26.49,19.88,83.24,1847.62,San,126,15.1
2006,Thanh Hoa,23.21,27.02,20.17,82.85,1505.71,Khoai,96.9,15.6
2006,Thanh Hoa,23.21,27.02,20.17,82.85,1505.71,Lua dong xuan,736.5,119
2006,Thanh Hoa,23.21,27.02,20.17,82.85,1505.71,Lua mi,0,0
2006,Thanh Hoa,23.21,27.02,20.17,82.85,1505.71,Lua mua,662.1,135.3
2006,Thanh Hoa,23.21,27.02,20.17,82.85,1505.71,Ngo,233,63.8
2006,Thanh Hoa,23.21,27.02,20.17,82.85,1505.71,San,142.8,14.5
2007,Thanh Hoa,23.09,26.93,19.95,81.93,1646.09,Khoai,99.4,15.8
2007,Thanh Hoa,23.09,26.93,19.95,81.93,1646.09,Lua dong xuan,657.1,118.7
2007,Thanh Hoa,23.09,26.93,19.95,81.93,1646.09,Lua mi,0,0
2007,Thanh Hoa,23.09,26.93,19.95,81.93,1646.09,Lua mua,683,135.7
2007,Thanh Hoa,23.09,26.93,19.95,81.93,1646.09,Ngo,234.5,59.4
2007,Thanh Hoa,23.09,26.93,19.95,81.93,1646.09,San,160.8,15.2
2008,Thanh Hoa,22.3,25.9,19.39,83.24,1907.71,Khoai,86.2,13.7
2008,Thanh Hoa,22.3,25.9,19.39,83.24,1907.71,Lua dong xuan,711.5,117.9
2008,Thanh Hoa,22.3,25.9,19.39,83.24,1907.71,Lua mi,0.1,-3.6
2008,Thanh Hoa,22.3,25.9,19.39,83.24,1907.71,Lua mua,692.8,136.5
2008,Thanh Hoa,22.3,25.9,19.39,83.24,1907.71,Ngo,231.4,60.7
2008,Thanh Hoa,22.3,25.9,19.39,83.24,1907.71,San,210.6,16.9
2009,Thanh Hoa,23.31,27.2,20.19,81.97,1606.92,Khoai,77.6,12.5
2009,Thanh Hoa,23.31,27.2,20.19,81.97,1606.92,Lua dong xuan,729.8,121.3
2009,Thanh Hoa,23.31,27.2,20.19,81.97,1606.92,Lua mi,0,0
2009,Thanh Hoa,23.31,27.2,20.19,81.97,1606.92,Lua mua,722.9,136.8
2009,Thanh Hoa,23.31,27.2,20.19,81.97,1606.92,Ngo,207.8,53.7
2009,Thanh Hoa,23.31,27.2,20.19,81.97,1606.92,San,195.4,15.6
2010,Thanh Hoa,23.61,27.52,20.45,81.57,2024.76,Khoai,75.9,11.5
2010,Thanh Hoa,23.61,27.52,20.45,81.57,2024.76,Lua dong xuan,727.1,121.3
2010,Thanh Hoa,23.61,27.52,20.45,81.57,2024.76,Lua mi,0,0
2010,Thanh Hoa,23.61,27.52,20.45,81.57,2024.76,Lua mua,669.5,132.3
2010,Thanh Hoa,23.61,27.52,20.45,81.57,2024.76,Ngo,215.9,54.4
2010,Thanh Hoa,23.61,27.52,20.45,81.57,2024.76,San,172.6,15.3
2011,Thanh Hoa,21.86,25.1,19.14,84.18,1857.49,Khoai,76.5,11.5
2011,Thanh Hoa,21.86,25.1,19.14,84.18,1857.49,Lua dong xuan,768.5,122.1
2011,Thanh Hoa,21.86,25.1,19.14,84.18,1857.49,Lua mi,0,-5.68E-14
2011,Thanh Hoa,21.86,25.1,19.14,84.18,1857.49,Lua mua,658.9,135
2011,Thanh Hoa,21.86,25.1,19.14,84.18,1857.49,Ngo,214,52.8
2011,Thanh Hoa,21.86,25.1,19.14,84.18,1857.49,San,203.1,16.3
2012,Thanh Hoa,23.13,26.72,20.33,84.92,1738.31,Khoai,70.9,10.4
2012,Thanh Hoa,23.13,26.72,20.33,84.92,1738.31,Lua dong xuan,788.4,122.6
2012,Thanh Hoa,23.13,26.72,20.33,84.92,1738.31,Lua mi,0,0
2012,Thanh Hoa,23.13,26.72,20.33,84.92,1738.31,Lua mua,694.1,134.1
2012,Thanh Hoa,23.13,26.72,20.33,84.92,1738.31,Ngo,199.6,49.1
2012,Thanh Hoa,23.13,26.72,20.33,84.92,1738.31,San,218.9,16.8
2013,Thanh Hoa,22.86,26.43,20,84.3,2150.24,Khoai,66.6,9.7
2013,Thanh Hoa,22.86,26.43,20,84.3,2150.24,Lua dong xuan,759.9,122.5
2013,Thanh Hoa,22.86,26.43,20,84.3,2150.24,Lua mi,0,0
2013,Thanh Hoa,22.86,26.43,20,84.3,2150.24,Lua mua,671.6,133.8
2013,Thanh Hoa,22.86,26.43,20,84.3,2150.24,Ngo,218.5,52
2013,Thanh Hoa,22.86,26.43,20,84.3,2150.24,San,215.9,16.1
2014,Thanh Hoa,23.17,26.91,20.19,84.05,1757.91,Khoai,61.2,8.9
2014,Thanh Hoa,23.17,26.91,20.19,84.05,1757.91,Lua dong xuan,800.1,124
2014,Thanh Hoa,23.17,26.91,20.19,84.05,1757.91,Lua mi,0,0
2014,Thanh Hoa,23.17,26.91,20.19,84.05,1757.91,Lua mua,716.4,134.6
2014,Thanh Hoa,23.17,26.91,20.19,84.05,1757.91,Ngo,221.3,54.7
2014,Thanh Hoa,23.17,26.91,20.19,84.05,1757.91,San,259.7,18
2015,Thanh Hoa,24.06,27.96,21.01,82.08,1675.63,Khoai,58.4,8.3
2015,Thanh Hoa,24.06,27.96,21.01,82.08,1675.63,Lua dong xuan,785.1,124.6
2015,Thanh Hoa,24.06,27.96,21.01,82.08,1675.63,Lua mi,0,0
2015,Thanh Hoa,24.06,27.96,21.01,82.08,1675.63,Lua mua,690.2,132.4
2015,Thanh Hoa,24.06,27.96,21.01,82.08,1675.63,Ngo,245.5,56.8
2015,Thanh Hoa,24.06,27.96,21.01,82.08,1675.63,San,261.9,17.8
2016,Thanh Hoa,23.62,27.43,20.6,82.53,1784.2,Khoai,52.6,7.4
2016,Thanh Hoa,23.62,27.43,20.6,82.53,1784.2,Lua dong xuan,795.3,123.4
2016,Thanh Hoa,23.62,27.43,20.6,82.53,1784.2,Lua mi,0.1,0.1
2016,Thanh Hoa,23.62,27.43,20.6,82.53,1784.2,Lua mua,697.8,130.5
2016,Thanh Hoa,23.62,27.43,20.6,82.53,1784.2,Ngo,233,52.9
2016,Thanh Hoa,23.62,27.43,20.6,82.53,1784.2,San,269.5,18
2017,Thanh Hoa,23.42,26.83,20.72,83.52,1826.01,Khoai,53.5,7.5
2017,Thanh Hoa,23.42,26.83,20.72,83.52,1826.01,Lua dong xuan,794.6,122.2
2017,Thanh Hoa,23.42,26.83,20.72,83.52,1826.01,Lua mi,2.27E-13,0
2017,Thanh Hoa,23.42,26.83,20.72,83.52,1826.01,Lua mua,668.7,128.3
2017,Thanh Hoa,23.42,26.83,20.72,83.52,1826.01,Ngo,225.1,50.5
2017,Thanh Hoa,23.42,26.83,20.72,83.52,1826.01,San,223.2,15.1
2018,Thanh Hoa,23.46,27.07,20.69,83.49,2330.62,Khoai,44.8,6422
2018,Thanh Hoa,23.46,27.07,20.69,83.49,2330.62,Lua dong xuan,797.2,119.5
2018,Thanh Hoa,23.46,27.07,20.69,83.49,2330.62,Lua mi,0,0
2018,Thanh Hoa,23.46,27.07,20.69,83.49,2330.62,Lua mua,616.3,124.9
2018,Thanh Hoa,23.46,27.07,20.69,83.49,2330.62,Ngo,196.2,45
2018,Thanh Hoa,23.46,27.07,20.69,83.49,2330.62,San,217,14
2019,Thanh Hoa,24.31,28.1,21.32,83.47,1837.03,Khoai,49.6,6635
2019,Thanh Hoa,24.31,28.1,21.32,83.47,1837.03,Lua dong xuan,772,118.2
2019,Thanh Hoa,24.31,28.1,21.32,83.47,1837.03,Lua mi,0.2,0.1
2019,Thanh Hoa,24.31,28.1,21.32,83.47,1837.03,Lua mua,627.2,119.7
2019,Thanh Hoa,24.31,28.1,21.32,83.47,1837.03,Ngo,207.7,46.1
2019,Thanh Hoa,24.31,28.1,21.32,83.47,1837.03,San,229.4,14.7
2020,Thanh Hoa,23.8,27.37,20.97,82.74,1874,Khoai,47.8,6327
2020,Thanh Hoa,23.8,27.37,20.97,82.74,1874,Lua dong xuan,748.9,116.2
2020,Thanh Hoa,23.8,27.37,20.97,82.74,1874,Lua mi,0,0
2020,Thanh Hoa,23.8,27.37,20.97,82.74,1874,Lua mua,624.7,115
2020,Thanh Hoa,23.8,27.37,20.97,82.74,1874,Ngo,200.5,42.7
2020,Thanh Hoa,23.8,27.37,20.97,82.74,1874,San,264.6,15
2021,Thanh Hoa,23.65,27.32,20.68,81.93,1600.7,Khoai,45.4,5954
2021,Thanh Hoa,23.65,27.32,20.68,81.93,1600.7,Lua dong xuan,770.5,115.3
2021,Thanh Hoa,23.65,27.32,20.68,81.93,1600.7,Lua mi,0.1,0
2021,Thanh Hoa,23.65,27.32,20.68,81.93,1600.7,Lua mua,642.5,116.6
2021,Thanh Hoa,23.65,27.32,20.68,81.93,1600.7,Ngo,198.7,41.9
2021,Thanh Hoa,23.65,27.32,20.68,81.93,1600.7,San,206.3,13.7
2022,Thanh Hoa,23.24,26.78,20.39,82.88,1884.49,Khoai,40.6,5346.4
2022,Thanh Hoa,23.24,26.78,20.39,82.88,1884.49,Lua dong xuan,737.4,114.3
2022,Thanh Hoa,23.24,26.78,20.39,82.88,1884.49,Lua mi,0,0
2022,Thanh Hoa,23.24,26.78,20.39,82.88,1884.49,Lua mua,653.2,115
2022,Thanh Hoa,23.24,26.78,20.39,82.88,1884.49,Ngo,194,40.8
2022,Thanh Hoa,23.24,26.78,20.39,82.88,1884.49,San,222.9,12.4
2023,Thanh Hoa,23.98,27.67,20.92,81.82,1514.67,Khoai,38,5020.3
2023,Thanh Hoa,23.98,27.67,20.92,81.82,1514.67,Lua dong xuan,762.7,113.7
2023,Thanh Hoa,23.98,27.67,20.92,81.82,1514.67,Lua mi,0.1,0
2023,Thanh Hoa,23.98,27.67,20.92,81.82,1514.67,Lua mua,625.2,112
2023,Thanh Hoa,23.98,27.67,20.92,81.82,1514.67,Ngo,183.5,38.8
2023,Thanh Hoa,23.98,27.67,20.92,81.82,1514.67,San,201.2,12.4
2024,Thanh Hoa,24.1,27.68,21.25,83.45,2083.81,Khoai,37.7,4982
2024,Thanh Hoa,24.1,27.68,21.25,83.45,2083.81,Lua dong xuan,766.5,113.6
2024,Thanh Hoa,24.1,27.68,21.25,83.45,2083.81,Lua mi,0,0
2024,Thanh Hoa,24.1,27.68,21.25,83.45,2083.81,Lua mua,618.5,112.2
2024,Thanh Hoa,24.1,27.68,21.25,83.45,2083.81,Ngo,184.1,38.5
2024,Thanh Hoa,24.1,27.68,21.25,83.45,2083.81,San,235.5,14.4
1995,Thua Thien-Hue,23.84,27.11,21.35,85.1,2998.04,Khoai,37.8,7.7
1995,Thua Thien-Hue,23.84,27.11,21.35,85.1,2998.04,Lua dong xuan,90.5,26
1995,Thua Thien-Hue,23.84,27.11,21.35,85.1,2998.04,Lua he thu,75.1,21.5
1995,Thua Thien-Hue,23.84,27.11,21.35,85.1,2998.04,Lua mi,0,0
1995,Thua Thien-Hue,23.84,27.11,21.35,85.1,2998.04,Lua mua,1,1
1995,Thua Thien-Hue,23.84,27.11,21.35,85.1,2998.04,Ngo,1.1,0.7
1995,Thua Thien-Hue,23.84,27.11,21.35,85.1,2998.04,San,39.5,5.5
1996,Thua Thien-Hue,23.73,26.9,21.29,85.4,3015.98,Khoai,33.9,7
1996,Thua Thien-Hue,23.73,26.9,21.29,85.4,3015.98,Lua dong xuan,103.7,26.2
1996,Thua Thien-Hue,23.73,26.9,21.29,85.4,3015.98,Lua he thu,82.3,22.3
1996,Thua Thien-Hue,23.73,26.9,21.29,85.4,3015.98,Lua mi,0,0
1996,Thua Thien-Hue,23.73,26.9,21.29,85.4,3015.98,Lua mua,0.9,1
1996,Thua Thien-Hue,23.73,26.9,21.29,85.4,3015.98,Ngo,1.5,0.8
1996,Thua Thien-Hue,23.73,26.9,21.29,85.4,3015.98,San,38.2,5.6
1997,Thua Thien-Hue,24.3,27.71,21.72,83.76,2750.12,Khoai,32.2,6.7
1997,Thua Thien-Hue,24.3,27.71,21.72,83.76,2750.12,Lua dong xuan,107.7,26.3
1997,Thua Thien-Hue,24.3,27.71,21.72,83.76,2750.12,Lua he thu,87.9,22.7
1997,Thua Thien-Hue,24.3,27.71,21.72,83.76,2750.12,Lua mi,0,0
1997,Thua Thien-Hue,24.3,27.71,21.72,83.76,2750.12,Lua mua,1,1.1
1997,Thua Thien-Hue,24.3,27.71,21.72,83.76,2750.12,Ngo,1.8,0.9
1997,Thua Thien-Hue,24.3,27.71,21.72,83.76,2750.12,San,37.1,5.2
1998,Thua Thien-Hue,24.96,28.37,22.4,84.48,3310.95,Khoai,28.9,6.2
1998,Thua Thien-Hue,24.96,28.37,22.4,84.48,3310.95,Lua dong xuan,102,26.2
1998,Thua Thien-Hue,24.96,28.37,22.4,84.48,3310.95,Lua he thu,85.2,23
1998,Thua Thien-Hue,24.96,28.37,22.4,84.48,3310.95,Lua mi,2.84E-14,7.11E-15
1998,Thua Thien-Hue,24.96,28.37,22.4,84.48,3310.95,Lua mua,0.4,0.6
1998,Thua Thien-Hue,24.96,28.37,22.4,84.48,3310.95,Ngo,1.7,0.9
1998,Thua Thien-Hue,24.96,28.37,22.4,84.48,3310.95,San,32.5,4.6
1999,Thua Thien-Hue,24.03,27.08,21.73,84.95,3789.4,Khoai,21.3,6
1999,Thua Thien-Hue,24.03,27.08,21.73,84.95,3789.4,Lua dong xuan,111.6,26.4
1999,Thua Thien-Hue,24.03,27.08,21.73,84.95,3789.4,Lua he thu,104.1,24
1999,Thua Thien-Hue,24.03,27.08,21.73,84.95,3789.4,Lua mi,0,0
1999,Thua Thien-Hue,24.03,27.08,21.73,84.95,3789.4,Lua mua,0.3,0.6
1999,Thua Thien-Hue,24.03,27.08,21.73,84.95,3789.4,Ngo,1.2,0.9
1999,Thua Thien-Hue,24.03,27.08,21.73,84.95,3789.4,San,16.3,4.7
2000,Thua Thien-Hue,23.83,26.84,21.59,86.14,3585.07,Khoai,20.5,4.4
2000,Thua Thien-Hue,23.83,26.84,21.59,86.14,3585.07,Lua dong xuan,111.8,26.5
2000,Thua Thien-Hue,23.83,26.84,21.59,86.14,3585.07,Lua he thu,84,24.1
2000,Thua Thien-Hue,23.83,26.84,21.59,86.14,3585.07,Lua mi,0,0
2000,Thua Thien-Hue,23.83,26.84,21.59,86.14,3585.07,Lua mua,0.7,0.7
2000,Thua Thien-Hue,23.83,26.84,21.59,86.14,3585.07,Ngo,2.7,1.2
2000,Thua Thien-Hue,23.83,26.84,21.59,86.14,3585.07,San,27.9,4.3
2001,Thua Thien-Hue,24.24,27.45,21.85,85.42,2907.41,Khoai,24.3,5.3
2001,Thua Thien-Hue,24.24,27.45,21.85,85.42,2907.41,Lua dong xuan,102.3,26.6
2001,Thua Thien-Hue,24.24,27.45,21.85,85.42,2907.41,Lua he thu,101.8,24.3
2001,Thua Thien-Hue,24.24,27.45,21.85,85.42,2907.41,Lua mi,0.1,0.1
2001,Thua Thien-Hue,24.24,27.45,21.85,85.42,2907.41,Lua mua,0.7,0.7
2001,Thua Thien-Hue,24.24,27.45,21.85,85.42,2907.41,Ngo,3.4,1.4
2001,Thua Thien-Hue,24.24,27.45,21.85,85.42,2907.41,San,28.3,4.5
2002,Thua Thien-Hue,24.4,27.7,21.99,84.77,2582.43,Khoai,23.6,5.1
2002,Thua Thien-Hue,24.4,27.7,21.99,84.77,2582.43,Lua dong xuan,122,26.6
2002,Thua Thien-Hue,24.4,27.7,21.99,84.77,2582.43,Lua he thu,88,24.6
2002,Thua Thien-Hue,24.4,27.7,21.99,84.77,2582.43,Lua mi,0,0
2002,Thua Thien-Hue,24.4,27.7,21.99,84.77,2582.43,Lua mua,0.9,0.7
2002,Thua Thien-Hue,24.4,27.7,21.99,84.77,2582.43,Ngo,3.9,1.4
2002,Thua Thien-Hue,24.4,27.7,21.99,84.77,2582.43,San,36.6,4.9
2003,Thua Thien-Hue,24.37,27.81,21.8,84.58,2728.61,Khoai,23.3,4.9
2003,Thua Thien-Hue,24.37,27.81,21.8,84.58,2728.61,Lua dong xuan,130.7,26.7
2003,Thua Thien-Hue,24.37,27.81,21.8,84.58,2728.61,Lua he thu,104.2,24.4
2003,Thua Thien-Hue,24.37,27.81,21.8,84.58,2728.61,Lua mi,-2.84E-14,0
2003,Thua Thien-Hue,24.37,27.81,21.8,84.58,2728.61,Lua mua,0.9,0.6
2003,Thua Thien-Hue,24.37,27.81,21.8,84.58,2728.61,Ngo,3.9,1.3
2003,Thua Thien-Hue,24.37,27.81,21.8,84.58,2728.61,San,56.3,5.5
2004,Thua Thien-Hue,23.93,27.37,21.27,84.37,2252.35,Khoai,22.6,4.9
2004,Thua Thien-Hue,23.93,27.37,21.27,84.37,2252.35,Lua dong xuan,133.1,26.3
2004,Thua Thien-Hue,23.93,27.37,21.27,84.37,2252.35,Lua he thu,112.5,24.3
2004,Thua Thien-Hue,23.93,27.37,21.27,84.37,2252.35,Lua mi,2.84E-14,7.11E-15
2004,Thua Thien-Hue,23.93,27.37,21.27,84.37,2252.35,Lua mua,1,0.7
2004,Thua Thien-Hue,23.93,27.37,21.27,84.37,2252.35,Ngo,4.2,1.4
2004,Thua Thien-Hue,23.93,27.37,21.27,84.37,2252.35,San,68.4,5.9
2005,Thua Thien-Hue,24.23,27.55,21.73,84.92,2881.59,Khoai,22.4,4.7
2005,Thua Thien-Hue,24.23,27.55,21.73,84.92,2881.59,Lua dong xuan,118.3,25.9
2005,Thua Thien-Hue,24.23,27.55,21.73,84.92,2881.59,Lua he thu,116,24
2005,Thua Thien-Hue,24.23,27.55,21.73,84.92,2881.59,Lua mi,0,0
2005,Thua Thien-Hue,24.23,27.55,21.73,84.92,2881.59,Lua mua,0.7,0.6
2005,Thua Thien-Hue,24.23,27.55,21.73,84.92,2881.59,Ngo,5.1,1.8
2005,Thua Thien-Hue,24.23,27.55,21.73,84.92,2881.59,San,102.6,6.6
2006,Thua Thien-Hue,24.42,27.77,21.92,84.57,2878.49,Khoai,22.4,4.6
2006,Thua Thien-Hue,24.42,27.77,21.92,84.57,2878.49,Lua dong xuan,138.3,25.7
2006,Thua Thien-Hue,24.42,27.77,21.92,84.57,2878.49,Lua he thu,113.4,24
2006,Thua Thien-Hue,24.42,27.77,21.92,84.57,2878.49,Lua mi,0.1,0.1
2006,Thua Thien-Hue,24.42,27.77,21.92,84.57,2878.49,Lua mua,0.9,0.6
2006,Thua Thien-Hue,24.42,27.77,21.92,84.57,2878.49,Ngo,7.2,1.8
2006,Thua Thien-Hue,24.42,27.77,21.92,84.57,2878.49,San,103.9,7.1
2007,Thua Thien-Hue,24.21,27.42,21.81,85.38,3620.3,Khoai,22.5,4.7
2007,Thua Thien-Hue,24.21,27.42,21.81,85.38,3620.3,Lua dong xuan,138.5,25.7
2007,Thua Thien-Hue,24.21,27.42,21.81,85.38,3620.3,Lua he thu,120.2,24
2007,Thua Thien-Hue,24.21,27.42,21.81,85.38,3620.3,Lua mi,0,-0.6
2007,Thua Thien-Hue,24.21,27.42,21.81,85.38,3620.3,Lua mua,0.9,0.6
2007,Thua Thien-Hue,24.21,27.42,21.81,85.38,3620.3,Ngo,6.5,1.7
2007,Thua Thien-Hue,24.21,27.42,21.81,85.38,3620.3,San,114,7.3
2008,Thua Thien-Hue,23.69,26.96,21.34,85.55,3418.88,Khoai,19.7,4.3
2008,Thua Thien-Hue,23.69,26.96,21.34,85.55,3418.88,Lua dong xuan,141.5,25.8
2008,Thua Thien-Hue,23.69,26.96,21.34,85.55,3418.88,Lua he thu,132.2,24.4
2008,Thua Thien-Hue,23.69,26.96,21.34,85.55,3418.88,Lua mi,0,-2.2
2008,Thua Thien-Hue,23.69,26.96,21.34,85.55,3418.88,Lua mua,1.1,0.7
2008,Thua Thien-Hue,23.69,26.96,21.34,85.55,3418.88,Ngo,5.3,1.6
2008,Thua Thien-Hue,23.69,26.96,21.34,85.55,3418.88,San,118,7.5
2009,Thua Thien-Hue,24.4,27.75,21.84,84.49,3274.25,Khoai,19.6,4.2
2009,Thua Thien-Hue,24.4,27.75,21.84,84.49,3274.25,Lua dong xuan,149,26.9
2009,Thua Thien-Hue,24.4,27.75,21.84,84.49,3274.25,Lua he thu,132.5,25.5
2009,Thua Thien-Hue,24.4,27.75,21.84,84.49,3274.25,Lua mi,0,0
2009,Thua Thien-Hue,24.4,27.75,21.84,84.49,3274.25,Lua mua,1.1,0.7
2009,Thua Thien-Hue,24.4,27.75,21.84,84.49,3274.25,Ngo,5.7,1.6
2009,Thua Thien-Hue,24.4,27.75,21.84,84.49,3274.25,San,129.4,6.9
2010,Thua Thien-Hue,24.85,28.28,22.28,85.36,3060.8,Khoai,20.4,4.3
2010,Thua Thien-Hue,24.85,28.28,22.28,85.36,3060.8,Lua dong xuan,154.4,27.5
2010,Thua Thien-Hue,24.85,28.28,22.28,85.36,3060.8,Lua he thu,129.8,25.6
2010,Thua Thien-Hue,24.85,28.28,22.28,85.36,3060.8,Lua mi,0,-7.11E-15
2010,Thua Thien-Hue,24.85,28.28,22.28,85.36,3060.8,Lua mua,1,0.6
2010,Thua Thien-Hue,24.85,28.28,22.28,85.36,3060.8,Ngo,6,1.6
2010,Thua Thien-Hue,24.85,28.28,22.28,85.36,3060.8,San,135.1,7.1
2011,Thua Thien-Hue,23.47,26.39,21.2,86.15,4026.67,Khoai,19,4.1
2011,Thua Thien-Hue,23.47,26.39,21.2,86.15,4026.67,Lua dong xuan,153,27.4
2011,Thua Thien-Hue,23.47,26.39,21.2,86.15,4026.67,Lua he thu,145,25.5
2011,Thua Thien-Hue,23.47,26.39,21.2,86.15,4026.67,Lua mi,0,0
2011,Thua Thien-Hue,23.47,26.39,21.2,86.15,4026.67,Lua mua,1.1,0.6
2011,Thua Thien-Hue,23.47,26.39,21.2,86.15,4026.67,Ngo,6.2,1.7
2011,Thua Thien-Hue,23.47,26.39,21.2,86.15,4026.67,San,149.3,7.8
2012,Thua Thien-Hue,24.79,28.05,22.32,84.74,2417.46,Khoai,19.6,4.1
2012,Thua Thien-Hue,24.79,28.05,22.32,84.74,2417.46,Lua dong xuan,155.8,27.4
2012,Thua Thien-Hue,24.79,28.05,22.32,84.74,2417.46,Lua he thu,142,25.6
2012,Thua Thien-Hue,24.79,28.05,22.32,84.74,2417.46,Lua mi,0,0
2012,Thua Thien-Hue,24.79,28.05,22.32,84.74,2417.46,Lua mua,1.2,0.8
2012,Thua Thien-Hue,24.79,28.05,22.32,84.74,2417.46,Ngo,6.9,1.7
2012,Thua Thien-Hue,24.79,28.05,22.32,84.74,2417.46,San,140.2,7.6
2013,Thua Thien-Hue,24.38,27.55,21.96,85.21,3417.01,Khoai,18.4,3.8
2013,Thua Thien-Hue,24.38,27.55,21.96,85.21,3417.01,Lua dong xuan,159.1,27.6
2013,Thua Thien-Hue,24.38,27.55,21.96,85.21,3417.01,Lua he thu,124.7,25.4
2013,Thua Thien-Hue,24.38,27.55,21.96,85.21,3417.01,Lua mi,5.68E-14,-7.11E-15
2013,Thua Thien-Hue,24.38,27.55,21.96,85.21,3417.01,Lua mua,1.1,0.7
2013,Thua Thien-Hue,24.38,27.55,21.96,85.21,3417.01,Ngo,6.4,1.6
2013,Thua Thien-Hue,24.38,27.55,21.96,85.21,3417.01,San,132.2,7.2
2014,Thua Thien-Hue,24.63,27.96,22.04,84.27,2151.89,Khoai,15.7,3.4
2014,Thua Thien-Hue,24.63,27.96,22.04,84.27,2151.89,Lua dong xuan,167.4,27.7
2014,Thua Thien-Hue,24.63,27.96,22.04,84.27,2151.89,Lua he thu,148.7,25.4
2014,Thua Thien-Hue,24.63,27.96,22.04,84.27,2151.89,Lua mi,0,-7.11E-15
2014,Thua Thien-Hue,24.63,27.96,22.04,84.27,2151.89,Lua mua,1,0.6
2014,Thua Thien-Hue,24.63,27.96,22.04,84.27,2151.89,Ngo,6.2,1.6
2014,Thua Thien-Hue,24.63,27.96,22.04,84.27,2151.89,San,128.7,7
2015,Thua Thien-Hue,25.11,28.74,22.29,84.22,2516.89,Khoai,15.4,3.2
2015,Thua Thien-Hue,25.11,28.74,22.29,84.22,2516.89,Lua dong xuan,167.6,27.9
2015,Thua Thien-Hue,25.11,28.74,22.29,84.22,2516.89,Lua he thu,150.7,25.9
2015,Thua Thien-Hue,25.11,28.74,22.29,84.22,2516.89,Lua mi,0.1,0.1
2015,Thua Thien-Hue,25.11,28.74,22.29,84.22,2516.89,Lua mua,1,0.6
2015,Thua Thien-Hue,25.11,28.74,22.29,84.22,2516.89,Ngo,6.3,1.6
2015,Thua Thien-Hue,25.11,28.74,22.29,84.22,2516.89,San,131.3,7.1
2016,Thua Thien-Hue,25.11,28.49,22.5,84.33,3451.58,Khoai,14.1,3
2016,Thua Thien-Hue,25.11,28.49,22.5,84.33,3451.58,Lua dong xuan,169.5,27.9
2016,Thua Thien-Hue,25.11,28.49,22.5,84.33,3451.58,Lua he thu,153.8,26
2016,Thua Thien-Hue,25.11,28.49,22.5,84.33,3451.58,Lua mi,-0.1,0
2016,Thua Thien-Hue,25.11,28.49,22.5,84.33,3451.58,Lua mua,1,0.6
2016,Thua Thien-Hue,25.11,28.49,22.5,84.33,3451.58,Ngo,6.3,1.6
2016,Thua Thien-Hue,25.11,28.49,22.5,84.33,3451.58,San,132.3,7.1
2017,Thua Thien-Hue,24.81,27.94,22.31,85.56,3952.6,Khoai,12.9,2.7
2017,Thua Thien-Hue,24.81,27.94,22.31,85.56,3952.6,Lua dong xuan,178.3,28.6
2017,Thua Thien-Hue,24.81,27.94,22.31,85.56,3952.6,Lua he thu,148,25.6
2017,Thua Thien-Hue,24.81,27.94,22.31,85.56,3952.6,Lua mi,5.68E-14,0
2017,Thua Thien-Hue,24.81,27.94,22.31,85.56,3952.6,Lua mua,1.1,0.7
2017,Thua Thien-Hue,24.81,27.94,22.31,85.56,3952.6,Ngo,6.7,1.7
2017,Thua Thien-Hue,24.81,27.94,22.31,85.56,3952.6,San,127.2,6.7
2018,Thua Thien-Hue,24.78,28.04,22.18,84.69,2482.83,Khoai,10.3,1914
2018,Thua Thien-Hue,24.78,28.04,22.18,84.69,2482.83,Lua dong xuan,178.2,28.6
2018,Thua Thien-Hue,24.78,28.04,22.18,84.69,2482.83,Lua he thu,155.1,25.5
2018,Thua Thien-Hue,24.78,28.04,22.18,84.69,2482.83,Lua mi,0,-7.11E-15
2018,Thua Thien-Hue,24.78,28.04,22.18,84.69,2482.83,Lua mua,1.1,0.6
2018,Thua Thien-Hue,24.78,28.04,22.18,84.69,2482.83,Ngo,6.6,1.6
2018,Thua Thien-Hue,24.78,28.04,22.18,84.69,2482.83,San,116.2,6
2019,Thua Thien-Hue,25.78,29.32,22.94,81.81,2097.52,Khoai,9.1,1728
2019,Thua Thien-Hue,25.78,29.32,22.94,81.81,2097.52,Lua dong xuan,180.8,28.9
2019,Thua Thien-Hue,25.78,29.32,22.94,81.81,2097.52,Lua he thu,145.2,25.5
2019,Thua Thien-Hue,25.78,29.32,22.94,81.81,2097.52,Lua mi,5.68E-14,0.1
2019,Thua Thien-Hue,25.78,29.32,22.94,81.81,2097.52,Lua mua,0.7,0.4
2019,Thua Thien-Hue,25.78,29.32,22.94,81.81,2097.52,Ngo,6.4,1.6
2019,Thua Thien-Hue,25.78,29.32,22.94,81.81,2097.52,San,115.5,6.1
2020,Thua Thien-Hue,25.23,28.61,22.54,84.02,3639.71,Khoai,6.6,1254
2020,Thua Thien-Hue,25.23,28.61,22.54,84.02,3639.71,Lua dong xuan,170.7,28.5
2020,Thua Thien-Hue,25.23,28.61,22.54,84.02,3639.71,Lua he thu,149.1,25.4
2020,Thua Thien-Hue,25.23,28.61,22.54,84.02,3639.71,Lua mi,0.2,7.11E-15
2020,Thua Thien-Hue,25.23,28.61,22.54,84.02,3639.71,Lua mua,0.4,0.4
2020,Thua Thien-Hue,25.23,28.61,22.54,84.02,3639.71,Ngo,5.7,1.4
2020,Thua Thien-Hue,25.23,28.61,22.54,84.02,3639.71,San,68.3,4
2021,Thua Thien-Hue,24.91,28.13,22.33,82.33,3100.53,Khoai,4,710
2021,Thua Thien-Hue,24.91,28.13,22.33,82.33,3100.53,Lua dong xuan,191.8,28.4
2021,Thua Thien-Hue,24.91,28.13,22.33,82.33,3100.53,Lua he thu,150.3,25.4
2021,Thua Thien-Hue,24.91,28.13,22.33,82.33,3100.53,Lua mi,0,0.1
2021,Thua Thien-Hue,24.91,28.13,22.33,82.33,3100.53,Lua mua,0.3,0.2
2021,Thua Thien-Hue,24.91,28.13,22.33,82.33,3100.53,Ngo,5.8,1.4
2021,Thua Thien-Hue,24.91,28.13,22.33,82.33,3100.53,San,77.6,4.2
2022,Thua Thien-Hue,24.55,27.64,22.07,84.49,3645.84,Khoai,3.5,663.3
2022,Thua Thien-Hue,24.55,27.64,22.07,84.49,3645.84,Lua dong xuan,126.8,28.1
2022,Thua Thien-Hue,24.55,27.64,22.07,84.49,3645.84,Lua he thu,139.5,24.4
2022,Thua Thien-Hue,24.55,27.64,22.07,84.49,3645.84,Lua mi,0.1,0
2022,Thua Thien-Hue,24.55,27.64,22.07,84.49,3645.84,Lua mua,0.4,0.2
2022,Thua Thien-Hue,24.55,27.64,22.07,84.49,3645.84,Ngo,5.8,1.5
2022,Thua Thien-Hue,24.55,27.64,22.07,84.49,3645.84,San,88.8,3.7
2023,Thua Thien-Hue,25.25,28.45,22.73,83.43,3311.62,Khoai,3.5,628.7
2023,Thua Thien-Hue,25.25,28.45,22.73,83.43,3311.62,Lua dong xuan,184.9,28
2023,Thua Thien-Hue,25.25,28.45,22.73,83.43,3311.62,Lua he thu,149.5,25.2
2023,Thua Thien-Hue,25.25,28.45,22.73,83.43,3311.62,Lua mi,0,0
2023,Thua Thien-Hue,25.25,28.45,22.73,83.43,3311.62,Lua mua,0.4,0.2
2023,Thua Thien-Hue,25.25,28.45,22.73,83.43,3311.62,Ngo,6,1.5
2023,Thua Thien-Hue,25.25,28.45,22.73,83.43,3311.62,San,80,3.7
2024,Thua Thien-Hue,25.57,28.83,23.01,82.65,3053.78,Khoai,3.7,629.5
2024,Thua Thien-Hue,25.57,28.83,23.01,82.65,3053.78,Lua dong xuan,188.2,27.9
2024,Thua Thien-Hue,25.57,28.83,23.01,82.65,3053.78,Lua he thu,157.4,25.3
2024,Thua Thien-Hue,25.57,28.83,23.01,82.65,3053.78,Lua mi,0,0
2024,Thua Thien-Hue,25.57,28.83,23.01,82.65,3053.78,Lua mua,0.4,0.2
2024,Thua Thien-Hue,25.57,28.83,23.01,82.65,3053.78,Ngo,6.1,1.5
2024,Thua Thien-Hue,25.57,28.83,23.01,82.65,3053.78,San,82.2,3.7
1995,Tien Giang,27.19,31.19,24.51,79.82,1928,Khoai,5.2,0.9
1995,Tien Giang,27.19,31.19,24.51,79.82,1928,Lua dong xuan,435.8,79.3
1995,Tien Giang,27.19,31.19,24.51,79.82,1928,Lua he thu,714,178.6
1995,Tien Giang,27.19,31.19,24.51,79.82,1928,Lua mi,0,0
1995,Tien Giang,27.19,31.19,24.51,79.82,1928,Lua mua,41.8,11.4
1995,Tien Giang,27.19,31.19,24.51,79.82,1928,Ngo,3.2,1.7
1996,Tien Giang,26.85,30.69,24.28,82.32,2158.96,Khoai,5,0.9
1996,Tien Giang,26.85,30.69,24.28,82.32,2158.96,Lua dong xuan,468,87.7
1996,Tien Giang,26.85,30.69,24.28,82.32,2158.96,Lua he thu,741.1,183.6
1996,Tien Giang,26.85,30.69,24.28,82.32,2158.96,Lua mi,2.27E-13,0
1996,Tien Giang,26.85,30.69,24.28,82.32,2158.96,Lua mua,18,8.9
1996,Tien Giang,26.85,30.69,24.28,82.32,2158.96,Ngo,4.6,2.1
1997,Tien Giang,27.29,31.23,24.64,80.12,1586.67,Khoai,6,0.7
1997,Tien Giang,27.29,31.23,24.64,80.12,1586.67,Lua dong xuan,539.7,96.1
1997,Tien Giang,27.29,31.23,24.64,80.12,1586.67,Lua he thu,757.1,185
1997,Tien Giang,27.29,31.23,24.64,80.12,1586.67,Lua mi,-2.27E-13,0
1997,Tien Giang,27.29,31.23,24.64,80.12,1586.67,Lua mua,22.9,7.6
1997,Tien Giang,27.29,31.23,24.64,80.12,1586.67,Ngo,5.4,2.2
1998,Tien Giang,27.84,31.81,25.3,80.07,2056.22,Khoai,5.1,0.7
1998,Tien Giang,27.84,31.81,25.3,80.07,2056.22,Lua dong xuan,512.2,95.2
1998,Tien Giang,27.84,31.81,25.3,80.07,2056.22,Lua he thu,789.1,180.1
1998,Tien Giang,27.84,31.81,25.3,80.07,2056.22,Lua mi,-2.27E-13,0
1998,Tien Giang,27.84,31.81,25.3,80.07,2056.22,Lua mua,18.6,6.2
1998,Tien Giang,27.84,31.81,25.3,80.07,2056.22,Ngo,6.2,2.4
1999,Tien Giang,26.85,30.53,24.46,83.09,2248.11,Khoai,4,0.5
1999,Tien Giang,26.85,30.53,24.46,83.09,2248.11,Lua dong xuan,488.4,95.9
1999,Tien Giang,26.85,30.53,24.46,83.09,2248.11,Lua he thu,804.7,187.2
1999,Tien Giang,26.85,30.53,24.46,83.09,2248.11,Lua mi,0,5.68E-14
1999,Tien Giang,26.85,30.53,24.46,83.09,2248.11,Lua mua,8.6,3.3
1999,Tien Giang,26.85,30.53,24.46,83.09,2248.11,Ngo,6,2.4
2000,Tien Giang,27.1,30.81,24.67,82.43,2108.7,Khoai,3.6,0.5
2000,Tien Giang,27.1,30.81,24.67,82.43,2108.7,Lua dong xuan,537.9,94.7
2000,Tien Giang,27.1,30.81,24.67,82.43,2108.7,Lua he thu,754.5,184.9
2000,Tien Giang,27.1,30.81,24.67,82.43,2108.7,Lua mi,0.2,0.1
2000,Tien Giang,27.1,30.81,24.67,82.43,2108.7,Lua mua,8.7,2.8
2000,Tien Giang,27.1,30.81,24.67,82.43,2108.7,Ngo,6.2,2.5
2001,Tien Giang,27.3,31.07,24.84,81.65,1812.78,Khoai,3.9,0.4
2001,Tien Giang,27.3,31.07,24.84,81.65,1812.78,Lua dong xuan,539,94.2
2001,Tien Giang,27.3,31.07,24.84,81.65,1812.78,Lua he thu,741,179.6
2001,Tien Giang,27.3,31.07,24.84,81.65,1812.78,Lua mi,2.27E-13,-5.68E-14
2001,Tien Giang,27.3,31.07,24.84,81.65,1812.78,Lua mua,7.6,2.3
2001,Tien Giang,27.3,31.07,24.84,81.65,1812.78,Ngo,5.6,2.3
2002,Tien Giang,27.79,31.87,25.16,77.48,1556.49,Khoai,4.1,0.4
2002,Tien Giang,27.79,31.87,25.16,77.48,1556.49,Lua dong xuan,554.4,90.4
2002,Tien Giang,27.79,31.87,25.16,77.48,1556.49,Lua he thu,730.9,174.6
2002,Tien Giang,27.79,31.87,25.16,77.48,1556.49,Lua mi,0,0
2002,Tien Giang,27.79,31.87,25.16,77.48,1556.49,Lua mua,,
2002,Tien Giang,27.79,31.87,25.16,77.48,1556.49,Ngo,8.3,3.2
2003,Tien Giang,27.41,31.23,24.92,79.86,2048.84,Khoai,3.9,0.4
2003,Tien Giang,27.41,31.23,24.92,79.86,2048.84,Lua dong xuan,522.9,89.1
2003,Tien Giang,27.41,31.23,24.92,79.86,2048.84,Lua he thu,745.1,171.7
2003,Tien Giang,27.41,31.23,24.92,79.86,2048.84,Lua mi,0,0
2003,Tien Giang,27.41,31.23,24.92,79.86,2048.84,Lua mua,,
2003,Tien Giang,27.41,31.23,24.92,79.86,2048.84,Ngo,8.6,3.2
2004,Tien Giang,27.33,31.1,24.74,79.3,1584.14,Khoai,3.5,0.3
2004,Tien Giang,27.33,31.1,24.74,79.3,1584.14,Lua dong xuan,528.3,88.1
2004,Tien Giang,27.33,31.1,24.74,79.3,1584.14,Lua he thu,787,171.3
2004,Tien Giang,27.33,31.1,24.74,79.3,1584.14,Lua mi,0,0
2004,Tien Giang,27.33,31.1,24.74,79.3,1584.14,Lua mua,,
2004,Tien Giang,27.33,31.1,24.74,79.3,1584.14,Ngo,9.7,3.1
2005,Tien Giang,27.26,31.03,24.78,79.84,1858.23,Khoai,3.8,0.3
2005,Tien Giang,27.26,31.03,24.78,79.84,1858.23,Lua dong xuan,527.6,85.7
2005,Tien Giang,27.26,31.03,24.78,79.84,1858.23,Lua he thu,775.6,166.2
2005,Tien Giang,27.26,31.03,24.78,79.84,1858.23,Lua mi,0,0
2005,Tien Giang,27.26,31.03,24.78,79.84,1858.23,Lua mua,,
2005,Tien Giang,27.26,31.03,24.78,79.84,1858.23,Ngo,10.8,3.4
2006,Tien Giang,27.32,31.04,24.86,80.61,1938.15,Khoai,1.6,0.1
2006,Tien Giang,27.32,31.04,24.86,80.61,1938.15,Lua dong xuan,501.9,83.9
2006,Tien Giang,27.32,31.04,24.86,80.61,1938.15,Lua he thu,712.4,163.9
2006,Tien Giang,27.32,31.04,24.86,80.61,1938.15,Lua mi,0,0
2006,Tien Giang,27.32,31.04,24.86,80.61,1938.15,Lua mua,,
2006,Tien Giang,27.32,31.04,24.86,80.61,1938.15,Ngo,4.8,1.5
2007,Tien Giang,27.19,30.97,24.73,81.19,2180.8,Khoai,3.3,0.3
2007,Tien Giang,27.19,30.97,24.73,81.19,2180.8,Lua dong xuan,531.2,83.4
2007,Tien Giang,27.19,30.97,24.73,81.19,2180.8,Lua he thu,775.5,163.4
2007,Tien Giang,27.19,30.97,24.73,81.19,2180.8,Lua mi,-2.27E-13,0
2007,Tien Giang,27.19,30.97,24.73,81.19,2180.8,Lua mua,,
2007,Tien Giang,27.19,30.97,24.73,81.19,2180.8,Ngo,13.4,4.2
2008,Tien Giang,27,30.92,24.47,81.47,2129.99,Khoai,3.8,0.3
2008,Tien Giang,27,30.92,24.47,81.47,2129.99,Lua dong xuan,551.2,82.6
2008,Tien Giang,27,30.92,24.47,81.47,2129.99,Lua he thu,769.8,162.3
2008,Tien Giang,27,30.92,24.47,81.47,2129.99,Lua mi,0.1,0
2008,Tien Giang,27,30.92,24.47,81.47,2129.99,Lua mua,,
2008,Tien Giang,27,30.92,24.47,81.47,2129.99,Ngo,15.4,4.6
2009,Tien Giang,27.25,31.11,24.73,81.91,1945.05,Khoai,3.5,0.3
2009,Tien Giang,27.25,31.11,24.73,81.91,1945.05,Lua dong xuan,535.1,82.7
2009,Tien Giang,27.25,31.11,24.73,81.91,1945.05,Lua he thu,772.9,163.7
2009,Tien Giang,27.25,31.11,24.73,81.91,1945.05,Lua mi,0,0
2009,Tien Giang,27.25,31.11,24.73,81.91,1945.05,Lua mua,,
2009,Tien Giang,27.25,31.11,24.73,81.91,1945.05,Ngo,15.6,4.7
2010,Tien Giang,27.72,31.66,25.22,80.53,2244.15,Khoai,3.3,0.3
2010,Tien Giang,27.72,31.66,25.22,80.53,2244.15,Lua dong xuan,537.2,81.9
2010,Tien Giang,27.72,31.66,25.22,80.53,2244.15,Lua he thu,783.4,162.1
2010,Tien Giang,27.72,31.66,25.22,80.53,2244.15,Lua mi,0,0
2010,Tien Giang,27.72,31.66,25.22,80.53,2244.15,Lua mua,,
2010,Tien Giang,27.72,31.66,25.22,80.53,2244.15,Ngo,15.7,4.7
2011,Tien Giang,27.07,30.82,24.64,81.76,2088.25,Khoai,3.8,0.3
2011,Tien Giang,27.07,30.82,24.64,81.76,2088.25,Lua dong xuan,540.4,81
2011,Tien Giang,27.07,30.82,24.64,81.76,2088.25,Lua he thu,792.4,160.8
2011,Tien Giang,27.07,30.82,24.64,81.76,2088.25,Lua mi,0.1,0
2011,Tien Giang,27.07,30.82,24.64,81.76,2088.25,Lua mua,,
2011,Tien Giang,27.07,30.82,24.64,81.76,2088.25,Ngo,16.5,5
2012,Tien Giang,27.56,31.44,25.1,81.22,2063.18,Khoai,4.5,0.4
2012,Tien Giang,27.56,31.44,25.1,81.22,2063.18,Lua dong xuan,562.3,80.6
2012,Tien Giang,27.56,31.44,25.1,81.22,2063.18,Lua he thu,807.7,160.8
2012,Tien Giang,27.56,31.44,25.1,81.22,2063.18,Lua mi,0,0
2012,Tien Giang,27.56,31.44,25.1,81.22,2063.18,Lua mua,,
2012,Tien Giang,27.56,31.44,25.1,81.22,2063.18,Ngo,15.4,4.6
2013,Tien Giang,27.64,31.42,25.22,80.28,1987.51,Khoai,4.1,0.3
2013,Tien Giang,27.64,31.42,25.22,80.28,1987.51,Lua dong xuan,547.5,79.3
2013,Tien Giang,27.64,31.42,25.22,80.28,1987.51,Lua he thu,801.2,156.3
2013,Tien Giang,27.64,31.42,25.22,80.28,1987.51,Lua mi,-2.27E-13,0
2013,Tien Giang,27.64,31.42,25.22,80.28,1987.51,Lua mua,,
2013,Tien Giang,27.64,31.42,25.22,80.28,1987.51,Ngo,14.9,4.3
2014,Tien Giang,27.5,31.41,24.98,80.15,1838.85,Khoai,4.1,0.3
2014,Tien Giang,27.5,31.41,24.98,80.15,1838.85,Lua dong xuan,557.5,77.4
2014,Tien Giang,27.5,31.41,24.98,80.15,1838.85,Lua he thu,812.8,153.2
2014,Tien Giang,27.5,31.41,24.98,80.15,1838.85,Lua mi,0,0
2014,Tien Giang,27.5,31.41,24.98,80.15,1838.85,Lua mua,,
2014,Tien Giang,27.5,31.41,24.98,80.15,1838.85,Ngo,14.5,4
2015,Tien Giang,27.88,31.89,25.26,78.38,1585.28,Khoai,5.4,0.4
2015,Tien Giang,27.88,31.89,25.26,78.38,1585.28,Lua dong xuan,541,75.1
2015,Tien Giang,27.88,31.89,25.26,78.38,1585.28,Lua he thu,803.4,149.6
2015,Tien Giang,27.88,31.89,25.26,78.38,1585.28,Lua mi,0,0
2015,Tien Giang,27.88,31.89,25.26,78.38,1585.28,Lua mua,,
2015,Tien Giang,27.88,31.89,25.26,78.38,1585.28,Ngo,15.8,4.4
2016,Tien Giang,28,31.81,25.57,80.04,2072.7,Khoai,5.7,0.4
2016,Tien Giang,28,31.81,25.57,80.04,2072.7,Lua dong xuan,503.1,74.2
2016,Tien Giang,28,31.81,25.57,80.04,2072.7,Lua he thu,765.1,141.2
2016,Tien Giang,28,31.81,25.57,80.04,2072.7,Lua mi,0.2,-0.1
2016,Tien Giang,28,31.81,25.57,80.04,2072.7,Lua mua,,
2016,Tien Giang,28,31.81,25.57,80.04,2072.7,Ngo,14.8,4.1
2017,Tien Giang,27.68,31.35,25.3,81.85,2228.04,Khoai,6.6,0.4
2017,Tien Giang,27.68,31.35,25.3,81.85,2228.04,Lua dong xuan,470.5,71.6
2017,Tien Giang,27.68,31.35,25.3,81.85,2228.04,Lua he thu,778.8,139.2
2017,Tien Giang,27.68,31.35,25.3,81.85,2228.04,Lua mi,0.1,0
2017,Tien Giang,27.68,31.35,25.3,81.85,2228.04,Lua mua,,
2017,Tien Giang,27.68,31.35,25.3,81.85,2228.04,Ngo,16.1,4.5
2018,Tien Giang,27.69,31.36,25.33,80.88,2097.23,Khoai,6.9,444
2018,Tien Giang,27.69,31.36,25.33,80.88,2097.23,Lua dong xuan,513.2,68.8
2018,Tien Giang,27.69,31.36,25.33,80.88,2097.23,Lua he thu,741.2,132.5
2018,Tien Giang,27.69,31.36,25.33,80.88,2097.23,Lua mi,0.1,0
2018,Tien Giang,27.69,31.36,25.33,80.88,2097.23,Lua mua,,
2018,Tien Giang,27.69,31.36,25.33,80.88,2097.23,Ngo,16.8,4.7
2019,Tien Giang,27.84,31.6,25.3,79.48,1555.35,Khoai,6.9,434
2019,Tien Giang,27.84,31.6,25.3,79.48,1555.35,Lua dong xuan,466.6,64.9
2019,Tien Giang,27.84,31.6,25.3,79.48,1555.35,Lua he thu,656.5,119.4
2019,Tien Giang,27.84,31.6,25.3,79.48,1555.35,Lua mi,0.2,-2.84E-14
2019,Tien Giang,27.84,31.6,25.3,79.48,1555.35,Lua mua,,
2019,Tien Giang,27.84,31.6,25.3,79.48,1555.35,Ngo,14.1,3.9
2020,Tien Giang,27.85,31.64,25.36,79.92,1826,Khoai,7.1,432
2020,Tien Giang,27.85,31.64,25.36,79.92,1826,Lua dong xuan,374,57.6
2020,Tien Giang,27.85,31.64,25.36,79.92,1826,Lua he thu,427.2,78.4
2020,Tien Giang,27.85,31.64,25.36,79.92,1826,Lua mi,0.1,0
2020,Tien Giang,27.85,31.64,25.36,79.92,1826,Lua mua,,
2020,Tien Giang,27.85,31.64,25.36,79.92,1826,Ngo,12.2,3.4
2021,Tien Giang,27.39,31,24.99,81.17,2135.93,Khoai,6.2,341
2021,Tien Giang,27.39,31,24.99,81.17,2135.93,Lua dong xuan,367.2,51.7
2021,Tien Giang,27.39,31,24.99,81.17,2135.93,Lua he thu,469,80.2
2021,Tien Giang,27.39,31,24.99,81.17,2135.93,Lua mi,-1.14E-13,0
2021,Tien Giang,27.39,31,24.99,81.17,2135.93,Lua mua,,
2021,Tien Giang,27.39,31,24.99,81.17,2135.93,Ngo,8.2,2.2
2022,Tien Giang,27.54,31.1,25.21,81.46,2287.68,Khoai,3,174.4
2022,Tien Giang,27.54,31.1,25.21,81.46,2287.68,Lua dong xuan,350.1,49.2
2022,Tien Giang,27.54,31.1,25.21,81.46,2287.68,Lua he thu,488.4,85.7
2022,Tien Giang,27.54,31.1,25.21,81.46,2287.68,Lua mi,0.1,-0.1
2022,Tien Giang,27.54,31.1,25.21,81.46,2287.68,Lua mua,,
2022,Tien Giang,27.54,31.1,25.21,81.46,2287.68,Ngo,8.5,2.4
2023,Tien Giang,27.75,31.3,25.32,82.13,1931.57,Khoai,3,174.8
2023,Tien Giang,27.75,31.3,25.32,82.13,1931.57,Lua dong xuan,336.3,48.2
2023,Tien Giang,27.75,31.3,25.32,82.13,1931.57,Lua he thu,454.7,81.2
2023,Tien Giang,27.75,31.3,25.32,82.13,1931.57,Lua mi,0,-2.84E-14
2023,Tien Giang,27.75,31.3,25.32,82.13,1931.57,Lua mua,,
2023,Tien Giang,27.75,31.3,25.32,82.13,1931.57,Ngo,8.4,2.3
2024,Tien Giang,28.32,31.89,25.89,80.73,1997.26,Khoai,2.3,134.2
2024,Tien Giang,28.32,31.89,25.89,80.73,1997.26,Lua dong xuan,315,44.9
2024,Tien Giang,28.32,31.89,25.89,80.73,1997.26,Lua he thu,431.9,75.5
2024,Tien Giang,28.32,31.89,25.89,80.73,1997.26,Lua mi,0,0
2024,Tien Giang,28.32,31.89,25.89,80.73,1997.26,Lua mua,,
2024,Tien Giang,28.32,31.89,25.89,80.73,1997.26,Ngo,8.6,2.3
1995,Tra Vinh,27.02,29.97,25.03,81.56,1754.79,Khoai,21.7,1.8
1995,Tra Vinh,27.02,29.97,25.03,81.56,1754.79,Lua dong xuan,169.6,35
1995,Tra Vinh,27.02,29.97,25.03,81.56,1754.79,Lua he thu,220.5,50
1995,Tra Vinh,27.02,29.97,25.03,81.56,1754.79,Lua mi,0,0
1995,Tra Vinh,27.02,29.97,25.03,81.56,1754.79,Lua mua,257.3,84.3
1995,Tra Vinh,27.02,29.97,25.03,81.56,1754.79,Ngo,1.4,1.7
1996,Tra Vinh,26.69,29.53,24.75,83.41,2265.84,Khoai,22.3,2.1
1996,Tra Vinh,26.69,29.53,24.75,83.41,2265.84,Lua dong xuan,180.6,39.1
1996,Tra Vinh,26.69,29.53,24.75,83.41,2265.84,Lua he thu,231.2,66.3
1996,Tra Vinh,26.69,29.53,24.75,83.41,2265.84,Lua mi,0,0
1996,Tra Vinh,26.69,29.53,24.75,83.41,2265.84,Lua mua,266.9,53.8
1996,Tra Vinh,26.69,29.53,24.75,83.41,2265.84,Ngo,1,1.8
1997,Tra Vinh,27.11,30.01,25.19,81.55,1540.64,Khoai,27.7,2.4
1997,Tra Vinh,27.11,30.01,25.19,81.55,1540.64,Lua dong xuan,217.7,46
1997,Tra Vinh,27.11,30.01,25.19,81.55,1540.64,Lua he thu,249.8,73.4
1997,Tra Vinh,27.11,30.01,25.19,81.55,1540.64,Lua mi,0,0
1997,Tra Vinh,27.11,30.01,25.19,81.55,1540.64,Lua mua,246.5,81.5
1997,Tra Vinh,27.11,30.01,25.19,81.55,1540.64,Ngo,6.1,2.2
1998,Tra Vinh,27.71,30.64,25.8,81.42,2072.69,Khoai,18,2.1
1998,Tra Vinh,27.71,30.64,25.8,81.42,2072.69,Lua dong xuan,236.1,48.5
1998,Tra Vinh,27.71,30.64,25.8,81.42,2072.69,Lua he thu,261.4,80
1998,Tra Vinh,27.71,30.64,25.8,81.42,2072.69,Lua mi,0,0
1998,Tra Vinh,27.71,30.64,25.8,81.42,2072.69,Lua mua,246.5,81.5
1998,Tra Vinh,27.71,30.64,25.8,81.42,2072.69,Ngo,5.8,2.1
1999,Tra Vinh,26.75,29.53,24.87,83.89,2297.27,Khoai,21.6,1.9
1999,Tra Vinh,26.75,29.53,24.87,83.89,2297.27,Lua dong xuan,219,53.2
1999,Tra Vinh,26.75,29.53,24.87,83.89,2297.27,Lua he thu,338.2,84.6
1999,Tra Vinh,26.75,29.53,24.87,83.89,2297.27,Lua mi,-1.14E-13,0
1999,Tra Vinh,26.75,29.53,24.87,83.89,2297.27,Lua mua,282,94.8
1999,Tra Vinh,26.75,29.53,24.87,83.89,2297.27,Ngo,5.1,1.8
2000,Tra Vinh,26.94,29.71,25.09,83.44,2051,Khoai,22.8,1.8
2000,Tra Vinh,26.94,29.71,25.09,83.44,2051,Lua dong xuan,261.9,53
2000,Tra Vinh,26.94,29.71,25.09,83.44,2051,Lua he thu,363.3,87
2000,Tra Vinh,26.94,29.71,25.09,83.44,2051,Lua mi,-1.14E-13,0
2000,Tra Vinh,26.94,29.71,25.09,83.44,2051,Lua mua,319.5,97
2000,Tra Vinh,26.94,29.71,25.09,83.44,2051,Ngo,7.7,2.6
2001,Tra Vinh,27.09,29.87,25.26,83.12,2035.64,Khoai,26.2,1.7
2001,Tra Vinh,27.09,29.87,25.26,83.12,2035.64,Lua dong xuan,216.4,54.3
2001,Tra Vinh,27.09,29.87,25.26,83.12,2035.64,Lua he thu,326.7,87.6
2001,Tra Vinh,27.09,29.87,25.26,83.12,2035.64,Lua mi,0,-2.84E-14
2001,Tra Vinh,27.09,29.87,25.26,83.12,2035.64,Lua mua,359.2,98.5
2001,Tra Vinh,27.09,29.87,25.26,83.12,2035.64,Ngo,9.6,2.8
2002,Tra Vinh,27.43,30.28,25.58,80.13,1558.35,Khoai,31.3,2.1
2002,Tra Vinh,27.43,30.28,25.58,80.13,1558.35,Lua dong xuan,283.7,55
2002,Tra Vinh,27.43,30.28,25.58,80.13,1558.35,Lua he thu,345.3,84.9
2002,Tra Vinh,27.43,30.28,25.58,80.13,1558.35,Lua mi,0,0
2002,Tra Vinh,27.43,30.28,25.58,80.13,1558.35,Lua mua,376.9,95.9
2002,Tra Vinh,27.43,30.28,25.58,80.13,1558.35,Ngo,12.6,3.5
2003,Tra Vinh,27.18,29.91,25.4,81.62,2101.34,Khoai,20.1,1.6
2003,Tra Vinh,27.18,29.91,25.4,81.62,2101.34,Lua dong xuan,284.6,53.6
2003,Tra Vinh,27.18,29.91,25.4,81.62,2101.34,Lua he thu,362.9,86.6
2003,Tra Vinh,27.18,29.91,25.4,81.62,2101.34,Lua mi,0,2.84E-14
2003,Tra Vinh,27.18,29.91,25.4,81.62,2101.34,Lua mua,398.1,96
2003,Tra Vinh,27.18,29.91,25.4,81.62,2101.34,Ngo,21.4,5.2
2004,Tra Vinh,27.06,29.76,25.24,81,1540.68,Khoai,23.2,1.8
2004,Tra Vinh,27.06,29.76,25.24,81,1540.68,Lua dong xuan,287,53.9
2004,Tra Vinh,27.06,29.76,25.24,81,1540.68,Lua he thu,361.2,86.7
2004,Tra Vinh,27.06,29.76,25.24,81,1540.68,Lua mi,-2.27E-13,0
2004,Tra Vinh,27.06,29.76,25.24,81,1540.68,Lua mua,385.7,95
2004,Tra Vinh,27.06,29.76,25.24,81,1540.68,Ngo,21.2,5
2005,Tra Vinh,27.08,29.84,25.22,81.6,1942.09,Khoai,23.9,1.9
2005,Tra Vinh,27.08,29.84,25.22,81.6,1942.09,Lua dong xuan,300.5,53.6
2005,Tra Vinh,27.08,29.84,25.22,81.6,1942.09,Lua he thu,340.5,84.9
2005,Tra Vinh,27.08,29.84,25.22,81.6,1942.09,Lua mi,0,0
2005,Tra Vinh,27.08,29.84,25.22,81.6,1942.09,Lua mua,387.8,93.9
2005,Tra Vinh,27.08,29.84,25.22,81.6,1942.09,Ngo,23.3,5.2
2006,Tra Vinh,27.16,29.89,25.35,81.83,1915.57,Khoai,29,2.3
2006,Tra Vinh,27.16,29.89,25.35,81.83,1915.57,Lua dong xuan,269.9,52.8
2006,Tra Vinh,27.16,29.89,25.35,81.83,1915.57,Lua he thu,341.8,82.8
2006,Tra Vinh,27.16,29.89,25.35,81.83,1915.57,Lua mi,0,0
2006,Tra Vinh,27.16,29.89,25.35,81.83,1915.57,Lua mua,398.1,92.6
2006,Tra Vinh,27.16,29.89,25.35,81.83,1915.57,Ngo,23.9,5.4
2007,Tra Vinh,27.03,29.81,25.2,82.34,2107.24,Khoai,24.8,1.9
2007,Tra Vinh,27.03,29.81,25.2,82.34,2107.24,Lua dong xuan,229.9,49.7
2007,Tra Vinh,27.03,29.81,25.2,82.34,2107.24,Lua he thu,384.6,81.1
2007,Tra Vinh,27.03,29.81,25.2,82.34,2107.24,Lua mi,1.14E-13,0
2007,Tra Vinh,27.03,29.81,25.2,82.34,2107.24,Lua mua,315.3,93.2
2007,Tra Vinh,27.03,29.81,25.2,82.34,2107.24,Ngo,23.8,5.4
2008,Tra Vinh,26.77,29.66,24.91,83.09,2194.69,Khoai,23.1,1.8
2008,Tra Vinh,26.77,29.66,24.91,83.09,2194.69,Lua dong xuan,294.5,53.7
2008,Tra Vinh,26.77,29.66,24.91,83.09,2194.69,Lua he thu,396.4,82.9
2008,Tra Vinh,26.77,29.66,24.91,83.09,2194.69,Lua mi,0,-2.84E-14
2008,Tra Vinh,26.77,29.66,24.91,83.09,2194.69,Lua mua,395.8,90.3
2008,Tra Vinh,26.77,29.66,24.91,83.09,2194.69,Ngo,28.7,5.3
2009,Tra Vinh,27.07,29.91,25.19,83.28,1827.73,Khoai,29.6,2.1
2009,Tra Vinh,27.07,29.91,25.19,83.28,1827.73,Lua dong xuan,297.5,56.1
2009,Tra Vinh,27.07,29.91,25.19,83.28,1827.73,Lua he thu,396.2,82.4
2009,Tra Vinh,27.07,29.91,25.19,83.28,1827.73,Lua mi,0,0
2009,Tra Vinh,27.07,29.91,25.19,83.28,1827.73,Lua mua,383.1,93.4
2009,Tra Vinh,27.07,29.91,25.19,83.28,1827.73,Ngo,26,5.6
2010,Tra Vinh,27.55,30.43,25.68,81.81,2311.67,Khoai,28.8,1.8
2010,Tra Vinh,27.55,30.43,25.68,81.81,2311.67,Lua dong xuan,346.8,59.5
2010,Tra Vinh,27.55,30.43,25.68,81.81,2311.67,Lua he thu,379,81.4
2010,Tra Vinh,27.55,30.43,25.68,81.81,2311.67,Lua mi,0,2.84E-14
2010,Tra Vinh,27.55,30.43,25.68,81.81,2311.67,Lua mua,430.2,91.8
2010,Tra Vinh,27.55,30.43,25.68,81.81,2311.67,Ngo,27,5.2
2011,Tra Vinh,26.93,29.7,25.13,82.53,1899.25,Khoai,26.1,1.8
2011,Tra Vinh,26.93,29.7,25.13,82.53,1899.25,Lua dong xuan,289.6,61.1
2011,Tra Vinh,26.93,29.7,25.13,82.53,1899.25,Lua he thu,431.9,81
2011,Tra Vinh,26.93,29.7,25.13,82.53,1899.25,Lua mi,0,0
2011,Tra Vinh,26.93,29.7,25.13,82.53,1899.25,Lua mua,433.8,90.9
2011,Tra Vinh,26.93,29.7,25.13,82.53,1899.25,Ngo,29,5.7
2012,Tra Vinh,27.35,30.25,25.51,82.52,1942.28,Khoai,28.9,1.8
2012,Tra Vinh,27.35,30.25,25.51,82.52,1942.28,Lua dong xuan,362.6,58.2
2012,Tra Vinh,27.35,30.25,25.51,82.52,1942.28,Lua he thu,434.8,80.2
2012,Tra Vinh,27.35,30.25,25.51,82.52,1942.28,Lua mi,0,0
2012,Tra Vinh,27.35,30.25,25.51,82.52,1942.28,Lua mua,460.6,89
2012,Tra Vinh,27.35,30.25,25.51,82.52,1942.28,Ngo,26.2,5.5
2013,Tra Vinh,27.34,30,25.58,82.14,2006.86,Khoai,25,1.6
2013,Tra Vinh,27.34,30,25.58,82.14,2006.86,Lua dong xuan,389,64.5
2013,Tra Vinh,27.34,30,25.58,82.14,2006.86,Lua he thu,418.1,80.7
2013,Tra Vinh,27.34,30,25.58,82.14,2006.86,Lua mi,0,0
2013,Tra Vinh,27.34,30,25.58,82.14,2006.86,Lua mua,467.7,90.4
2013,Tra Vinh,27.34,30,25.58,82.14,2006.86,Ngo,28.4,5.3
2014,Tra Vinh,27.29,30.14,25.41,81.61,1830.36,Khoai,23.9,1.5
2014,Tra Vinh,27.29,30.14,25.41,81.61,1830.36,Lua dong xuan,446.2,66.4
2014,Tra Vinh,27.29,30.14,25.41,81.61,1830.36,Lua he thu,407,80.2
2014,Tra Vinh,27.29,30.14,25.41,81.61,1830.36,Lua mi,-2.27E-13,-2.84E-14
2014,Tra Vinh,27.29,30.14,25.41,81.61,1830.36,Lua mua,473.7,89.2
2014,Tra Vinh,27.29,30.14,25.41,81.61,1830.36,Ngo,29.7,5.4
2015,Tra Vinh,27.6,30.48,25.72,80.17,1638.03,Khoai,22,1.4
2015,Tra Vinh,27.6,30.48,25.72,80.17,1638.03,Lua dong xuan,469.3,68.9
2015,Tra Vinh,27.6,30.48,25.72,80.17,1638.03,Lua he thu,859.1,164.3
2015,Tra Vinh,27.6,30.48,25.72,80.17,1638.03,Lua mi,0,0.1
2015,Tra Vinh,27.6,30.48,25.72,80.17,1638.03,Lua mua,11.1,2.6
2015,Tra Vinh,27.6,30.48,25.72,80.17,1638.03,Ngo,30,5.5
2016,Tra Vinh,27.71,30.52,25.91,81.85,2096.92,Khoai,18.9,1.2
2016,Tra Vinh,27.71,30.52,25.91,81.85,2096.92,Lua dong xuan,277.7,68.8
2016,Tra Vinh,27.71,30.52,25.91,81.85,2096.92,Lua he thu,667.9,139.4
2016,Tra Vinh,27.71,30.52,25.91,81.85,2096.92,Lua mi,0,-0.1
2016,Tra Vinh,27.71,30.52,25.91,81.85,2096.92,Lua mua,10.7,2.4
2016,Tra Vinh,27.71,30.52,25.91,81.85,2096.92,Ngo,22.5,4.3
2017,Tra Vinh,27.47,30.19,25.66,82.73,2327.77,Khoai,19,1.2
2017,Tra Vinh,27.47,30.19,25.66,82.73,2327.77,Lua dong xuan,353.3,59.9
2017,Tra Vinh,27.47,30.19,25.66,82.73,2327.77,Lua he thu,773.4,157.9
2017,Tra Vinh,27.47,30.19,25.66,82.73,2327.77,Lua mi,-2.27E-13,2.84E-14
2017,Tra Vinh,27.47,30.19,25.66,82.73,2327.77,Lua mua,10.7,2.4
2017,Tra Vinh,27.47,30.19,25.66,82.73,2327.77,Ngo,22.2,4.2
2018,Tra Vinh,27.48,30.16,25.72,81.78,1896.5,Khoai,18.6,1206
2018,Tra Vinh,27.48,30.16,25.72,81.78,1896.5,Lua dong xuan,445.7,66.4
2018,Tra Vinh,27.48,30.16,25.72,81.78,1896.5,Lua he thu,815,155.1
2018,Tra Vinh,27.48,30.16,25.72,81.78,1896.5,Lua mi,0,0
2018,Tra Vinh,27.48,30.16,25.72,81.78,1896.5,Lua mua,7.4,1.7
2018,Tra Vinh,27.48,30.16,25.72,81.78,1896.5,Ngo,20.4,3.9
2019,Tra Vinh,27.65,30.37,25.81,80.85,1554.99,Khoai,18.9,1134
2019,Tra Vinh,27.65,30.37,25.81,80.85,1554.99,Lua dong xuan,453.9,68.6
2019,Tra Vinh,27.65,30.37,25.81,80.85,1554.99,Lua he thu,795,153.5
2019,Tra Vinh,27.65,30.37,25.81,80.85,1554.99,Lua mi,0,0
2019,Tra Vinh,27.65,30.37,25.81,80.85,1554.99,Lua mua,10,2.2
2019,Tra Vinh,27.65,30.37,25.81,80.85,1554.99,Ngo,20.5,3.7
2020,Tra Vinh,27.68,30.46,25.86,81.05,1947.14,Khoai,19.5,1202
2020,Tra Vinh,27.68,30.46,25.86,81.05,1947.14,Lua dong xuan,214.3,60.5
2020,Tra Vinh,27.68,30.46,25.86,81.05,1947.14,Lua he thu,716.7,142.4
2020,Tra Vinh,27.68,30.46,25.86,81.05,1947.14,Lua mi,-1.14E-13,-0.1
2020,Tra Vinh,27.68,30.46,25.86,81.05,1947.14,Lua mua,8.7,2.3
2020,Tra Vinh,27.68,30.46,25.86,81.05,1947.14,Ngo,20.6,3.7
2021,Tra Vinh,27.23,29.86,25.45,82.41,2238.63,Khoai,20,1217
2021,Tra Vinh,27.23,29.86,25.45,82.41,2238.63,Lua dong xuan,382.6,59.7
2021,Tra Vinh,27.23,29.86,25.45,82.41,2238.63,Lua he thu,759.7,147.9
2021,Tra Vinh,27.23,29.86,25.45,82.41,2238.63,Lua mi,0,0
2021,Tra Vinh,27.23,29.86,25.45,82.41,2238.63,Lua mua,6.5,1.3
2021,Tra Vinh,27.23,29.86,25.45,82.41,2238.63,Ngo,21.5,3.8
2022,Tra Vinh,27.41,30.1,25.64,82.18,2178.73,Khoai,23,1313
2022,Tra Vinh,27.41,30.1,25.64,82.18,2178.73,Lua dong xuan,411.5,63.3
2022,Tra Vinh,27.41,30.1,25.64,82.18,2178.73,Lua he thu,640.3,134.6
2022,Tra Vinh,27.41,30.1,25.64,82.18,2178.73,Lua mi,0,0
2022,Tra Vinh,27.41,30.1,25.64,82.18,2178.73,Lua mua,5.2,1.1
2022,Tra Vinh,27.41,30.1,25.64,82.18,2178.73,Ngo,22.5,3.8
2023,Tra Vinh,27.63,30.27,25.82,82.72,1879.12,Khoai,21.6,1394.6
2023,Tra Vinh,27.63,30.27,25.82,82.72,1879.12,Lua dong xuan,378.7,62.1
2023,Tra Vinh,27.63,30.27,25.82,82.72,1879.12,Lua he thu,726.6,140.2
2023,Tra Vinh,27.63,30.27,25.82,82.72,1879.12,Lua mi,0.1,-2.84E-14
2023,Tra Vinh,27.63,30.27,25.82,82.72,1879.12,Lua mua,5.1,1.1
2023,Tra Vinh,27.63,30.27,25.82,82.72,1879.12,Ngo,23.3,3.8
2024,Tra Vinh,28.1,30.69,26.31,82.07,2090.37,Khoai,24.6,1574.3
2024,Tra Vinh,28.1,30.69,26.31,82.07,2090.37,Lua dong xuan,413.6,61.7
2024,Tra Vinh,28.1,30.69,26.31,82.07,2090.37,Lua he thu,736.1,140
2024,Tra Vinh,28.1,30.69,26.31,82.07,2090.37,Lua mi,0.1,-2.84E-14
2024,Tra Vinh,28.1,30.69,26.31,82.07,2090.37,Lua mua,4.7,1
2024,Tra Vinh,28.1,30.69,26.31,82.07,2090.37,Ngo,25.4,3.9
1995,Tuyen Quang,22.23,25.61,19.36,82.67,2569.8,Khoai,7.9,1.8
1995,Tuyen Quang,22.23,25.61,19.36,82.67,2569.8,Lua dong xuan,43.7,13.9
1995,Tuyen Quang,22.23,25.61,19.36,82.67,2569.8,Lua mi,0,0
1995,Tuyen Quang,22.23,25.61,19.36,82.67,2569.8,Lua mua,90,26.4
1995,Tuyen Quang,22.23,25.61,19.36,82.67,2569.8,Ngo,24.8,12.2
1995,Tuyen Quang,22.23,25.61,19.36,82.67,2569.8,San,38.5,4.5
1996,Tuyen Quang,22.17,25.86,19.1,81.58,2379.63,Khoai,9.5,2.3
1996,Tuyen Quang,22.17,25.86,19.1,81.58,2379.63,Lua dong xuan,53.6,14.4
1996,Tuyen Quang,22.17,25.86,19.1,81.58,2379.63,Lua mi,0,0
1996,Tuyen Quang,22.17,25.86,19.1,81.58,2379.63,Lua mua,95.4,26.2
1996,Tuyen Quang,22.17,25.86,19.1,81.58,2379.63,Ngo,27.1,10.1
1996,Tuyen Quang,22.17,25.86,19.1,81.58,2379.63,San,31.8,4.5
1997,Tuyen Quang,22.68,26.13,19.95,83.4,2522.45,Khoai,8.2,1.8
1997,Tuyen Quang,22.68,26.13,19.95,83.4,2522.45,Lua dong xuan,62,15.6
1997,Tuyen Quang,22.68,26.13,19.95,83.4,2522.45,Lua mi,0,0
1997,Tuyen Quang,22.68,26.13,19.95,83.4,2522.45,Lua mua,93.4,26.1
1997,Tuyen Quang,22.68,26.13,19.95,83.4,2522.45,Ngo,31.7,10.4
1997,Tuyen Quang,22.68,26.13,19.95,83.4,2522.45,San,53.5,4.6
1998,Tuyen Quang,23.35,27.26,20.09,81.72,2103.77,Khoai,10.8,2.6
1998,Tuyen Quang,23.35,27.26,20.09,81.72,2103.77,Lua dong xuan,65.9,16.5
1998,Tuyen Quang,23.35,27.26,20.09,81.72,2103.77,Lua mi,0,7.11E-15
1998,Tuyen Quang,23.35,27.26,20.09,81.72,2103.77,Lua mua,103.5,26.8
1998,Tuyen Quang,23.35,27.26,20.09,81.72,2103.77,Ngo,27.5,9.3
1998,Tuyen Quang,23.35,27.26,20.09,81.72,2103.77,San,30,3.5
1999,Tuyen Quang,22.67,26.32,19.7,83.04,2413.99,Khoai,23.7,4.9
1999,Tuyen Quang,22.67,26.32,19.7,83.04,2413.99,Lua dong xuan,70.3,16.6
1999,Tuyen Quang,22.67,26.32,19.7,83.04,2413.99,Lua mi,0,0
1999,Tuyen Quang,22.67,26.32,19.7,83.04,2413.99,Lua mua,106.8,26.5
1999,Tuyen Quang,22.67,26.32,19.7,83.04,2413.99,Ngo,34,12.4
1999,Tuyen Quang,22.67,26.32,19.7,83.04,2413.99,San,38.8,3.7
2000,Tuyen Quang,22.65,26.2,19.73,81.86,2200.28,Khoai,14.8,2.4
2000,Tuyen Quang,22.65,26.2,19.73,81.86,2200.28,Lua dong xuan,86.2,17.9
2000,Tuyen Quang,22.65,26.2,19.73,81.86,2200.28,Lua mi,0,0
2000,Tuyen Quang,22.65,26.2,19.73,81.86,2200.28,Lua mua,98.3,26.6
2000,Tuyen Quang,22.65,26.2,19.73,81.86,2200.28,Ngo,38.6,11.7
2000,Tuyen Quang,22.65,26.2,19.73,81.86,2200.28,San,38.2,3.7
2001,Tuyen Quang,22.84,26.37,19.88,82.24,2175.84,Khoai,24,4.3
2001,Tuyen Quang,22.84,26.37,19.88,82.24,2175.84,Lua dong xuan,97.8,19.1
2001,Tuyen Quang,22.84,26.37,19.88,82.24,2175.84,Lua mi,0,0
2001,Tuyen Quang,22.84,26.37,19.88,82.24,2175.84,Lua mua,131.9,27
2001,Tuyen Quang,22.84,26.37,19.88,82.24,2175.84,Ngo,44.7,12.6
2001,Tuyen Quang,22.84,26.37,19.88,82.24,2175.84,San,36,3.4
2002,Tuyen Quang,23.04,26.67,20.07,82.92,2355.6,Khoai,18.5,3.5
2002,Tuyen Quang,23.04,26.67,20.07,82.92,2355.6,Lua dong xuan,92.9,19.2
2002,Tuyen Quang,23.04,26.67,20.07,82.92,2355.6,Lua mi,0,0
2002,Tuyen Quang,23.04,26.67,20.07,82.92,2355.6,Lua mua,127.6,26.9
2002,Tuyen Quang,23.04,26.67,20.07,82.92,2355.6,Ngo,49.9,14.2
2002,Tuyen Quang,23.04,26.67,20.07,82.92,2355.6,San,38.7,3.5
2003,Tuyen Quang,23.31,27.26,20,81.62,2130.89,Khoai,21,4.2
2003,Tuyen Quang,23.31,27.26,20,81.62,2130.89,Lua dong xuan,109.9,20.2
2003,Tuyen Quang,23.31,27.26,20,81.62,2130.89,Lua mi,0,0
2003,Tuyen Quang,23.31,27.26,20,81.62,2130.89,Lua mua,134.4,26.8
2003,Tuyen Quang,23.31,27.26,20,81.62,2130.89,Ngo,53,14.1
2003,Tuyen Quang,23.31,27.26,20,81.62,2130.89,San,40.2,3.5
2004,Tuyen Quang,22.51,26.39,19.2,80.98,1798.81,Khoai,26.4,4.7
2004,Tuyen Quang,22.51,26.39,19.2,80.98,1798.81,Lua dong xuan,108.9,19.7
2004,Tuyen Quang,22.51,26.39,19.2,80.98,1798.81,Lua mi,-5.68E-14,0
2004,Tuyen Quang,22.51,26.39,19.2,80.98,1798.81,Lua mua,138.4,26.7
2004,Tuyen Quang,22.51,26.39,19.2,80.98,1798.81,Ngo,56.1,14.3
2004,Tuyen Quang,22.51,26.39,19.2,80.98,1798.81,San,40.5,3.5
2005,Tuyen Quang,22.54,26.16,19.53,82.65,2175.55,Khoai,21,3.8
2005,Tuyen Quang,22.54,26.16,19.53,82.65,2175.55,Lua dong xuan,110.1,19.5
2005,Tuyen Quang,22.54,26.16,19.53,82.65,2175.55,Lua mi,0,0
2005,Tuyen Quang,22.54,26.16,19.53,82.65,2175.55,Lua mua,138.8,26.1
2005,Tuyen Quang,22.54,26.16,19.53,82.65,2175.55,Ngo,59.9,14.7
2005,Tuyen Quang,22.54,26.16,19.53,82.65,2175.55,San,44.4,3.7
2006,Tuyen Quang,23.02,26.82,19.87,81.25,2249.13,Khoai,21.2,3.6
2006,Tuyen Quang,23.02,26.82,19.87,81.25,2249.13,Lua dong xuan,108,19.8
2006,Tuyen Quang,23.02,26.82,19.87,81.25,2249.13,Lua mi,0,0
2006,Tuyen Quang,23.02,26.82,19.87,81.25,2249.13,Lua mua,143.2,26.1
2006,Tuyen Quang,23.02,26.82,19.87,81.25,2249.13,Ngo,56.2,14.5
2006,Tuyen Quang,23.02,26.82,19.87,81.25,2249.13,San,68.8,5.3
2007,Tuyen Quang,22.82,26.69,19.55,81.38,2290.35,Khoai,26,4.4
2007,Tuyen Quang,22.82,26.69,19.55,81.38,2290.35,Lua dong xuan,105.4,19.5
2007,Tuyen Quang,22.82,26.69,19.55,81.38,2290.35,Lua mi,0,0.3
2007,Tuyen Quang,22.82,26.69,19.55,81.38,2290.35,Lua mua,147,26
2007,Tuyen Quang,22.82,26.69,19.55,81.38,2290.35,Ngo,73.2,17.7
2007,Tuyen Quang,22.82,26.69,19.55,81.38,2290.35,San,65,5
2008,Tuyen Quang,22.16,25.91,19.09,81.65,2616.61,Khoai,26.9,4.5
2008,Tuyen Quang,22.16,25.91,19.09,81.65,2616.61,Lua dong xuan,109.9,19.5
2008,Tuyen Quang,22.16,25.91,19.09,81.65,2616.61,Lua mi,0,-0.4
2008,Tuyen Quang,22.16,25.91,19.09,81.65,2616.61,Lua mua,146.7,25.7
2008,Tuyen Quang,22.16,25.91,19.09,81.65,2616.61,Ngo,66.7,16.2
2008,Tuyen Quang,22.16,25.91,19.09,81.65,2616.61,San,83,6.3
2009,Tuyen Quang,23.18,27.12,19.97,79.54,1813.13,Khoai,24.1,3.9
2009,Tuyen Quang,23.18,27.12,19.97,79.54,1813.13,Lua dong xuan,115.3,19.8
2009,Tuyen Quang,23.18,27.12,19.97,79.54,1813.13,Lua mi,0,-7.11E-15
2009,Tuyen Quang,23.18,27.12,19.97,79.54,1813.13,Lua mua,146,25.8
2009,Tuyen Quang,23.18,27.12,19.97,79.54,1813.13,Ngo,62.7,14.8
2009,Tuyen Quang,23.18,27.12,19.97,79.54,1813.13,San,55.2,4.4
2010,Tuyen Quang,23.33,27.24,20.09,79.98,2247.77,Khoai,25.8,4.3
2010,Tuyen Quang,23.33,27.24,20.09,79.98,2247.77,Lua dong xuan,114.7,19.7
2010,Tuyen Quang,23.33,27.24,20.09,79.98,2247.77,Lua mi,0,7.11E-15
2010,Tuyen Quang,23.33,27.24,20.09,79.98,2247.77,Lua mua,147.1,25.7
2010,Tuyen Quang,23.33,27.24,20.09,79.98,2247.77,Ngo,70.7,16.7
2010,Tuyen Quang,23.33,27.24,20.09,79.98,2247.77,San,60.7,4.6
2011,Tuyen Quang,21.8,25.19,18.94,82.35,1844.29,Khoai,23.2,3.8
2011,Tuyen Quang,21.8,25.19,18.94,82.35,1844.29,Lua dong xuan,118.1,19.7
2011,Tuyen Quang,21.8,25.19,18.94,82.35,1844.29,Lua mi,5.68E-14,0
2011,Tuyen Quang,21.8,25.19,18.94,82.35,1844.29,Lua mua,147.8,25.8
2011,Tuyen Quang,21.8,25.19,18.94,82.35,1844.29,Ngo,72.4,16.5
2011,Tuyen Quang,21.8,25.19,18.94,82.35,1844.29,San,76,5.7
2012,Tuyen Quang,22.78,26.22,19.98,83.39,2288.83,Khoai,17.5,2.9
2012,Tuyen Quang,22.78,26.22,19.98,83.39,2288.83,Lua dong xuan,119.4,20.1
2012,Tuyen Quang,22.78,26.22,19.98,83.39,2288.83,Lua mi,5.68E-14,0
2012,Tuyen Quang,22.78,26.22,19.98,83.39,2288.83,Lua mua,147.3,25.7
2012,Tuyen Quang,22.78,26.22,19.98,83.39,2288.83,Ngo,60.4,14.1
2012,Tuyen Quang,22.78,26.22,19.98,83.39,2288.83,San,62.6,4.8
2013,Tuyen Quang,22.79,26.58,19.73,82.69,2378.14,Khoai,22.3,3.6
2013,Tuyen Quang,22.79,26.58,19.73,82.69,2378.14,Lua dong xuan,121,20.3
2013,Tuyen Quang,22.79,26.58,19.73,82.69,2378.14,Lua mi,0,7.11E-15
2013,Tuyen Quang,22.79,26.58,19.73,82.69,2378.14,Lua mua,145.6,25.6
2013,Tuyen Quang,22.79,26.58,19.73,82.69,2378.14,Ngo,71,16.2
2013,Tuyen Quang,22.79,26.58,19.73,82.69,2378.14,San,55.5,4.3
2014,Tuyen Quang,22.86,26.55,19.79,82.84,2396.09,Khoai,21.7,3.5
2014,Tuyen Quang,22.86,26.55,19.79,82.84,2396.09,Lua dong xuan,119.4,20.1
2014,Tuyen Quang,22.86,26.55,19.79,82.84,2396.09,Lua mi,0,0
2014,Tuyen Quang,22.86,26.55,19.79,82.84,2396.09,Lua mua,146,25.5
2014,Tuyen Quang,22.86,26.55,19.79,82.84,2396.09,Ngo,68,15.9
2014,Tuyen Quang,22.86,26.55,19.79,82.84,2396.09,San,54.4,4.2
2015,Tuyen Quang,23.68,27.36,20.71,82.38,2277.47,Khoai,23.3,3.8
2015,Tuyen Quang,23.68,27.36,20.71,82.38,2277.47,Lua dong xuan,120.6,20.2
2015,Tuyen Quang,23.68,27.36,20.71,82.38,2277.47,Lua mi,0,0
2015,Tuyen Quang,23.68,27.36,20.71,82.38,2277.47,Lua mua,145.7,25.4
2015,Tuyen Quang,23.68,27.36,20.71,82.38,2277.47,Ngo,81,18.6
2015,Tuyen Quang,23.68,27.36,20.71,82.38,2277.47,San,59.8,4.6
2016,Tuyen Quang,23.45,27.26,20.29,80.79,1989.59,Khoai,19.5,3.2
2016,Tuyen Quang,23.45,27.26,20.29,80.79,1989.59,Lua dong xuan,119.8,20
2016,Tuyen Quang,23.45,27.26,20.29,80.79,1989.59,Lua mi,-5.68E-14,0
2016,Tuyen Quang,23.45,27.26,20.29,80.79,1989.59,Lua mua,144.5,25.1
2016,Tuyen Quang,23.45,27.26,20.29,80.79,1989.59,Ngo,80.4,18.4
2016,Tuyen Quang,23.45,27.26,20.29,80.79,1989.59,San,57.6,4.4
2017,Tuyen Quang,23.08,26.54,20.29,82.88,2575.67,Khoai,19.8,3.2
2017,Tuyen Quang,23.08,26.54,20.29,82.88,2575.67,Lua dong xuan,118.4,19.8
2017,Tuyen Quang,23.08,26.54,20.29,82.88,2575.67,Lua mi,0,0
2017,Tuyen Quang,23.08,26.54,20.29,82.88,2575.67,Lua mua,144.5,25.3
2017,Tuyen Quang,23.08,26.54,20.29,82.88,2575.67,Ngo,81.6,18.6
2017,Tuyen Quang,23.08,26.54,20.29,82.88,2575.67,San,52.1,3.9
2018,Tuyen Quang,23.15,26.74,20.29,83.56,2504.37,Khoai,19.3,3095
2018,Tuyen Quang,23.15,26.74,20.29,83.56,2504.37,Lua dong xuan,118.5,19.6
2018,Tuyen Quang,23.15,26.74,20.29,83.56,2504.37,Lua mi,5.68E-14,0
2018,Tuyen Quang,23.15,26.74,20.29,83.56,2504.37,Lua mua,143.9,25.2
2018,Tuyen Quang,23.15,26.74,20.29,83.56,2504.37,Ngo,77.9,17.5
2018,Tuyen Quang,23.15,26.74,20.29,83.56,2504.37,San,44.4,3.3
2019,Tuyen Quang,23.6,27.31,20.56,84,2386.7,Khoai,16.6,2648
2019,Tuyen Quang,23.6,27.31,20.56,84,2386.7,Lua dong xuan,115.5,19.2
2019,Tuyen Quang,23.6,27.31,20.56,84,2386.7,Lua mi,0,0
2019,Tuyen Quang,23.6,27.31,20.56,84,2386.7,Lua mua,144.4,25.1
2019,Tuyen Quang,23.6,27.31,20.56,84,2386.7,Ngo,82.8,18.7
2019,Tuyen Quang,23.6,27.31,20.56,84,2386.7,San,35.4,2.6
2020,Tuyen Quang,23.1,26.69,20.2,83.43,2511.84,Khoai,13.3,2179
2020,Tuyen Quang,23.1,26.69,20.2,83.43,2511.84,Lua dong xuan,115.8,19.3
2020,Tuyen Quang,23.1,26.69,20.2,83.43,2511.84,Lua mi,0,0
2020,Tuyen Quang,23.1,26.69,20.2,83.43,2511.84,Lua mua,145.6,25.2
2020,Tuyen Quang,23.1,26.69,20.2,83.43,2511.84,Ngo,87.6,19.2
2020,Tuyen Quang,23.1,26.69,20.2,83.43,2511.84,San,31.8,2.3
2021,Tuyen Quang,23.31,27.03,20.26,81.85,2129.47,Khoai,15.6,2496
2021,Tuyen Quang,23.31,27.03,20.26,81.85,2129.47,Lua dong xuan,115.5,19.1
2021,Tuyen Quang,23.31,27.03,20.26,81.85,2129.47,Lua mi,0.1,0
2021,Tuyen Quang,23.31,27.03,20.26,81.85,2129.47,Lua mua,146.1,25.1
2021,Tuyen Quang,23.31,27.03,20.26,81.85,2129.47,Ngo,85.6,18.5
2021,Tuyen Quang,23.31,27.03,20.26,81.85,2129.47,San,28.3,2.1
2022,Tuyen Quang,22.9,26.54,19.92,82.36,2318.17,Khoai,12.9,2057.1
2022,Tuyen Quang,22.9,26.54,19.92,82.36,2318.17,Lua dong xuan,114.6,19
2022,Tuyen Quang,22.9,26.54,19.92,82.36,2318.17,Lua mi,0,0
2022,Tuyen Quang,22.9,26.54,19.92,82.36,2318.17,Lua mua,145.7,24.8
2022,Tuyen Quang,22.9,26.54,19.92,82.36,2318.17,Ngo,85.7,18.5
2022,Tuyen Quang,22.9,26.54,19.92,82.36,2318.17,San,22.8,1.5
2023,Tuyen Quang,23.67,27.41,20.53,81.26,2262.7,Khoai,12.3,1961.4
2023,Tuyen Quang,23.67,27.41,20.53,81.26,2262.7,Lua dong xuan,113.1,18.7
2023,Tuyen Quang,23.67,27.41,20.53,81.26,2262.7,Lua mi,0,0
2023,Tuyen Quang,23.67,27.41,20.53,81.26,2262.7,Lua mua,143.9,24.3
2023,Tuyen Quang,23.67,27.41,20.53,81.26,2262.7,Ngo,86.8,18.8
2023,Tuyen Quang,23.67,27.41,20.53,81.26,2262.7,San,20.5,1.5
2024,Tuyen Quang,23.76,27.36,20.85,82.84,2637.4,Khoai,10.2,1627.3
2024,Tuyen Quang,23.76,27.36,20.85,82.84,2637.4,Lua dong xuan,111.8,18.5
2024,Tuyen Quang,23.76,27.36,20.85,82.84,2637.4,Lua mi,0,-0.1
2024,Tuyen Quang,23.76,27.36,20.85,82.84,2637.4,Lua mua,133.8,22.8
2024,Tuyen Quang,23.76,27.36,20.85,82.84,2637.4,Ngo,85.7,18.5
2024,Tuyen Quang,23.76,27.36,20.85,82.84,2637.4,San,21.8,1.5
1995,Vinh Long,27.13,31.25,24.41,80.38,1831.63,Khoai,44.6,1.9
1995,Vinh Long,27.13,31.25,24.41,80.38,1831.63,Lua dong xuan,379.9,72.7
1995,Vinh Long,27.13,31.25,24.41,80.38,1831.63,Lua he thu,446.7,124
1995,Vinh Long,27.13,31.25,24.41,80.38,1831.63,Lua mi,0,0
1995,Vinh Long,27.13,31.25,24.41,80.38,1831.63,Lua mua,35,9.3
1995,Vinh Long,27.13,31.25,24.41,80.38,1831.63,Ngo,1,0.7
1995,Vinh Long,27.13,31.25,24.41,80.38,1831.63,San,5.2,0.4
1996,Vinh Long,26.73,30.63,24.17,83.2,2254.34,Khoai,40.8,2.1
1996,Vinh Long,26.73,30.63,24.17,83.2,2254.34,Lua dong xuan,410.6,73.8
1996,Vinh Long,26.73,30.63,24.17,83.2,2254.34,Lua he thu,457.6,131.3
1996,Vinh Long,26.73,30.63,24.17,83.2,2254.34,Lua mi,-1.14E-13,-2.84E-14
1996,Vinh Long,26.73,30.63,24.17,83.2,2254.34,Lua mua,17,4.7
1996,Vinh Long,26.73,30.63,24.17,83.2,2254.34,Ngo,1.1,0.8
1996,Vinh Long,26.73,30.63,24.17,83.2,2254.34,San,3.5,0.3
1997,Vinh Long,27.16,31.17,24.53,81.12,1592.53,Khoai,51.2,2.2
1997,Vinh Long,27.16,31.17,24.53,81.12,1592.53,Lua dong xuan,422.3,74.8
1997,Vinh Long,27.16,31.17,24.53,81.12,1592.53,Lua he thu,433.2,118.8
1997,Vinh Long,27.16,31.17,24.53,81.12,1592.53,Lua mi,0,2.84E-14
1997,Vinh Long,27.16,31.17,24.53,81.12,1592.53,Lua mua,18.3,4.5
1997,Vinh Long,27.16,31.17,24.53,81.12,1592.53,Ngo,1,0.7
1997,Vinh Long,27.16,31.17,24.53,81.12,1592.53,San,2.8,0.2
1998,Vinh Long,27.78,31.88,25.19,80.55,2099.06,Khoai,19,2.4
1998,Vinh Long,27.78,31.88,25.19,80.55,2099.06,Lua dong xuan,449,75.9
1998,Vinh Long,27.78,31.88,25.19,80.55,2099.06,Lua he thu,509.8,150.2
1998,Vinh Long,27.78,31.88,25.19,80.55,2099.06,Lua mi,0,0
1998,Vinh Long,27.78,31.88,25.19,80.55,2099.06,Lua mua,10.7,2.4
1998,Vinh Long,27.78,31.88,25.19,80.55,2099.06,Ngo,1.2,0.7
1998,Vinh Long,27.78,31.88,25.19,80.55,2099.06,San,1.8,0.3
1999,Vinh Long,26.71,30.39,24.36,84.14,2318.95,Khoai,43.1,2.5
1999,Vinh Long,26.71,30.39,24.36,84.14,2318.95,Lua dong xuan,417.1,76.2
1999,Vinh Long,26.71,30.39,24.36,84.14,2318.95,Lua he thu,540.4,145.9
1999,Vinh Long,26.71,30.39,24.36,84.14,2318.95,Lua mi,0,0
1999,Vinh Long,26.71,30.39,24.36,84.14,2318.95,Lua mua,8.5,2.1
1999,Vinh Long,26.71,30.39,24.36,84.14,2318.95,Ngo,1.3,0.8
1999,Vinh Long,26.71,30.39,24.36,84.14,2318.95,San,3.3,0.3
2000,Vinh Long,26.99,30.73,24.59,83.33,2067.92,Khoai,46.2,2.5
2000,Vinh Long,26.99,30.73,24.59,83.33,2067.92,Lua dong xuan,434.2,76
2000,Vinh Long,26.99,30.73,24.59,83.33,2067.92,Lua he thu,492.2,128.8
2000,Vinh Long,26.99,30.73,24.59,83.33,2067.92,Lua mi,0,0
2000,Vinh Long,26.99,30.73,24.59,83.33,2067.92,Lua mua,14.6,3.8
2000,Vinh Long,26.99,30.73,24.59,83.33,2067.92,Ngo,1.2,0.6
2000,Vinh Long,26.99,30.73,24.59,83.33,2067.92,San,3.1,0.2
2001,Vinh Long,27.12,30.85,24.74,83.12,1983.58,Khoai,61.3,2.8
2001,Vinh Long,27.12,30.85,24.74,83.12,1983.58,Lua dong xuan,403.4,75.9
2001,Vinh Long,27.12,30.85,24.74,83.12,1983.58,Lua he thu,497.5,137.9
2001,Vinh Long,27.12,30.85,24.74,83.12,1983.58,Lua mi,0,0
2001,Vinh Long,27.12,30.85,24.74,83.12,1983.58,Lua mua,10.3,2.5
2001,Vinh Long,27.12,30.85,24.74,83.12,1983.58,Ngo,1.3,0.7
2001,Vinh Long,27.12,30.85,24.74,83.12,1983.58,San,3.5,0.3
2002,Vinh Long,27.72,31.8,25.09,78.09,1518.08,Khoai,110.7,4.2
2002,Vinh Long,27.72,31.8,25.09,78.09,1518.08,Lua dong xuan,444.3,74.5
2002,Vinh Long,27.72,31.8,25.09,78.09,1518.08,Lua he thu,509.4,133
2002,Vinh Long,27.72,31.8,25.09,78.09,1518.08,Lua mi,0,0
2002,Vinh Long,27.72,31.8,25.09,78.09,1518.08,Lua mua,9.6,2.3
2002,Vinh Long,27.72,31.8,25.09,78.09,1518.08,Ngo,2,1.1
2002,Vinh Long,27.72,31.8,25.09,78.09,1518.08,San,2.8,0.2
2003,Vinh Long,27.3,31.15,24.82,80.84,2092.58,Khoai,105.8,3.8
2003,Vinh Long,27.3,31.15,24.82,80.84,2092.58,Lua dong xuan,421.9,72.7
2003,Vinh Long,27.3,31.15,24.82,80.84,2092.58,Lua he thu,503.4,131.9
2003,Vinh Long,27.3,31.15,24.82,80.84,2092.58,Lua mi,1.14E-13,0
2003,Vinh Long,27.3,31.15,24.82,80.84,2092.58,Lua mua,11.1,2.4
2003,Vinh Long,27.3,31.15,24.82,80.84,2092.58,Ngo,1.8,0.9
2003,Vinh Long,27.3,31.15,24.82,80.84,2092.58,San,2.1,0.2
2004,Vinh Long,27.22,31,24.63,80.16,1550.9,Khoai,133.6,4.9
2004,Vinh Long,27.22,31,24.63,80.16,1550.9,Lua dong xuan,422.6,71.5
2004,Vinh Long,27.22,31,24.63,80.16,1550.9,Lua he thu,532.7,134.8
2004,Vinh Long,27.22,31,24.63,80.16,1550.9,Lua mi,0,0
2004,Vinh Long,27.22,31,24.63,80.16,1550.9,Lua mua,8.3,1.8
2004,Vinh Long,27.22,31,24.63,80.16,1550.9,Ngo,1.5,0.8
2004,Vinh Long,27.22,31,24.63,80.16,1550.9,San,1.8,0.1
2005,Vinh Long,27.21,31.06,24.7,80.33,1910.41,Khoai,152,5.2
2005,Vinh Long,27.21,31.06,24.7,80.33,1910.41,Lua dong xuan,437.7,70.9
2005,Vinh Long,27.21,31.06,24.7,80.33,1910.41,Lua he thu,535.3,132.2
2005,Vinh Long,27.21,31.06,24.7,80.33,1910.41,Lua mi,0,0
2005,Vinh Long,27.21,31.06,24.7,80.33,1910.41,Lua mua,,
2005,Vinh Long,27.21,31.06,24.7,80.33,1910.41,Ngo,1.5,0.8
2005,Vinh Long,27.21,31.06,24.7,80.33,1910.41,San,2.4,0.2
2006,Vinh Long,27.2,30.91,24.79,81.51,1977.58,Khoai,177.6,6
2006,Vinh Long,27.2,30.91,24.79,81.51,1977.58,Lua dong xuan,424.9,69.7
2006,Vinh Long,27.2,30.91,24.79,81.51,1977.58,Lua he thu,507.4,126.8
2006,Vinh Long,27.2,30.91,24.79,81.51,1977.58,Lua mi,0,0
2006,Vinh Long,27.2,30.91,24.79,81.51,1977.58,Lua mua,,
2006,Vinh Long,27.2,30.91,24.79,81.51,1977.58,Ngo,1.7,0.9
2006,Vinh Long,27.2,30.91,24.79,81.51,1977.58,San,3,0.2
2007,Vinh Long,27.12,30.95,24.65,81.84,2124.64,Khoai,182,6.1
2007,Vinh Long,27.12,30.95,24.65,81.84,2124.64,Lua dong xuan,418.8,68.5
2007,Vinh Long,27.12,30.95,24.65,81.84,2124.64,Lua he thu,392,89.8
2007,Vinh Long,27.12,30.95,24.65,81.84,2124.64,Lua mi,0,0
2007,Vinh Long,27.12,30.95,24.65,81.84,2124.64,Lua mua,,
2007,Vinh Long,27.12,30.95,24.65,81.84,2124.64,Ngo,2,1
2007,Vinh Long,27.12,30.95,24.65,81.84,2124.64,San,3,0.2
2008,Vinh Long,26.89,30.84,24.39,82.28,2215.14,Khoai,142.8,5
2008,Vinh Long,26.89,30.84,24.39,82.28,2215.14,Lua dong xuan,431.3,68.2
2008,Vinh Long,26.89,30.84,24.39,82.28,2215.14,Lua he thu,464.8,109.2
2008,Vinh Long,26.89,30.84,24.39,82.28,2215.14,Lua mi,-1.14E-13,0
2008,Vinh Long,26.89,30.84,24.39,82.28,2215.14,Lua mua,,
2008,Vinh Long,26.89,30.84,24.39,82.28,2215.14,Ngo,2.2,1.1
2008,Vinh Long,26.89,30.84,24.39,82.28,2215.14,San,2.8,0.2
2009,Vinh Long,27.09,30.93,24.62,83.18,1849.96,Khoai,148.8,5.1
2009,Vinh Long,27.09,30.93,24.62,83.18,1849.96,Lua dong xuan,427.5,67.6
2009,Vinh Long,27.09,30.93,24.62,83.18,1849.96,Lua he thu,483.9,109.1
2009,Vinh Long,27.09,30.93,24.62,83.18,1849.96,Lua mi,0,2.84E-14
2009,Vinh Long,27.09,30.93,24.62,83.18,1849.96,Lua mua,,
2009,Vinh Long,27.09,30.93,24.62,83.18,1849.96,Ngo,2.5,1.2
2009,Vinh Long,27.09,30.93,24.62,83.18,1849.96,San,3.1,0.2
2010,Vinh Long,27.67,31.75,25.12,81.01,2259.28,Khoai,170.7,5.8
2010,Vinh Long,27.67,31.75,25.12,81.01,2259.28,Lua dong xuan,453.9,66.9
2010,Vinh Long,27.67,31.75,25.12,81.01,2259.28,Lua he thu,475,103.1
2010,Vinh Long,27.67,31.75,25.12,81.01,2259.28,Lua mi,1.14E-13,0
2010,Vinh Long,27.67,31.75,25.12,81.01,2259.28,Lua mua,,
2010,Vinh Long,27.67,31.75,25.12,81.01,2259.28,Ngo,2.8,1.3
2010,Vinh Long,27.67,31.75,25.12,81.01,2259.28,San,3.1,0.2
2011,Vinh Long,26.94,30.66,24.58,82.89,2094.75,Khoai,248.2,8.5
2011,Vinh Long,26.94,30.66,24.58,82.89,2094.75,Lua dong xuan,434.8,65.8
2011,Vinh Long,26.94,30.66,24.58,82.89,2094.75,Lua he thu,597.5,115.7
2011,Vinh Long,26.94,30.66,24.58,82.89,2094.75,Lua mi,0,0
2011,Vinh Long,26.94,30.66,24.58,82.89,2094.75,Lua mua,,
2011,Vinh Long,26.94,30.66,24.58,82.89,2094.75,Ngo,3.2,1.5
2011,Vinh Long,26.94,30.66,24.58,82.89,2094.75,San,15.4,0.2
2012,Vinh Long,27.41,31.32,24.99,82.42,2066.59,Khoai,344.7,11.8
2012,Vinh Long,27.41,31.32,24.99,82.42,2066.59,Lua dong xuan,434.5,63.8
2012,Vinh Long,27.41,31.32,24.99,82.42,2066.59,Lua he thu,645.1,122.1
2012,Vinh Long,27.41,31.32,24.99,82.42,2066.59,Lua mi,2.27E-13,0
2012,Vinh Long,27.41,31.32,24.99,82.42,2066.59,Lua mua,,
2012,Vinh Long,27.41,31.32,24.99,82.42,2066.59,Ngo,3.3,1.5
2012,Vinh Long,27.41,31.32,24.99,82.42,2066.59,San,3.2,0.2
2013,Vinh Long,27.46,31.19,25.1,81.63,2024.18,Khoai,289.6,10.1
2013,Vinh Long,27.46,31.19,25.1,81.63,2024.18,Lua dong xuan,422,63.5
2013,Vinh Long,27.46,31.19,25.1,81.63,2024.18,Lua he thu,641.7,118.4
2013,Vinh Long,27.46,31.19,25.1,81.63,2024.18,Lua mi,0,0
2013,Vinh Long,27.46,31.19,25.1,81.63,2024.18,Lua mua,,
2013,Vinh Long,27.46,31.19,25.1,81.63,2024.18,Ngo,2.6,1.1
2013,Vinh Long,27.46,31.19,25.1,81.63,2024.18,San,2.7,0.2
2014,Vinh Long,27.37,31.33,24.86,81.38,1927.55,Khoai,343.2,11.9
2014,Vinh Long,27.37,31.33,24.86,81.38,1927.55,Lua dong xuan,435.9,61.5
2014,Vinh Long,27.37,31.33,24.86,81.38,1927.55,Lua he thu,651.3,118.7
2014,Vinh Long,27.37,31.33,24.86,81.38,1927.55,Lua mi,0,2.84E-14
2014,Vinh Long,27.37,31.33,24.86,81.38,1927.55,Lua mua,,
2014,Vinh Long,27.37,31.33,24.86,81.38,1927.55,Ngo,2.6,1.1
2014,Vinh Long,27.37,31.33,24.86,81.38,1927.55,San,2.9,0.2
2015,Vinh Long,27.78,31.86,25.15,79.1,1631.53,Khoai,310.4,11.3
2015,Vinh Long,27.78,31.86,25.15,79.1,1631.53,Lua dong xuan,437,61
2015,Vinh Long,27.78,31.86,25.15,79.1,1631.53,Lua he thu,657.7,119.5
2015,Vinh Long,27.78,31.86,25.15,79.1,1631.53,Lua mi,-2.27E-13,0
2015,Vinh Long,27.78,31.86,25.15,79.1,1631.53,Lua mua,,
2015,Vinh Long,27.78,31.86,25.15,79.1,1631.53,Ngo,2.9,1.2
2015,Vinh Long,27.78,31.86,25.15,79.1,1631.53,San,3,0.2
2016,Vinh Long,27.91,31.79,25.45,80.64,2076.27,Khoai,294.3,11
2016,Vinh Long,27.91,31.79,25.45,80.64,2076.27,Lua dong xuan,390.5,61.2
2016,Vinh Long,27.91,31.79,25.45,80.64,2076.27,Lua he thu,548.2,115.3
2016,Vinh Long,27.91,31.79,25.45,80.64,2076.27,Lua mi,0,-2.84E-14
2016,Vinh Long,27.91,31.79,25.45,80.64,2076.27,Lua mua,,
2016,Vinh Long,27.91,31.79,25.45,80.64,2076.27,Ngo,3,1.3
2016,Vinh Long,27.91,31.79,25.45,80.64,2076.27,San,2.9,0.2
2017,Vinh Long,27.5,31.13,25.19,83.06,2323.73,Khoai,358,13.8
2017,Vinh Long,27.5,31.13,25.19,83.06,2323.73,Lua dong xuan,354.1,59
2017,Vinh Long,27.5,31.13,25.19,83.06,2323.73,Lua he thu,588.4,110.4
2017,Vinh Long,27.5,31.13,25.19,83.06,2323.73,Lua mi,0,0
2017,Vinh Long,27.5,31.13,25.19,83.06,2323.73,Lua mua,,
2017,Vinh Long,27.5,31.13,25.19,83.06,2323.73,Ngo,3.4,1.4
2017,Vinh Long,27.5,31.13,25.19,83.06,2323.73,San,2.8,0.2
2018,Vinh Long,27.56,31.22,25.22,81.75,2053.11,Khoai,381.4,14718
2018,Vinh Long,27.56,31.22,25.22,81.75,2053.11,Lua dong xuan,371.8,56.2
2018,Vinh Long,27.56,31.22,25.22,81.75,2053.11,Lua he thu,597.7,105.7
2018,Vinh Long,27.56,31.22,25.22,81.75,2053.11,Lua mi,0,0
2018,Vinh Long,27.56,31.22,25.22,81.75,2053.11,Lua mua,,
2018,Vinh Long,27.56,31.22,25.22,81.75,2053.11,Ngo,3.9,1.6
2018,Vinh Long,27.56,31.22,25.22,81.75,2053.11,San,2.7,0.2
2019,Vinh Long,27.69,31.48,25.16,80.46,1640.94,Khoai,389.2,13843
2019,Vinh Long,27.69,31.48,25.16,80.46,1640.94,Lua dong xuan,345.7,55.2
2019,Vinh Long,27.69,31.48,25.16,80.46,1640.94,Lua he thu,562.6,100.3
2019,Vinh Long,27.69,31.48,25.16,80.46,1640.94,Lua mi,0,-0.1
2019,Vinh Long,27.69,31.48,25.16,80.46,1640.94,Lua mua,,
2019,Vinh Long,27.69,31.48,25.16,80.46,1640.94,Ngo,4.1,1.6
2019,Vinh Long,27.69,31.48,25.16,80.46,1640.94,San,2.6,0.2
2020,Vinh Long,27.8,31.66,25.3,80.24,1933.3,Khoai,358.1,12803
2020,Vinh Long,27.8,31.66,25.3,80.24,1933.3,Lua dong xuan,360.3,52.4
2020,Vinh Long,27.8,31.66,25.3,80.24,1933.3,Lua he thu,534.8,93.4
2020,Vinh Long,27.8,31.66,25.3,80.24,1933.3,Lua mi,-0.1,-2.84E-14
2020,Vinh Long,27.8,31.66,25.3,80.24,1933.3,Lua mua,,
2020,Vinh Long,27.8,31.66,25.3,80.24,1933.3,Ngo,3.8,1.4
2020,Vinh Long,27.8,31.66,25.3,80.24,1933.3,San,2.7,0.2
2021,Vinh Long,27.26,30.87,24.91,82.33,2224.62,Khoai,235.2,8444
2021,Vinh Long,27.26,30.87,24.91,82.33,2224.62,Lua dong xuan,335.3,47.5
2021,Vinh Long,27.26,30.87,24.91,82.33,2224.62,Lua he thu,482.6,87
2021,Vinh Long,27.26,30.87,24.91,82.33,2224.62,Lua mi,0,-0.1
2021,Vinh Long,27.26,30.87,24.91,82.33,2224.62,Lua mua,,
2021,Vinh Long,27.26,30.87,24.91,82.33,2224.62,Ngo,3.7,1.4
2021,Vinh Long,27.26,30.87,24.91,82.33,2224.62,San,2.7,0.2
2022,Vinh Long,27.44,31.03,25.14,82.31,2253.6,Khoai,29.5,991.8
2022,Vinh Long,27.44,31.03,25.14,82.31,2253.6,Lua dong xuan,324.8,46.4
2022,Vinh Long,27.44,31.03,25.14,82.31,2253.6,Lua he thu,354.9,66
2022,Vinh Long,27.44,31.03,25.14,82.31,2253.6,Lua mi,0,-0.1
2022,Vinh Long,27.44,31.03,25.14,82.31,2253.6,Lua mua,,
2022,Vinh Long,27.44,31.03,25.14,82.31,2253.6,Ngo,3.9,1.4
2022,Vinh Long,27.44,31.03,25.14,82.31,2253.6,San,2.8,0.2
2023,Vinh Long,27.7,31.26,25.3,82.76,1924.33,Khoai,33.6,1091.9
2023,Vinh Long,27.7,31.26,25.3,82.76,1924.33,Lua dong xuan,274,39.8
2023,Vinh Long,27.7,31.26,25.3,82.76,1924.33,Lua he thu,402.2,72.9
2023,Vinh Long,27.7,31.26,25.3,82.76,1924.33,Lua mi,-1.14E-13,-1.42E-14
2023,Vinh Long,27.7,31.26,25.3,82.76,1924.33,Lua mua,,
2023,Vinh Long,27.7,31.26,25.3,82.76,1924.33,Ngo,4.6,1.4
2023,Vinh Long,27.7,31.26,25.3,82.76,1924.33,San,2.6,0.2
2024,Vinh Long,28.26,31.85,25.84,81.57,2028.69,Khoai,31.9,1013.3
2024,Vinh Long,28.26,31.85,25.84,81.57,2028.69,Lua dong xuan,270.2,38.1
2024,Vinh Long,28.26,31.85,25.84,81.57,2028.69,Lua he thu,407.8,71.8
2024,Vinh Long,28.26,31.85,25.84,81.57,2028.69,Lua mi,0,0.1
2024,Vinh Long,28.26,31.85,25.84,81.57,2028.69,Lua mua,,
2024,Vinh Long,28.26,31.85,25.84,81.57,2028.69,Ngo,5.1,1.4
2024,Vinh Long,28.26,31.85,25.84,81.57,2028.69,San,2.5,0.2
1995,Vinh Phuc,23.46,26.83,20.71,80.3,1963.68,Khoai,47.3,8
1995,Vinh Phuc,23.46,26.83,20.71,80.3,1963.68,Lua dong xuan,110.8,36.9
1995,Vinh Phuc,23.46,26.83,20.71,80.3,1963.68,Lua mi,0,0
1995,Vinh Phuc,23.46,26.83,20.71,80.3,1963.68,Lua mua,105.3,35.1
1995,Vinh Phuc,23.46,26.83,20.71,80.3,1963.68,Ngo,38.5,16.2
1996,Vinh Phuc,23.36,26.95,20.44,79.64,2074.29,Khoai,36.3,7.9
1996,Vinh Phuc,23.36,26.95,20.44,79.64,2074.29,Lua dong xuan,125.9,35.5
1996,Vinh Phuc,23.36,26.95,20.44,79.64,2074.29,Lua mi,0,0
1996,Vinh Phuc,23.36,26.95,20.44,79.64,2074.29,Lua mua,93.2,32.4
1996,Vinh Phuc,23.36,26.95,20.44,79.64,2074.29,Ngo,50.1,19.3
1997,Vinh Phuc,23.93,27.29,21.26,80.99,2056.31,Khoai,44.1,7.5
1997,Vinh Phuc,23.93,27.29,21.26,80.99,2056.31,Lua dong xuan,140.6,37.6
1997,Vinh Phuc,23.93,27.29,21.26,80.99,2056.31,Lua mi,0,0
1997,Vinh Phuc,23.93,27.29,21.26,80.99,2056.31,Lua mua,102.2,33.8
1997,Vinh Phuc,23.93,27.29,21.26,80.99,2056.31,Ngo,60.3,22
1998,Vinh Phuc,24.67,28.41,21.59,79.06,1789.89,Khoai,38.9,7.6
1998,Vinh Phuc,24.67,28.41,21.59,79.06,1789.89,Lua dong xuan,125.5,37.3
1998,Vinh Phuc,24.67,28.41,21.59,79.06,1789.89,Lua mi,0,1.42E-14
1998,Vinh Phuc,24.67,28.41,21.59,79.06,1789.89,Lua mua,137.2,36.8
1998,Vinh Phuc,24.67,28.41,21.59,79.06,1789.89,Ngo,51.5,19.8
1999,Vinh Phuc,23.95,27.53,21.07,80.34,1812.71,Khoai,48.8,7.9
1999,Vinh Phuc,23.95,27.53,21.07,80.34,1812.71,Lua dong xuan,125.7,34.5
1999,Vinh Phuc,23.95,27.53,21.07,80.34,1812.71,Lua mi,0,1.42E-14
1999,Vinh Phuc,23.95,27.53,21.07,80.34,1812.71,Lua mua,148.8,37.3
1999,Vinh Phuc,23.95,27.53,21.07,80.34,1812.71,Ngo,60.2,20.9
2000,Vinh Phuc,23.82,27.22,21,80.38,1905.36,Khoai,45,7.8
2000,Vinh Phuc,23.82,27.22,21,80.38,1905.36,Lua dong xuan,175.9,38
2000,Vinh Phuc,23.82,27.22,21,80.38,1905.36,Lua mi,0,0
2000,Vinh Phuc,23.82,27.22,21,80.38,1905.36,Lua mua,151.1,36.8
2000,Vinh Phuc,23.82,27.22,21,80.38,1905.36,Ngo,54.9,20.1
2001,Vinh Phuc,23.94,27.35,21.14,80.98,1966.07,Khoai,59.8,8
2001,Vinh Phuc,23.94,27.35,21.14,80.98,1966.07,Lua dong xuan,170.6,37.4
2001,Vinh Phuc,23.94,27.35,21.14,80.98,1966.07,Lua mi,5.68E-14,0
2001,Vinh Phuc,23.94,27.35,21.14,80.98,1966.07,Lua mua,127.6,33.2
2001,Vinh Phuc,23.94,27.35,21.14,80.98,1966.07,Ngo,48.4,14.9
2002,Vinh Phuc,24.17,27.64,21.36,81.59,1869.73,Khoai,51.5,6.3
2002,Vinh Phuc,24.17,27.64,21.36,81.59,1869.73,Lua dong xuan,187,37.7
2002,Vinh Phuc,24.17,27.64,21.36,81.59,1869.73,Lua mi,0,-0.1
2002,Vinh Phuc,24.17,27.64,21.36,81.59,1869.73,Lua mua,158,36.2
2002,Vinh Phuc,24.17,27.64,21.36,81.59,1869.73,Ngo,52.8,15.7
2003,Vinh Phuc,24.61,28.52,21.4,79.17,1604.13,Khoai,49.7,6
2003,Vinh Phuc,24.61,28.52,21.4,79.17,1604.13,Lua dong xuan,193,38
2003,Vinh Phuc,24.61,28.52,21.4,79.17,1604.13,Lua mi,0,0
2003,Vinh Phuc,24.61,28.52,21.4,79.17,1604.13,Lua mua,164.6,36.2
2003,Vinh Phuc,24.61,28.52,21.4,79.17,1604.13,Ngo,63.5,18.7
2004,Vinh Phuc,23.75,27.49,20.6,79,1510.85,Khoai,40.9,5.1
2004,Vinh Phuc,23.75,27.49,20.6,79,1510.85,Lua dong xuan,200.8,37.1
2004,Vinh Phuc,23.75,27.49,20.6,79,1510.85,Lua mi,0,-1.42E-14
2004,Vinh Phuc,23.75,27.49,20.6,79,1510.85,Lua mua,163.7,35.8
2004,Vinh Phuc,23.75,27.49,20.6,79,1510.85,Ngo,72.2,18.7
2005,Vinh Phuc,23.77,27.21,20.91,80.3,1733.2,Khoai,34,4.6
2005,Vinh Phuc,23.77,27.21,20.91,80.3,1733.2,Lua dong xuan,188.2,35
2005,Vinh Phuc,23.77,27.21,20.91,80.3,1733.2,Lua mi,0,0
2005,Vinh Phuc,23.77,27.21,20.91,80.3,1733.2,Lua mua,163.2,34.6
2005,Vinh Phuc,23.77,27.21,20.91,80.3,1733.2,Ngo,61.8,16.5
2006,Vinh Phuc,24.27,27.88,21.24,78.95,1622.27,Khoai,35.8,4.3
2006,Vinh Phuc,24.27,27.88,21.24,78.95,1622.27,Lua dong xuan,187.3,34.6
2006,Vinh Phuc,24.27,27.88,21.24,78.95,1622.27,Lua mi,5.68E-14,0
2006,Vinh Phuc,24.27,27.88,21.24,78.95,1622.27,Lua mua,132.6,33.7
2006,Vinh Phuc,24.27,27.88,21.24,78.95,1622.27,Ngo,62.7,16.8
2007,Vinh Phuc,24.13,27.85,20.98,78.81,1663.15,Khoai,28.8,3.7
2007,Vinh Phuc,24.13,27.85,20.98,78.81,1663.15,Lua dong xuan,149.9,35.4
2007,Vinh Phuc,24.13,27.85,20.98,78.81,1663.15,Lua mi,0,11.1
2007,Vinh Phuc,24.13,27.85,20.98,78.81,1663.15,Lua mua,166.3,33.6
2007,Vinh Phuc,24.13,27.85,20.98,78.81,1663.15,Ngo,51.6,15.2
2008,Vinh Phuc,23.32,26.84,20.45,79.85,1951.45,Khoai,27.7,3.2
2008,Vinh Phuc,23.32,26.84,20.45,79.85,1951.45,Lua dong xuan,165.2,29.8
2008,Vinh Phuc,23.32,26.84,20.45,79.85,1951.45,Lua mi,0,-2.6
2008,Vinh Phuc,23.32,26.84,20.45,79.85,1951.45,Lua mua,136.3,28.1
2008,Vinh Phuc,23.32,26.84,20.45,79.85,1951.45,Ngo,73.5,18.5
2009,Vinh Phuc,24.31,28.06,21.26,78.69,1579.41,Khoai,10.5,1.8
2009,Vinh Phuc,24.31,28.06,21.26,78.69,1579.41,Lua dong xuan,176.2,31.4
2009,Vinh Phuc,24.31,28.06,21.26,78.69,1579.41,Lua mi,0,0
2009,Vinh Phuc,24.31,28.06,21.26,78.69,1579.41,Lua mua,147.4,29.1
2009,Vinh Phuc,24.31,28.06,21.26,78.69,1579.41,Ngo,26.4,7.9
2010,Vinh Phuc,24.44,28.18,21.3,78.85,2026.4,Khoai,27.6,3.1
2010,Vinh Phuc,24.44,28.18,21.3,78.85,2026.4,Lua dong xuan,171,30.9
2010,Vinh Phuc,24.44,28.18,21.3,78.85,2026.4,Lua mi,-5.68E-14,0
2010,Vinh Phuc,24.44,28.18,21.3,78.85,2026.4,Lua mua,143.3,28.4
2010,Vinh Phuc,24.44,28.18,21.3,78.85,2026.4,Ngo,74.4,17.8
2011,Vinh Phuc,22.95,26.22,20.15,79.71,1633.05,Khoai,24.1,2.8
2011,Vinh Phuc,22.95,26.22,20.15,79.71,1633.05,Lua dong xuan,184.6,30.8
2011,Vinh Phuc,22.95,26.22,20.15,79.71,1633.05,Lua mi,0,0
2011,Vinh Phuc,22.95,26.22,20.15,79.71,1633.05,Lua mua,151.1,28.5
2011,Vinh Phuc,22.95,26.22,20.15,79.71,1633.05,Ngo,69.8,16.9
2012,Vinh Phuc,23.92,27.22,21.2,81.39,1739.02,Khoai,23.6,2.6
2012,Vinh Phuc,23.92,27.22,21.2,81.39,1739.02,Lua dong xuan,184.5,31.1
2012,Vinh Phuc,23.92,27.22,21.2,81.39,1739.02,Lua mi,0,0
2012,Vinh Phuc,23.92,27.22,21.2,81.39,1739.02,Lua mua,115.3,28.3
2012,Vinh Phuc,23.92,27.22,21.2,81.39,1739.02,Ngo,55.8,13.7
2013,Vinh Phuc,23.91,27.46,21.02,80.99,2000.03,Khoai,24.4,2.5
2013,Vinh Phuc,23.91,27.46,21.02,80.99,2000.03,Lua dong xuan,186.3,30.9
2013,Vinh Phuc,23.91,27.46,21.02,80.99,2000.03,Lua mi,5.68E-14,0
2013,Vinh Phuc,23.91,27.46,21.02,80.99,2000.03,Lua mua,122.1,28.1
2013,Vinh Phuc,23.91,27.46,21.02,80.99,2000.03,Ngo,65.2,15.8
2014,Vinh Phuc,24.03,27.59,21.07,80.63,2015.62,Khoai,27.7,2.7
2014,Vinh Phuc,24.03,27.59,21.07,80.63,2015.62,Lua dong xuan,186,30.8
2014,Vinh Phuc,24.03,27.59,21.07,80.63,2015.62,Lua mi,0,0
2014,Vinh Phuc,24.03,27.59,21.07,80.63,2015.62,Lua mua,145.2,27.8
2014,Vinh Phuc,24.03,27.59,21.07,80.63,2015.62,Ngo,64.4,15.1
2015,Vinh Phuc,24.94,28.53,22.06,79.97,1952.49,Khoai,26.3,2.6
2015,Vinh Phuc,24.94,28.53,22.06,79.97,1952.49,Lua dong xuan,184.1,30.8
2015,Vinh Phuc,24.94,28.53,22.06,79.97,1952.49,Lua mi,0,0
2015,Vinh Phuc,24.94,28.53,22.06,79.97,1952.49,Lua mua,142.3,27.6
2015,Vinh Phuc,24.94,28.53,22.06,79.97,1952.49,Ngo,69.5,16.1
2016,Vinh Phuc,24.57,28.13,21.61,79.39,1821.92,Khoai,21.2,2.2
2016,Vinh Phuc,24.57,28.13,21.61,79.39,1821.92,Lua dong xuan,182.7,31.2
2016,Vinh Phuc,24.57,28.13,21.61,79.39,1821.92,Lua mi,0,0
2016,Vinh Phuc,24.57,28.13,21.61,79.39,1821.92,Lua mua,111.8,27.2
2016,Vinh Phuc,24.57,28.13,21.61,79.39,1821.92,Ngo,66.6,16
2017,Vinh Phuc,24.3,27.59,21.63,80.71,2267.25,Khoai,21.6,2.1
2017,Vinh Phuc,24.3,27.59,21.63,80.71,2267.25,Lua dong xuan,191.1,31.3
2017,Vinh Phuc,24.3,27.59,21.63,80.71,2267.25,Lua mi,0,0
2017,Vinh Phuc,24.3,27.59,21.63,80.71,2267.25,Lua mua,129.2,26.6
2017,Vinh Phuc,24.3,27.59,21.63,80.71,2267.25,Ngo,65.5,15.1
2018,Vinh Phuc,24.42,27.88,21.64,80.78,2093.91,Khoai,23.8,2276
2018,Vinh Phuc,24.42,27.88,21.64,80.78,2093.91,Lua dong xuan,195.5,31
2018,Vinh Phuc,24.42,27.88,21.64,80.78,2093.91,Lua mi,0,0
2018,Vinh Phuc,24.42,27.88,21.64,80.78,2093.91,Lua mua,135.1,25.6
2018,Vinh Phuc,24.42,27.88,21.64,80.78,2093.91,Ngo,64.7,14.3
2019,Vinh Phuc,24.89,28.43,21.99,81.7,1810.3,Khoai,24.8,2216
2019,Vinh Phuc,24.89,28.43,21.99,81.7,1810.3,Lua dong xuan,187.9,30.2
2019,Vinh Phuc,24.89,28.43,21.99,81.7,1810.3,Lua mi,0,0
2019,Vinh Phuc,24.89,28.43,21.99,81.7,1810.3,Lua mua,125.3,23.9
2019,Vinh Phuc,24.89,28.43,21.99,81.7,1810.3,Ngo,52.5,11.2
2020,Vinh Phuc,24.45,27.96,21.65,80.6,2053.43,Khoai,23.8,2063
2020,Vinh Phuc,24.45,27.96,21.65,80.6,2053.43,Lua dong xuan,182.7,29.9
2020,Vinh Phuc,24.45,27.96,21.65,80.6,2053.43,Lua mi,0,0
2020,Vinh Phuc,24.45,27.96,21.65,80.6,2053.43,Lua mua,130.3,24
2020,Vinh Phuc,24.45,27.96,21.65,80.6,2053.43,Ngo,46,9.6
2021,Vinh Phuc,24.6,28.24,21.68,79.22,1703.98,Khoai,21,1779
2021,Vinh Phuc,24.6,28.24,21.68,79.22,1703.98,Lua dong xuan,186.1,29.7
2021,Vinh Phuc,24.6,28.24,21.68,79.22,1703.98,Lua mi,0,-0.1
2021,Vinh Phuc,24.6,28.24,21.68,79.22,1703.98,Lua mua,134.8,24
2021,Vinh Phuc,24.6,28.24,21.68,79.22,1703.98,Ngo,44.3,9.2
2022,Vinh Phuc,24.09,27.61,21.23,80.17,2079.31,Khoai,19.7,1697.1
2022,Vinh Phuc,24.09,27.61,21.23,80.17,2079.31,Lua dong xuan,150.2,29.3
2022,Vinh Phuc,24.09,27.61,21.23,80.17,2079.31,Lua mi,0,0
2022,Vinh Phuc,24.09,27.61,21.23,80.17,2079.31,Lua mua,131.6,23.7
2022,Vinh Phuc,24.09,27.61,21.23,80.17,2079.31,Ngo,43.9,9.6
2023,Vinh Phuc,24.92,28.53,21.95,78.86,1764.81,Khoai,19.7,1644.5
2023,Vinh Phuc,24.92,28.53,21.95,78.86,1764.81,Lua dong xuan,178.3,29
2023,Vinh Phuc,24.92,28.53,21.95,78.86,1764.81,Lua mi,0,0
2023,Vinh Phuc,24.92,28.53,21.95,78.86,1764.81,Lua mua,133.2,23.5
2023,Vinh Phuc,24.92,28.53,21.95,78.86,1764.81,Ngo,42.6,9
2024,Vinh Phuc,24.98,28.44,22.18,80.36,2464.94,Khoai,20.2,1698.9
2024,Vinh Phuc,24.98,28.44,22.18,80.36,2464.94,Lua dong xuan,180.3,28.9
2024,Vinh Phuc,24.98,28.44,22.18,80.36,2464.94,Lua mi,0,0
2024,Vinh Phuc,24.98,28.44,22.18,80.36,2464.94,Lua mua,113.9,23.4
2024,Vinh Phuc,24.98,28.44,22.18,80.36,2464.94,Ngo,42,9
1995,Yen Bai,20.73,24.04,18,83.81,2857.57,Khoai,4.8,1.2
1995,Yen Bai,20.73,24.04,18,83.81,2857.57,Lua dong xuan,51.6,14.2
1995,Yen Bai,20.73,24.04,18,83.81,2857.57,Lua mi,0,0
1995,Yen Bai,20.73,24.04,18,83.81,2857.57,Lua mua,69.1,24.3
1995,Yen Bai,20.73,24.04,18,83.81,2857.57,Ngo,9.4,6.1
1995,Yen Bai,20.73,24.04,18,83.81,2857.57,San,74.2,8.1
1996,Yen Bai,20.62,24.1,17.72,83.2,2959.34,Khoai,6.7,1.2
1996,Yen Bai,20.62,24.1,17.72,83.2,2959.34,Lua dong xuan,55.7,14.4
1996,Yen Bai,20.62,24.1,17.72,83.2,2959.34,Lua mi,0,7.11E-15
1996,Yen Bai,20.62,24.1,17.72,83.2,2959.34,Lua mua,73.9,24.4
1996,Yen Bai,20.62,24.1,17.72,83.2,2959.34,Ngo,10.4,6.3
1996,Yen Bai,20.62,24.1,17.72,83.2,2959.34,San,64.3,6.9
1997,Yen Bai,21.1,24.55,18.31,83.84,3189.1,Khoai,6.4,1.3
1997,Yen Bai,21.1,24.55,18.31,83.84,3189.1,Lua dong xuan,59.8,14.5
1997,Yen Bai,21.1,24.55,18.31,83.84,3189.1,Lua mi,0,-7.11E-15
1997,Yen Bai,21.1,24.55,18.31,83.84,3189.1,Lua mua,68,24.7
1997,Yen Bai,21.1,24.55,18.31,83.84,3189.1,Ngo,13,7.6
1997,Yen Bai,21.1,24.55,18.31,83.84,3189.1,San,87.6,8.2
1998,Yen Bai,21.82,25.55,18.74,81.72,2514.49,Khoai,7.3,1.4
1998,Yen Bai,21.82,25.55,18.74,81.72,2514.49,Lua dong xuan,63.3,14.8
1998,Yen Bai,21.82,25.55,18.74,81.72,2514.49,Lua mi,0,0
1998,Yen Bai,21.82,25.55,18.74,81.72,2514.49,Lua mua,64.5,27.4
1998,Yen Bai,21.82,25.55,18.74,81.72,2514.49,Ngo,14.1,7.8
1998,Yen Bai,21.82,25.55,18.74,81.72,2514.49,San,70,8.2
1999,Yen Bai,21.17,24.6,18.33,83.59,2401.91,Khoai,9.1,1.8
1999,Yen Bai,21.17,24.6,18.33,83.59,2401.91,Lua dong xuan,65.8,14.9
1999,Yen Bai,21.17,24.6,18.33,83.59,2401.91,Lua mi,0,0
1999,Yen Bai,21.17,24.6,18.33,83.59,2401.91,Lua mua,77.9,24.6
1999,Yen Bai,21.17,24.6,18.33,83.59,2401.91,Ngo,17.5,9.2
1999,Yen Bai,21.17,24.6,18.33,83.59,2401.91,San,77.3,8.5
2000,Yen Bai,21.12,24.47,18.29,83.32,2547.73,Khoai,12.5,2.5
2000,Yen Bai,21.12,24.47,18.29,83.32,2547.73,Lua dong xuan,70.8,15.2
2000,Yen Bai,21.12,24.47,18.29,83.32,2547.73,Lua mi,0.1,0.1
2000,Yen Bai,21.12,24.47,18.29,83.32,2547.73,Lua mua,79.7,24.8
2000,Yen Bai,21.12,24.47,18.29,83.32,2547.73,Ngo,19.5,9.9
2000,Yen Bai,21.12,24.47,18.29,83.32,2547.73,San,68.5,8.6
2001,Yen Bai,21.25,24.61,18.41,83.71,2575.95,Khoai,12.7,2.5
2001,Yen Bai,21.25,24.61,18.41,83.71,2575.95,Lua dong xuan,72.8,15.5
2001,Yen Bai,21.25,24.61,18.41,83.71,2575.95,Lua mi,0.1,0.1
2001,Yen Bai,21.25,24.61,18.41,83.71,2575.95,Lua mua,82.8,25
2001,Yen Bai,21.25,24.61,18.41,83.71,2575.95,Ngo,20.6,10.2
2001,Yen Bai,21.25,24.61,18.41,83.71,2575.95,San,76.2,8.5
2002,Yen Bai,21.49,24.94,18.61,83.42,2857.73,Khoai,11.6,2.2
2002,Yen Bai,21.49,24.94,18.61,83.42,2857.73,Lua dong xuan,77.1,16.1
2002,Yen Bai,21.49,24.94,18.61,83.42,2857.73,Lua mi,0.1,0.1
2002,Yen Bai,21.49,24.94,18.61,83.42,2857.73,Lua mua,83.1,24.5
2002,Yen Bai,21.49,24.94,18.61,83.42,2857.73,Ngo,22.7,10.5
2002,Yen Bai,21.49,24.94,18.61,83.42,2857.73,San,118.6,9.6
2003,Yen Bai,21.71,25.42,18.53,82.57,2464.54,Khoai,12.9,2.5
2003,Yen Bai,21.71,25.42,18.53,82.57,2464.54,Lua dong xuan,79.7,16.4
2003,Yen Bai,21.71,25.42,18.53,82.57,2464.54,Lua mi,-2.84E-14,0
2003,Yen Bai,21.71,25.42,18.53,82.57,2464.54,Lua mua,88.2,24.7
2003,Yen Bai,21.71,25.42,18.53,82.57,2464.54,Ngo,26.3,11.5
2003,Yen Bai,21.71,25.42,18.53,82.57,2464.54,San,157.9,10.2
2004,Yen Bai,20.94,24.57,17.85,82.51,2309.77,Khoai,12.3,2.4
2004,Yen Bai,20.94,24.57,17.85,82.51,2309.77,Lua dong xuan,81.4,16.6
2004,Yen Bai,20.94,24.57,17.85,82.51,2309.77,Lua mi,-2.84E-14,0
2004,Yen Bai,20.94,24.57,17.85,82.51,2309.77,Lua mua,90.5,24.8
2004,Yen Bai,20.94,24.57,17.85,82.51,2309.77,Ngo,30.3,13
2004,Yen Bai,20.94,24.57,17.85,82.51,2309.77,San,206.9,11.9
2005,Yen Bai,21.12,24.64,18.15,82.65,2645.56,Khoai,12.7,2.4
2005,Yen Bai,21.12,24.64,18.15,82.65,2645.56,Lua dong xuan,84.5,17
2005,Yen Bai,21.12,24.64,18.15,82.65,2645.56,Lua mi,0,0
2005,Yen Bai,21.12,24.64,18.15,82.65,2645.56,Lua mua,85,24.3
2005,Yen Bai,21.12,24.64,18.15,82.65,2645.56,Ngo,33.4,14.2
2005,Yen Bai,21.12,24.64,18.15,82.65,2645.56,San,227.4,12.7
2006,Yen Bai,21.44,25.02,18.44,82.71,2620.23,Khoai,14.7,2.9
2006,Yen Bai,21.44,25.02,18.44,82.71,2620.23,Lua dong xuan,85.6,17
2006,Yen Bai,21.44,25.02,18.44,82.71,2620.23,Lua mi,0,0
2006,Yen Bai,21.44,25.02,18.44,82.71,2620.23,Lua mua,93.1,24.4
2006,Yen Bai,21.44,25.02,18.44,82.71,2620.23,Ngo,35,14.3
2006,Yen Bai,21.44,25.02,18.44,82.71,2620.23,San,250.6,13.4
2007,Yen Bai,21.33,24.95,18.24,81.58,2659.15,Khoai,15.1,2.9
2007,Yen Bai,21.33,24.95,18.24,81.58,2659.15,Lua dong xuan,82.6,17.1
2007,Yen Bai,21.33,24.95,18.24,81.58,2659.15,Lua mi,0,1.9
2007,Yen Bai,21.33,24.95,18.24,81.58,2659.15,Lua mua,95.6,24.4
2007,Yen Bai,21.33,24.95,18.24,81.58,2659.15,Ngo,39.9,15.8
2007,Yen Bai,21.33,24.95,18.24,81.58,2659.15,San,272.5,14.5
2008,Yen Bai,20.69,24.17,17.81,82.73,3111.45,Khoai,15.1,2.9
2008,Yen Bai,20.69,24.17,17.81,82.73,3111.45,Lua dong xuan,82.1,16.9
2008,Yen Bai,20.69,24.17,17.81,82.73,3111.45,Lua mi,0,-1.6
2008,Yen Bai,20.69,24.17,17.81,82.73,3111.45,Lua mua,88.1,22.7
2008,Yen Bai,20.69,24.17,17.81,82.73,3111.45,Ngo,45.3,17.4
2008,Yen Bai,20.69,24.17,17.81,82.73,3111.45,San,294.5,15.8
2009,Yen Bai,21.55,25.2,18.5,81.6,2323.94,Khoai,14.9,2.9
2009,Yen Bai,21.55,25.2,18.5,81.6,2323.94,Lua dong xuan,88.9,17.3
2009,Yen Bai,21.55,25.2,18.5,81.6,2323.94,Lua mi,0,0
2009,Yen Bai,21.55,25.2,18.5,81.6,2323.94,Lua mua,97.3,23.9
2009,Yen Bai,21.55,25.2,18.5,81.6,2323.94,Ngo,49.4,18.5
2009,Yen Bai,21.55,25.2,18.5,81.6,2323.94,San,246.3,12.8
2010,Yen Bai,21.82,25.55,18.73,80.95,2585.44,Khoai,14.1,2.7
2010,Yen Bai,21.82,25.55,18.73,80.95,2585.44,Lua dong xuan,90.7,17.4
2010,Yen Bai,21.82,25.55,18.73,80.95,2585.44,Lua mi,0,0
2010,Yen Bai,21.82,25.55,18.73,80.95,2585.44,Lua mua,95.4,23.6
2010,Yen Bai,21.82,25.55,18.73,80.95,2585.44,Ngo,64.7,22.6
2010,Yen Bai,21.82,25.55,18.73,80.95,2585.44,San,259.6,13.6
2011,Yen Bai,20.26,23.44,17.56,84.31,2242.6,Khoai,12.7,2.4
2011,Yen Bai,20.26,23.44,17.56,84.31,2242.6,Lua dong xuan,95.2,17.9
2011,Yen Bai,20.26,23.44,17.56,84.31,2242.6,Lua mi,0,0
2011,Yen Bai,20.26,23.44,17.56,84.31,2242.6,Lua mua,99.6,23.3
2011,Yen Bai,20.26,23.44,17.56,84.31,2242.6,Ngo,72.8,24.9
2011,Yen Bai,20.26,23.44,17.56,84.31,2242.6,San,283,15.3
2012,Yen Bai,21.38,24.85,18.56,83.87,2720.13,Khoai,14.8,2.8
2012,Yen Bai,21.38,24.85,18.56,83.87,2720.13,Lua dong xuan,98.4,18.2
2012,Yen Bai,21.38,24.85,18.56,83.87,2720.13,Lua mi,0,0
2012,Yen Bai,21.38,24.85,18.56,83.87,2720.13,Lua mua,99.3,22.2
2012,Yen Bai,21.38,24.85,18.56,83.87,2720.13,Ngo,75.5,24.7
2012,Yen Bai,21.38,24.85,18.56,83.87,2720.13,San,304.1,16.2
2013,Yen Bai,21.24,24.9,18.33,82.95,2780.41,Khoai,15.4,2.8
2013,Yen Bai,21.24,24.9,18.33,82.95,2780.41,Lua dong xuan,100.9,18.7
2013,Yen Bai,21.24,24.9,18.33,82.95,2780.41,Lua mi,0,0
2013,Yen Bai,21.24,24.9,18.33,82.95,2780.41,Lua mua,97.6,21.8
2013,Yen Bai,21.24,24.9,18.33,82.95,2780.41,Ngo,84.5,26.7
2013,Yen Bai,21.24,24.9,18.33,82.95,2780.41,San,325,16.9
2014,Yen Bai,21.43,25.06,18.48,83.53,2757.77,Khoai,15.4,2.8
2014,Yen Bai,21.43,25.06,18.48,83.53,2757.77,Lua dong xuan,101,19
2014,Yen Bai,21.43,25.06,18.48,83.53,2757.77,Lua mi,0,0
2014,Yen Bai,21.43,25.06,18.48,83.53,2757.77,Lua mua,101.4,21.9
2014,Yen Bai,21.43,25.06,18.48,83.53,2757.77,Ngo,83.6,28.5
2014,Yen Bai,21.43,25.06,18.48,83.53,2757.77,San,317,16.5
2015,Yen Bai,22.13,25.75,19.19,82.41,2766.92,Khoai,16.5,3
2015,Yen Bai,22.13,25.75,19.19,82.41,2766.92,Lua dong xuan,105.4,19.4
2015,Yen Bai,22.13,25.75,19.19,82.41,2766.92,Lua mi,0,0
2015,Yen Bai,22.13,25.75,19.19,82.41,2766.92,Lua mua,102.3,21.9
2015,Yen Bai,22.13,25.75,19.19,82.41,2766.92,Ngo,93,28.2
2015,Yen Bai,22.13,25.75,19.19,82.41,2766.92,San,305.8,15.8
2016,Yen Bai,21.88,25.58,18.88,82.16,2417.12,Khoai,16.9,3.1
2016,Yen Bai,21.88,25.58,18.88,82.16,2417.12,Lua dong xuan,107.9,19.8
2016,Yen Bai,21.88,25.58,18.88,82.16,2417.12,Lua mi,0,0
2016,Yen Bai,21.88,25.58,18.88,82.16,2417.12,Lua mua,106.3,23
2016,Yen Bai,21.88,25.58,18.88,82.16,2417.12,Ngo,95.4,28.6
2016,Yen Bai,21.88,25.58,18.88,82.16,2417.12,San,288.8,14.8
2017,Yen Bai,21.55,24.84,18.91,84.24,3103.59,Khoai,17.1,3.1
2017,Yen Bai,21.55,24.84,18.91,84.24,3103.59,Lua dong xuan,107.3,19.6
2017,Yen Bai,21.55,24.84,18.91,84.24,3103.59,Lua mi,0,0
2017,Yen Bai,21.55,24.84,18.91,84.24,3103.59,Lua mua,104.2,22.9
2017,Yen Bai,21.55,24.84,18.91,84.24,3103.59,Ngo,94.5,28.2
2017,Yen Bai,21.55,24.84,18.91,84.24,3103.59,San,246.7,12.7
2018,Yen Bai,21.64,25.08,18.89,83.6,2989.26,Khoai,16.6,3004
2018,Yen Bai,21.64,25.08,18.89,83.6,2989.26,Lua dong xuan,108.4,19.7
2018,Yen Bai,21.64,25.08,18.89,83.6,2989.26,Lua mi,0,0
2018,Yen Bai,21.64,25.08,18.89,83.6,2989.26,Lua mua,101.6,22.4
2018,Yen Bai,21.64,25.08,18.89,83.6,2989.26,Ngo,97.5,28.5
2018,Yen Bai,21.64,25.08,18.89,83.6,2989.26,San,205.4,10.6
2019,Yen Bai,22.22,25.96,19.25,83.24,2757.64,Khoai,17,3040
2019,Yen Bai,22.22,25.96,19.25,83.24,2757.64,Lua dong xuan,108.3,19.6
2019,Yen Bai,22.22,25.96,19.25,83.24,2757.64,Lua mi,0,0
2019,Yen Bai,22.22,25.96,19.25,83.24,2757.64,Lua mua,107.2,23.2
2019,Yen Bai,22.22,25.96,19.25,83.24,2757.64,Ngo,98.7,28.8
2019,Yen Bai,22.22,25.96,19.25,83.24,2757.64,San,187.8,9.8
2020,Yen Bai,21.62,25.2,18.82,83.61,2953.74,Khoai,18.2,3254
2020,Yen Bai,21.62,25.2,18.82,83.61,2953.74,Lua dong xuan,109.2,19.7
2020,Yen Bai,21.62,25.2,18.82,83.61,2953.74,Lua mi,5.68E-14,0
2020,Yen Bai,21.62,25.2,18.82,83.61,2953.74,Lua mua,108.5,23.2
2020,Yen Bai,21.62,25.2,18.82,83.61,2953.74,Ngo,102.1,29.4
2020,Yen Bai,21.62,25.2,18.82,83.61,2953.74,San,171.6,8.7
2021,Yen Bai,21.69,25.3,18.88,83,2560.7,Khoai,17.9,3200
2021,Yen Bai,21.69,25.3,18.88,83,2560.7,Lua dong xuan,109,19.5
2021,Yen Bai,21.69,25.3,18.88,83,2560.7,Lua mi,-5.68E-14,0
2021,Yen Bai,21.69,25.3,18.88,83,2560.7,Lua mua,109.3,23.1
2021,Yen Bai,21.69,25.3,18.88,83,2560.7,Ngo,103.9,29.5
2021,Yen Bai,21.69,25.3,18.88,83,2560.7,San,171.4,8.7
2022,Yen Bai,21.36,24.85,18.61,83.35,2778.64,Khoai,18.3,3202.2
2022,Yen Bai,21.36,24.85,18.61,83.35,2778.64,Lua dong xuan,109.2,19.5
2022,Yen Bai,21.36,24.85,18.61,83.35,2778.64,Lua mi,0.1,0
2022,Yen Bai,21.36,24.85,18.61,83.35,2778.64,Lua mua,110.3,23
2022,Yen Bai,21.36,24.85,18.61,83.35,2778.64,Ngo,104.4,29.2
2022,Yen Bai,21.36,24.85,18.61,83.35,2778.64,San,170.7,8.1
2023,Yen Bai,22.13,25.75,19.17,82.21,2439.89,Khoai,18.3,3183.7
2023,Yen Bai,22.13,25.75,19.17,82.21,2439.89,Lua dong xuan,109.7,19.5
2023,Yen Bai,22.13,25.75,19.17,82.21,2439.89,Lua mi,0,0
2023,Yen Bai,22.13,25.75,19.17,82.21,2439.89,Lua mua,111.2,23.1
2023,Yen Bai,22.13,25.75,19.17,82.21,2439.89,Ngo,105.1,29
2023,Yen Bai,22.13,25.75,19.17,82.21,2439.89,San,160.4,8.1
2024,Yen Bai,22.25,25.76,19.5,83.16,3248.37,Khoai,18.3,3189.7
2024,Yen Bai,22.25,25.76,19.5,83.16,3248.37,Lua dong xuan,109.7,19.4
2024,Yen Bai,22.25,25.76,19.5,83.16,3248.37,Lua mi,0,-0.1
2024,Yen Bai,22.25,25.76,19.5,83.16,3248.37,Lua mua,98.2,23
2024,Yen Bai,22.25,25.76,19.5,83.16,3248.37,Ngo,102.8,28.8
2024,Yen Bai,22.25,25.76,19.5,83.16,3248.37,San,157.7,8
